debug -- ::1 -- 2025-11-07T14:55:48+00:00 -- Initialize Hybridauth\Provider\Facebook, config: 
Array
(
    [enabled] => 1
    [keys] => Array
        (
            [id] => 802906159218058
            [secret] => 4c9f47f9144bd613f8059078363d8f02
        )

    [scope] => email, public_profile
    [debug_mode] => 1
    [debug_file] => C:\laragon\scooby-doo\UnFixed/hybridauth.log
    [callback] => http://localhost:3000/callback.php
)

info -- ::1 -- 2025-11-07T14:55:48+00:00 -- Hybridauth\Provider\Facebook::authenticate()
debug -- ::1 -- 2025-11-07T14:55:48+00:00 -- Hybridauth\Provider\Facebook::authenticateBegin(), redirecting user to:
Array
(
    [0] => https://www.facebook.com/dialog/oauth?response_type=code&client_id=802906159218058&redirect_uri=http%3A%2F%2Flocalhost%3A3000%2Fcallback.php&scope=email%2C+public_profile&state=HA-8UZKFV0GBWSQOP1MYJ32XNTH7A49ERC5I6DL
)

debug -- ::1 -- 2025-11-07T14:55:54+00:00 -- Initialize Hybridauth\Provider\Google, config: 
Array
(
    [enabled] => 1
    [keys] => Array
        (
            [id] => 523070165573-vragqgmqssr2uos6lffbugjnstj2720a.apps.googleusercontent.com
            [secret] => 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
        )

    [scope] => openid profile email https://www.googleapis.com/auth/userinfo.email https://www.googleapis.com/auth/userinfo.profile
    [debug_mode] => 1
    [debug_file] => C:\laragon\scooby-doo\UnFixed/hybridauth.log
    [callback] => http://localhost:3000/callback.php
)

info -- ::1 -- 2025-11-07T14:55:54+00:00 -- Hybridauth\Provider\Google::authenticate()
debug -- ::1 -- 2025-11-07T14:55:54+00:00 -- Hybridauth\Provider\Google::authenticateFinish(), callback url:
Array
(
    [0] => http://localhost:3000/callback.php?code=AQAmOJqPogNHZmcKPmumoyVMVXVxEvBwS1G0Syul7HX0OsdFrZ2BXOx70e6V_rY0metn81fVl6Io9VODt7RNd6D7yMSxMNVdHIs23t6zQsOuyZ7lW_lDqBsgSIfemnKqJ-QegTy-pQ7JzJKd3MEaDGJcZkuLY0AFnXKgM21hgZRWim1hXD-Xtb2pWwUyZtcsQH0CPFDGxxQi3fBea1ht-2zKJCPY9WKJ8ISqd7MWJ5fA9J_tAL_kAaTVu6dqzxOVs0mkF1-cHSRIOitu7_ryQdkULOUHm5kiPXpduG_6cEDaUn_eR5_0J6WjkP6B_SoUQevo4c0yLUOXl4VvjoK-nghiwN1Y95iADZjrfJNd5xLyunMJcGSgo-xDp8NozKsr_VEgqZu0ozhauRSWg4efh-vWqoOo6rYxNeo4KYJ_EEXaBx79ng2I4NOH4O2PNhKd-p8&state=HA-8UZKFV0GBWSQOP1MYJ32XNTH7A49ERC5I6DL
)

debug -- ::1 -- 2025-11-07T14:57:53+00:00 -- Initialize Hybridauth\Provider\Google, config: 
Array
(
    [enabled] => 1
    [keys] => Array
        (
            [id] => 523070165573-vragqgmqssr2uos6lffbugjnstj2720a.apps.googleusercontent.com
            [secret] => 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
        )

    [scope] => openid profile email https://www.googleapis.com/auth/userinfo.email https://www.googleapis.com/auth/userinfo.profile
    [debug_mode] => 1
    [debug_file] => C:\laragon\scooby-doo\UnFixed/hybridauth.log
    [callback] => http://localhost:3000/callback.php
)

info -- ::1 -- 2025-11-07T14:57:53+00:00 -- Hybridauth\Provider\Google::authenticate()
debug -- ::1 -- 2025-11-07T14:57:53+00:00 -- Hybridauth\Provider\Google::authenticateFinish(), callback url:
Array
(
    [0] => http://localhost:3000/callback.php?state=HA-HA3SV0M8Q619GDO7PTXNRC2JLUIKZEFWB4Y5&code=4%2F0Ab32j92vNilTaLv75ZhBkcrsBZOdKRrGXfQIS2jAT7JQMldyFhNU2H_nCweupwp_ZI4HBw&scope=email+profile+https%3A%2F%2Fwww.googleapis.com%2Fauth%2Fuserinfo.profile+https%3A%2F%2Fwww.googleapis.com%2Fauth%2Fuserinfo.email+openid&authuser=0&prompt=consent
)

debug -- ::1 -- 2025-11-07T14:58:01+00:00 -- Initialize Hybridauth\Provider\Google, config: 
Array
(
    [enabled] => 1
    [keys] => Array
        (
            [id] => 523070165573-vragqgmqssr2uos6lffbugjnstj2720a.apps.googleusercontent.com
            [secret] => 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
        )

    [scope] => openid profile email https://www.googleapis.com/auth/userinfo.email https://www.googleapis.com/auth/userinfo.profile
    [debug_mode] => 1
    [debug_file] => C:\laragon\scooby-doo\UnFixed/hybridauth.log
    [callback] => http://localhost:3000/callback.php
)

info -- ::1 -- 2025-11-07T14:58:01+00:00 -- Hybridauth\Provider\Google::authenticate()
debug -- ::1 -- 2025-11-07T14:58:01+00:00 -- Hybridauth\Provider\Google::authenticateBegin(), redirecting user to:
Array
(
    [0] => https://accounts.google.com/o/oauth2/v2/auth?response_type=code&client_id=523070165573-vragqgmqssr2uos6lffbugjnstj2720a.apps.googleusercontent.com&redirect_uri=http%3A%2F%2Flocalhost%3A3000%2Fcallback.php&scope=openid+profile+email+https%3A%2F%2Fwww.googleapis.com%2Fauth%2Fuserinfo.email+https%3A%2F%2Fwww.googleapis.com%2Fauth%2Fuserinfo.profile&access_type=offline&prompt=consent&state=HA-40PHLMATFODZBG8IYWXSKJ69V5Q3NR2C1UE7
)

debug -- ::1 -- 2025-11-07T14:58:09+00:00 -- Initialize Hybridauth\Provider\Google, config: 
Array
(
    [enabled] => 1
    [keys] => Array
        (
            [id] => 523070165573-vragqgmqssr2uos6lffbugjnstj2720a.apps.googleusercontent.com
            [secret] => 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
        )

    [scope] => openid profile email https://www.googleapis.com/auth/userinfo.email https://www.googleapis.com/auth/userinfo.profile
    [debug_mode] => 1
    [debug_file] => C:\laragon\scooby-doo\UnFixed/hybridauth.log
    [callback] => http://localhost:3000/callback.php
)

info -- ::1 -- 2025-11-07T14:58:09+00:00 -- Hybridauth\Provider\Google::authenticate()
debug -- ::1 -- 2025-11-07T14:58:09+00:00 -- Hybridauth\Provider\Google::authenticateFinish(), callback url:
Array
(
    [0] => http://localhost:3000/callback.php?state=HA-40PHLMATFODZBG8IYWXSKJ69V5Q3NR2C1UE7&code=4%2F0Ab32j93NayR6TVvdMg8l8XAuwVf5FkoBeoP7pim0Hn93nmFSGPT6_0hFHXNo2zZ9tmcWtA&scope=email+profile+https%3A%2F%2Fwww.googleapis.com%2Fauth%2Fuserinfo.profile+https%3A%2F%2Fwww.googleapis.com%2Fauth%2Fuserinfo.email+openid&authuser=0&prompt=consent
)

debug -- ::1 -- 2025-11-07T14:58:10+00:00 -- Hybridauth\HttpClient\Curl::request( https://oauth2.googleapis.com/token, POST ), response:
Array
(
    [request] => Array
        (
            [uri] => https://oauth2.googleapis.com/token
            [method] => POST
            [parameters] => Array
                (
                    [client_id] => 523070165573-vragqgmqssr2uos6lffbugjnstj2720a.apps.googleusercontent.com
                    [client_secret] => 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
                    [grant_type] => authorization_code
                    [redirect_uri] => http://localhost:3000/callback.php
                    [code] => 4/0Ab32j93NayR6TVvdMg8l8XAuwVf5FkoBeoP7pim0Hn93nmFSGPT6_0hFHXNo2zZ9tmcWtA
                )

            [headers] => Array
                (
                    [Accept] => */*
                    [Cache-Control] => max-age=0
                    [Connection] => keep-alive
                    [Expect] => 
                    [Pragma] => 
                )

        )

    [response] => Array
        (
            [code] => 200
            [headers] => Array
                (
                    [cache_control] => no-cache, no-store, max-age=0, must-revalidate
                    [date] => Fri, 07 Nov 2025 14:58:10 GMT
                    [expires] => Mon, 01 Jan 1990 00:00:00 GMT
                    [pragma] => no-cache
                    [content_type] => application/json; charset=utf-8
                    [vary] => Origin,Accept-Encoding
                    [server] => scaffolding on HTTPServer2
                    [x_xss_protection] => 0
                    [x_frame_options] => SAMEORIGIN
                    [x_content_type_options] => nosniff
                    [alt_svc] => h3=":443"; ma=2592000,h3-29=":443"; ma=2592000
                    [accept_ranges] => none
                )

            [body] => {
  "access_token": "ya29.a0ATi6K2vKUgDY-epdPH4Lz_BUHqqgLU9DEEj0m3F3f4lwh4JPC8dA8K1MyRu79zO1w4nIAw65-FIltJTafF4HIQ1IpSE5UVu-n6Dl73TqtwRPuwLnNqqbYKa1cx-dmxkGvkH8wQsUAM6kS0Quh_3NO33D68onoiQaa0nMAhB3mvaZDniyNdp4xe2lxilxJng-7WmV4xUaCgYKAWQSARQSFQHGX2MicFFB--FEx_G3-13AlPYSjA0206",
  "expires_in": 3599,
  "refresh_token": "1//0gsnIuf2Z_GMVCgYIARAAGBASNwF-L9IrTFrkjEhqD0F_dUFNAegT7dOjvpRRgCcvhY6EW3q2yvYnwdG4yw8hntg0lQV28WCnens",
  "scope": "https://www.googleapis.com/auth/userinfo.email https://www.googleapis.com/auth/userinfo.profile openid",
  "token_type": "Bearer",
  "id_token": "eyJhbGciOiJSUzI1NiIsImtpZCI6ImI1ZTQ0MGFlOTQxZTk5ODFlZTJmYTEzNzZkNDJjNDZkNzMxZGVlM2YiLCJ0eXAiOiJKV1QifQ.eyJpc3MiOiJodHRwczovL2FjY291bnRzLmdvb2dsZS5jb20iLCJhenAiOiI1MjMwNzAxNjU1NzMtdnJhZ3FnbXFzc3IydW9zNmxmZmJ1Z2puc3RqMjcyMGEuYXBwcy5nb29nbGV1c2VyY29udGVudC5jb20iLCJhdWQiOiI1MjMwNzAxNjU1NzMtdnJhZ3FnbXFzc3IydW9zNmxmZmJ1Z2puc3RqMjcyMGEuYXBwcy5nb29nbGV1c2VyY29udGVudC5jb20iLCJzdWIiOiIxMDYxMjI1OTM0ODUyMDA4MjI5ODciLCJlbWFpbCI6ImpmZXJ4aWljQGdtYWlsLmNvbSIsImVtYWlsX3ZlcmlmaWVkIjp0cnVlLCJhdF9oYXNoIjoiSGJQcmVRenMtQVhXYlRKdzJnSDdLQSIsIm5hbWUiOiJKIEZlcnhpaWMiLCJwaWN0dXJlIjoiaHR0cHM6Ly9saDMuZ29vZ2xldXNlcmNvbnRlbnQuY29tL2EvQUNnOG9jSWo2bmVaQUxIM21OMVd2V2tmNFNqUVRvOHBGVVV2LW5xcjNrWmRRTjBlTlM4SHhSYz1zOTYtYyIsImdpdmVuX25hbWUiOiJKIiwiZmFtaWx5X25hbWUiOiJGZXJ4aWljIiwiaWF0IjoxNzYyNTI3NDkwLCJleHAiOjE3NjI1MzEwOTB9.MPIqW64gbtXE06VJRqIurfiy7TpNmrUbK0b0MrHKAcvBOTDDVksxUMy6ERLZiwr8sj-crU53kVEjrl8LzolYWR8GP0l7ntfvuVzyN_gen6Md693U9MpuaHWZvaNiH0H4lKuTnMckYfr7Jv2NcZleafxE1idRewkbcHOoDFSy3La8au_9GSaUoFuFQXejNNok3yi8bo_nIaQkfQ0oENqK32MvaIdVgCZWreqLsmLtMmJPCzalXy-jDkX4mOnR3wM0VN0nRfgruA4XULec76c8csjw7MGAI40ST5CYPeNaA3rm12gWjqM0FQbjd55ieKYZ0gfJTF7YuKRBnRUzE88wSw"
}
        )

    [client] => Array
        (
            [error] => 
            [info] => Array
                (
                    [url] => https://oauth2.googleapis.com/token
                    [content_type] => application/json; charset=utf-8
                    [http_code] => 200
                    [header_size] => 478
                    [request_size] => 313
                    [filetime] => -1
                    [ssl_verify_result] => 0
                    [redirect_count] => 0
                    [total_time] => 0.762117
                    [namelookup_time] => 0.158442
                    [connect_time] => 0.53006
                    [pretransfer_time] => 0.568824
                    [size_upload] => 301
                    [size_download] => 1724
                    [speed_download] => 2262
                    [speed_upload] => 394
                    [download_content_length] => -1
                    [upload_content_length] => 301
                    [starttransfer_time] => 0.568837
                    [redirect_time] => 0
                    [redirect_url] => 
                    [primary_ip] => 74.125.200.95
                    [certinfo] => Array
                        (
                        )

                    [primary_port] => 443
                    [local_ip] => 192.168.100.16
                    [local_port] => 27071
                    [http_version] => 3
                    [protocol] => 2
                    [ssl_verifyresult] => 0
                    [scheme] => HTTPS
                    [appconnect_time_us] => 568599
                    [connect_time_us] => 530060
                    [namelookup_time_us] => 158442
                    [pretransfer_time_us] => 568824
                    [redirect_time_us] => 0
                    [starttransfer_time_us] => 568837
                    [total_time_us] => 762117
                    [request_header] => POST /token HTTP/2
Host: oauth2.googleapis.com
user-agent: Hybridauth, PHP Social Authentication Library (https://github.com/hybridauth/hybridauth)
accept-encoding: identity
accept: */*
cache-control: max-age=0
connection: keep-alive
content-length: 301
content-type: application/x-www-form-urlencoded


                )

            [opts] => Array
                (
                    [13] => 30
                    [78] => 30
                    [64] => 
                    [81] => 
                    [19913] => 1
                    [52] => 1
                    [68] => 5
                    [2] => 1
                    [10102] => identity
                    [10018] => Hybridauth, PHP Social Authentication Library (https://github.com/hybridauth/hybridauth)
                    [47] => 1
                    [10015] => client_id=523070165573-vragqgmqssr2uos6lffbugjnstj2720a.apps.googleusercontent.com&client_secret=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&grant_type=authorization_code&redirect_uri=http%3A%2F%2Flocalhost%3A3000%2Fcallback.php&code=4%2F0Ab32j93NayR6TVvdMg8l8XAuwVf5FkoBeoP7pim0Hn93nmFSGPT6_0hFHXNo2zZ9tmcWtA
                    [10002] => https://oauth2.googleapis.com/token
                    [10023] => Array
                        (
                            [0] => Accept: */*
                            [1] => Cache-Control: max-age=0
                            [2] => Connection: keep-alive
                            [3] => Expect: 
                            [4] => Pragma: 
                        )

                    [20079] => *omitted
                )

        )

)

debug -- ::1 -- 2025-11-07T14:58:11+00:00 -- Hybridauth\HttpClient\Curl::request( https://www.googleapis.com/oauth2/v3/userinfo?, GET ), response:
Array
(
    [request] => Array
        (
            [uri] => https://www.googleapis.com/oauth2/v3/userinfo
            [method] => GET
            [parameters] => Array
                (
                )

            [headers] => Array
                (
                    [Accept] => */*
                    [Cache-Control] => max-age=0
                    [Connection] => keep-alive
                    [Expect] => 
                    [Pragma] => 
                    [Authorization] => Bearer ya29.a0ATi6K2vKUgDY-epdPH4Lz_BUHqqgLU9DEEj0m3F3f4lwh4JPC8dA8K1MyRu79zO1w4nIAw65-FIltJTafF4HIQ1IpSE5UVu-n6Dl73TqtwRPuwLnNqqbYKa1cx-dmxkGvkH8wQsUAM6kS0Quh_3NO33D68onoiQaa0nMAhB3mvaZDniyNdp4xe2lxilxJng-7WmV4xUaCgYKAWQSARQSFQHGX2MicFFB--FEx_G3-13AlPYSjA0206
                )

        )

    [response] => Array
        (
            [code] => 200
            [headers] => Array
                (
                    [cache_control] => no-cache, no-store, max-age=0, must-revalidate
                    [date] => Fri, 07 Nov 2025 14:58:10 GMT
                    [expires] => Mon, 01 Jan 1990 00:00:00 GMT
                    [pragma] => no-cache
                    [content_type] => application/json; charset=utf-8
                    [vary] => Origin,Accept-Encoding
                    [server] => ESF
                    [x_xss_protection] => 0
                    [x_frame_options] => SAMEORIGIN
                    [x_content_type_options] => nosniff
                    [alt_svc] => h3=":443"; ma=2592000,h3-29=":443"; ma=2592000
                    [accept_ranges] => none
                )

            [body] => {
  "sub": "106122593485200822987",
  "name": "J Ferxiic",
  "given_name": "J",
  "family_name": "Ferxiic",
  "picture": "https://lh3.googleusercontent.com/a/ACg8ocIj6neZALH3mN1WvWkf4SjQTo8pFUUv-nqr3kZdQN0eNS8HxRc\u003ds96-c",
  "email": "jferxiic@gmail.com",
  "email_verified": true
}
        )

    [client] => Array
        (
            [error] => 
            [info] => Array
                (
                    [url] => https://www.googleapis.com/oauth2/v3/userinfo
                    [content_type] => application/json; charset=utf-8
                    [http_code] => 200
                    [header_size] => 455
                    [request_size] => 530
                    [filetime] => -1
                    [ssl_verify_result] => 0
                    [redirect_count] => 0
                    [total_time] => 0.43689
                    [namelookup_time] => 0.065977
                    [connect_time] => 0.206408
                    [pretransfer_time] => 0.326634
                    [size_upload] => 0
                    [size_download] => 286
                    [speed_download] => 654
                    [speed_upload] => 0
                    [download_content_length] => -1
                    [upload_content_length] => 0
                    [starttransfer_time] => 0.436712
                    [redirect_time] => 0
                    [redirect_url] => 
                    [primary_ip] => 172.253.118.95
                    [certinfo] => Array
                        (
                        )

                    [primary_port] => 443
                    [local_ip] => 192.168.100.16
                    [local_port] => 27075
                    [http_version] => 3
                    [protocol] => 2
                    [ssl_verifyresult] => 0
                    [scheme] => HTTPS
                    [appconnect_time_us] => 326399
                    [connect_time_us] => 206408
                    [namelookup_time_us] => 65977
                    [pretransfer_time_us] => 326634
                    [redirect_time_us] => 0
                    [starttransfer_time_us] => 436712
                    [total_time_us] => 436890
                    [request_header] => GET /oauth2/v3/userinfo? HTTP/2
Host: www.googleapis.com
user-agent: Hybridauth, PHP Social Authentication Library (https://github.com/hybridauth/hybridauth)
accept-encoding: identity
accept: */*
cache-control: max-age=0
connection: keep-alive
authorization: Bearer ya29.a0ATi6K2vKUgDY-epdPH4Lz_BUHqqgLU9DEEj0m3F3f4lwh4JPC8dA8K1MyRu79zO1w4nIAw65-FIltJTafF4HIQ1IpSE5UVu-n6Dl73TqtwRPuwLnNqqbYKa1cx-dmxkGvkH8wQsUAM6kS0Quh_3NO33D68onoiQaa0nMAhB3mvaZDniyNdp4xe2lxilxJng-7WmV4xUaCgYKAWQSARQSFQHGX2MicFFB--FEx_G3-13AlPYSjA0206


                )

            [opts] => Array
                (
                    [13] => 30
                    [78] => 30
                    [64] => 
                    [81] => 
                    [19913] => 1
                    [52] => 1
                    [68] => 5
                    [2] => 1
                    [10102] => identity
                    [10018] => Hybridauth, PHP Social Authentication Library (https://github.com/hybridauth/hybridauth)
                    [10002] => https://www.googleapis.com/oauth2/v3/userinfo?
                    [10023] => Array
                        (
                            [0] => Accept: */*
                            [1] => Cache-Control: max-age=0
                            [2] => Connection: keep-alive
                            [3] => Expect: 
                            [4] => Pragma: 
                            [5] => Authorization: Bearer ya29.a0ATi6K2vKUgDY-epdPH4Lz_BUHqqgLU9DEEj0m3F3f4lwh4JPC8dA8K1MyRu79zO1w4nIAw65-FIltJTafF4HIQ1IpSE5UVu-n6Dl73TqtwRPuwLnNqqbYKa1cx-dmxkGvkH8wQsUAM6kS0Quh_3NO33D68onoiQaa0nMAhB3mvaZDniyNdp4xe2lxilxJng-7WmV4xUaCgYKAWQSARQSFQHGX2MicFFB--FEx_G3-13AlPYSjA0206
                        )

                    [20079] => *omitted
                )

        )

)

debug -- ::1 -- 2025-11-07T14:58:17+00:00 -- Initialize Hybridauth\Provider\Facebook, config: 
Array
(
    [enabled] => 1
    [keys] => Array
        (
            [id] => 802906159218058
            [secret] => 4c9f47f9144bd613f8059078363d8f02
        )

    [scope] => email, public_profile
    [debug_mode] => 1
    [debug_file] => C:\laragon\scooby-doo\UnFixed/hybridauth.log
    [callback] => http://localhost:3000/callback.php
)

info -- ::1 -- 2025-11-07T14:58:17+00:00 -- Hybridauth\Provider\Facebook::authenticate()
debug -- ::1 -- 2025-11-07T14:58:17+00:00 -- Hybridauth\Provider\Facebook::authenticateBegin(), redirecting user to:
Array
(
    [0] => https://www.facebook.com/dialog/oauth?response_type=code&client_id=802906159218058&redirect_uri=http%3A%2F%2Flocalhost%3A3000%2Fcallback.php&scope=email%2C+public_profile&state=HA-K87PHI6FBU9OAC1LNMER3J504GDTX2QYWZVS
)

debug -- ::1 -- 2025-11-07T14:58:23+00:00 -- Initialize Hybridauth\Provider\Google, config: 
Array
(
    [enabled] => 1
    [keys] => Array
        (
            [id] => 523070165573-vragqgmqssr2uos6lffbugjnstj2720a.apps.googleusercontent.com
            [secret] => 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
        )

    [scope] => openid profile email https://www.googleapis.com/auth/userinfo.email https://www.googleapis.com/auth/userinfo.profile
    [debug_mode] => 1
    [debug_file] => C:\laragon\scooby-doo\UnFixed/hybridauth.log
    [callback] => http://localhost:3000/callback.php
)

info -- ::1 -- 2025-11-07T14:58:23+00:00 -- Hybridauth\Provider\Google::authenticate()
debug -- ::1 -- 2025-11-07T14:58:23+00:00 -- Hybridauth\Provider\Google::authenticateFinish(), callback url:
Array
(
    [0] => http://localhost:3000/callback.php?code=AQC-_jn5DVealu31luudcSV7tne2tWk4BydGDPErt8n2dJGP8bbnUKhKj3eTiCw4idd9cf3PMN2QQw0nZJuPimNT_BMTOY9gvmeurkeUZdmZeK30TqM9E9ox5tNat579lX6RplZe_nboIGxRrH7xr1HHvArwn1J25Yyl3QrQ4XeBImcn6sLluySKJatvtmP1lF5eUnlQcbVktathVIR1clQwisiNt4zwa2aaFNqTBSTgJq0fBn2mC-SJhJdpvA3SsikJYx9ai3GM8RbC4tQ2BoYrHdxl9eA6gkeDl5-JC4sh9ckOCb2q5LQGhdOPWtNsYB7-JwSBgCmNb1ntkGuspXZkF_ofTBjZl3SbDiwRV1KGQAsEpDE7xVTSDmr_FaWzVUkFq3kZaXx6HfmxZVuh1aY5ZNuG6rSt5Oht0HGoCj3VlEcjWG7mrOqaoiTPauTT9X4&state=HA-K87PHI6FBU9OAC1LNMER3J504GDTX2QYWZVS
)

debug -- ::1 -- 2025-11-08T11:53:57+00:00 -- Initialize Hybridauth\Provider\Google, config: 
Array
(
    [enabled] => 1
    [keys] => Array
        (
            [id] => 523070165573-vragqgmqssr2uos6lffbugjnstj2720a.apps.googleusercontent.com
            [secret] => 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
        )

    [scope] => openid profile email https://www.googleapis.com/auth/userinfo.email https://www.googleapis.com/auth/userinfo.profile
    [debug_mode] => 1
    [debug_file] => C:\laragon\scooby-doo\UnFixed/hybridauth.log
    [callback] => http://localhost:3000/callback.php
)

info -- ::1 -- 2025-11-08T11:53:57+00:00 -- Hybridauth\Provider\Google::authenticate()
debug -- ::1 -- 2025-11-08T11:53:57+00:00 -- Hybridauth\Provider\Google::authenticateBegin(), redirecting user to:
Array
(
    [0] => https://accounts.google.com/o/oauth2/v2/auth?response_type=code&client_id=523070165573-vragqgmqssr2uos6lffbugjnstj2720a.apps.googleusercontent.com&redirect_uri=http%3A%2F%2Flocalhost%3A3000%2Fcallback.php&scope=openid+profile+email+https%3A%2F%2Fwww.googleapis.com%2Fauth%2Fuserinfo.email+https%3A%2F%2Fwww.googleapis.com%2Fauth%2Fuserinfo.profile&access_type=offline&prompt=consent&state=HA-4FHYA7DUSKZRBT91XQPE6N5CJGW8I02LVMO3
)

debug -- ::1 -- 2025-11-08T11:54:02+00:00 -- Initialize Hybridauth\Provider\Google, config: 
Array
(
    [enabled] => 1
    [keys] => Array
        (
            [id] => 523070165573-vragqgmqssr2uos6lffbugjnstj2720a.apps.googleusercontent.com
            [secret] => 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
        )

    [scope] => openid profile email https://www.googleapis.com/auth/userinfo.email https://www.googleapis.com/auth/userinfo.profile
    [debug_mode] => 1
    [debug_file] => C:\laragon\scooby-doo\UnFixed/hybridauth.log
    [callback] => http://localhost:3000/callback.php
)

info -- ::1 -- 2025-11-08T11:54:02+00:00 -- Hybridauth\Provider\Google::authenticate()
debug -- ::1 -- 2025-11-08T11:54:02+00:00 -- Hybridauth\Provider\Google::authenticateFinish(), callback url:
Array
(
    [0] => http://localhost:3000/callback.php?state=HA-4FHYA7DUSKZRBT91XQPE6N5CJGW8I02LVMO3&code=4%2F0Ab32j92uXmJ7RCLIOOSmodllzA2Fxlrg2imq6n8VhucNi1UP_a1HG9-rwKQL0lFTGg_HPw&scope=email+profile+https%3A%2F%2Fwww.googleapis.com%2Fauth%2Fuserinfo.profile+https%3A%2F%2Fwww.googleapis.com%2Fauth%2Fuserinfo.email+openid&authuser=0&prompt=consent
)

debug -- ::1 -- 2025-11-08T11:54:02+00:00 -- Hybridauth\HttpClient\Curl::request( https://oauth2.googleapis.com/token, POST ), response:
Array
(
    [request] => Array
        (
            [uri] => https://oauth2.googleapis.com/token
            [method] => POST
            [parameters] => Array
                (
                    [client_id] => 523070165573-vragqgmqssr2uos6lffbugjnstj2720a.apps.googleusercontent.com
                    [client_secret] => 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
                    [grant_type] => authorization_code
                    [redirect_uri] => http://localhost:3000/callback.php
                    [code] => 4/0Ab32j92uXmJ7RCLIOOSmodllzA2Fxlrg2imq6n8VhucNi1UP_a1HG9-rwKQL0lFTGg_HPw
                )

            [headers] => Array
                (
                    [Accept] => */*
                    [Cache-Control] => max-age=0
                    [Connection] => keep-alive
                    [Expect] => 
                    [Pragma] => 
                )

        )

    [response] => Array
        (
            [code] => 200
            [headers] => Array
                (
                    [cache_control] => no-cache, no-store, max-age=0, must-revalidate
                    [expires] => Mon, 01 Jan 1990 00:00:00 GMT
                    [date] => Sat, 08 Nov 2025 11:54:02 GMT
                    [pragma] => no-cache
                    [content_type] => application/json; charset=utf-8
                    [vary] => Origin,Accept-Encoding
                    [server] => scaffolding on HTTPServer2
                    [x_xss_protection] => 0
                    [x_frame_options] => SAMEORIGIN
                    [x_content_type_options] => nosniff
                    [alt_svc] => h3=":443"; ma=2592000,h3-29=":443"; ma=2592000
                    [accept_ranges] => none
                )

            [body] => {
  "access_token": "ya29.a0ATi6K2sUpfWrqPdZJC8qGuwFcAM5kGUXFexhuPnTQwb-bBzzDgE9J9iyf5FXEBF4tWX0GkXPbg08gGJvTF9lQlmomfI40DznYN5shg_NZGf2L4oIPQyk10wdWFAmNfncxGKcpWuqTUhhY-kLQaW256wsmAQ43GuBXmpXrsNG67L3TzwDfWNGD04_j89E_JT4oG7gHs0aCgYKAU0SARQSFQHGX2Mi4Vjq03UL3NijZ3bfPyM8Eg0206",
  "expires_in": 3599,
  "refresh_token": "1//0gUiUcKlGfGoxCgYIARAAGBASNwF-L9IrBqHM18ndTaXXiq_0FKUYOwCuWkoVOz_ivCC72KIC7e7wXVWvEDNrr9NQ6Iy6Gdp6OVw",
  "scope": "https://www.googleapis.com/auth/userinfo.email https://www.googleapis.com/auth/userinfo.profile openid",
  "token_type": "Bearer",
  "id_token": "eyJhbGciOiJSUzI1NiIsImtpZCI6ImI1ZTQ0MGFlOTQxZTk5ODFlZTJmYTEzNzZkNDJjNDZkNzMxZGVlM2YiLCJ0eXAiOiJKV1QifQ.eyJpc3MiOiJodHRwczovL2FjY291bnRzLmdvb2dsZS5jb20iLCJhenAiOiI1MjMwNzAxNjU1NzMtdnJhZ3FnbXFzc3IydW9zNmxmZmJ1Z2puc3RqMjcyMGEuYXBwcy5nb29nbGV1c2VyY29udGVudC5jb20iLCJhdWQiOiI1MjMwNzAxNjU1NzMtdnJhZ3FnbXFzc3IydW9zNmxmZmJ1Z2puc3RqMjcyMGEuYXBwcy5nb29nbGV1c2VyY29udGVudC5jb20iLCJzdWIiOiIxMDYxMjI1OTM0ODUyMDA4MjI5ODciLCJlbWFpbCI6ImpmZXJ4aWljQGdtYWlsLmNvbSIsImVtYWlsX3ZlcmlmaWVkIjp0cnVlLCJhdF9oYXNoIjoiSE5pajQ5dmkwaUtTMXV6NHc0TC1KdyIsIm5hbWUiOiJKIEZlcnhpaWMiLCJwaWN0dXJlIjoiaHR0cHM6Ly9saDMuZ29vZ2xldXNlcmNvbnRlbnQuY29tL2EvQUNnOG9jSWo2bmVaQUxIM21OMVd2V2tmNFNqUVRvOHBGVVV2LW5xcjNrWmRRTjBlTlM4SHhSYz1zOTYtYyIsImdpdmVuX25hbWUiOiJKIiwiZmFtaWx5X25hbWUiOiJGZXJ4aWljIiwiaWF0IjoxNzYyNjAyODQyLCJleHAiOjE3NjI2MDY0NDJ9.MKHP4x9-5S62EVh4CR837dJOcunMcfDmhaLQVx6XoD87yXvR06pNfO47S3vMo3DR4nIMwj6AI_aa3DAsZTAaxVaYygh38GJDhFEzfh2sk9NYAZYPEk896X5V7SqtrDQnWhYMlsn29lUEOUIjTurLry7TWXPacXbG51wZn57mm8CJebl7nxnDm1pcJaL8bhblu-dDbL-zaUxkNJAqDnradiMcoiK6ZlGRsn7iMkz0oaSBWwpviPBEHT-zfuVNDKCDsMrap8WiIo1sCiTFAnNbQnnmh_aGr_tVCPBWBlxnGt3ZiOkPOtlWlDC--SIjDt3Z3T1Ar6yyqkvx9zhBVVH-KQ"
}
        )

    [client] => Array
        (
            [error] => 
            [info] => Array
                (
                    [url] => https://oauth2.googleapis.com/token
                    [content_type] => application/json; charset=utf-8
                    [http_code] => 200
                    [header_size] => 478
                    [request_size] => 313
                    [filetime] => -1
                    [ssl_verify_result] => 0
                    [redirect_count] => 0
                    [total_time] => 0.173456
                    [namelookup_time] => 0.005758
                    [connect_time] => 0.03049
                    [pretransfer_time] => 0.095186
                    [size_upload] => 301
                    [size_download] => 1724
                    [speed_download] => 9939
                    [speed_upload] => 1735
                    [download_content_length] => -1
                    [upload_content_length] => 301
                    [starttransfer_time] => 0.0952
                    [redirect_time] => 0
                    [redirect_url] => 
                    [primary_ip] => 74.125.130.95
                    [certinfo] => Array
                        (
                        )

                    [primary_port] => 443
                    [local_ip] => 172.25.4.15
                    [local_port] => 29452
                    [http_version] => 3
                    [protocol] => 2
                    [ssl_verifyresult] => 0
                    [scheme] => HTTPS
                    [appconnect_time_us] => 93943
                    [connect_time_us] => 30490
                    [namelookup_time_us] => 5758
                    [pretransfer_time_us] => 95186
                    [redirect_time_us] => 0
                    [starttransfer_time_us] => 95200
                    [total_time_us] => 173456
                    [request_header] => POST /token HTTP/2
Host: oauth2.googleapis.com
user-agent: Hybridauth, PHP Social Authentication Library (https://github.com/hybridauth/hybridauth)
accept-encoding: identity
accept: */*
cache-control: max-age=0
connection: keep-alive
content-length: 301
content-type: application/x-www-form-urlencoded


                )

            [opts] => Array
                (
                    [13] => 30
                    [78] => 30
                    [64] => 
                    [81] => 
                    [19913] => 1
                    [52] => 1
                    [68] => 5
                    [2] => 1
                    [10102] => identity
                    [10018] => Hybridauth, PHP Social Authentication Library (https://github.com/hybridauth/hybridauth)
                    [47] => 1
                    [10015] => client_id=523070165573-vragqgmqssr2uos6lffbugjnstj2720a.apps.googleusercontent.com&client_secret=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&grant_type=authorization_code&redirect_uri=http%3A%2F%2Flocalhost%3A3000%2Fcallback.php&code=4%2F0Ab32j92uXmJ7RCLIOOSmodllzA2Fxlrg2imq6n8VhucNi1UP_a1HG9-rwKQL0lFTGg_HPw
                    [10002] => https://oauth2.googleapis.com/token
                    [10023] => Array
                        (
                            [0] => Accept: */*
                            [1] => Cache-Control: max-age=0
                            [2] => Connection: keep-alive
                            [3] => Expect: 
                            [4] => Pragma: 
                        )

                    [20079] => *omitted
                )

        )

)

debug -- ::1 -- 2025-11-08T11:54:02+00:00 -- Hybridauth\HttpClient\Curl::request( https://www.googleapis.com/oauth2/v3/userinfo?, GET ), response:
Array
(
    [request] => Array
        (
            [uri] => https://www.googleapis.com/oauth2/v3/userinfo
            [method] => GET
            [parameters] => Array
                (
                )

            [headers] => Array
                (
                    [Accept] => */*
                    [Cache-Control] => max-age=0
                    [Connection] => keep-alive
                    [Expect] => 
                    [Pragma] => 
                    [Authorization] => Bearer ya29.a0ATi6K2sUpfWrqPdZJC8qGuwFcAM5kGUXFexhuPnTQwb-bBzzDgE9J9iyf5FXEBF4tWX0GkXPbg08gGJvTF9lQlmomfI40DznYN5shg_NZGf2L4oIPQyk10wdWFAmNfncxGKcpWuqTUhhY-kLQaW256wsmAQ43GuBXmpXrsNG67L3TzwDfWNGD04_j89E_JT4oG7gHs0aCgYKAU0SARQSFQHGX2Mi4Vjq03UL3NijZ3bfPyM8Eg0206
                )

        )

    [response] => Array
        (
            [code] => 200
            [headers] => Array
                (
                    [cache_control] => no-cache, no-store, max-age=0, must-revalidate
                    [expires] => Mon, 01 Jan 1990 00:00:00 GMT
                    [date] => Sat, 08 Nov 2025 11:54:02 GMT
                    [pragma] => no-cache
                    [content_type] => application/json; charset=utf-8
                    [vary] => Origin,Accept-Encoding
                    [server] => ESF
                    [x_xss_protection] => 0
                    [x_frame_options] => SAMEORIGIN
                    [x_content_type_options] => nosniff
                    [alt_svc] => h3=":443"; ma=2592000,h3-29=":443"; ma=2592000
                    [accept_ranges] => none
                )

            [body] => {
  "sub": "106122593485200822987",
  "name": "J Ferxiic",
  "given_name": "J",
  "family_name": "Ferxiic",
  "picture": "https://lh3.googleusercontent.com/a/ACg8ocIj6neZALH3mN1WvWkf4SjQTo8pFUUv-nqr3kZdQN0eNS8HxRc\u003ds96-c",
  "email": "jferxiic@gmail.com",
  "email_verified": true
}
        )

    [client] => Array
        (
            [error] => 
            [info] => Array
                (
                    [url] => https://www.googleapis.com/oauth2/v3/userinfo
                    [content_type] => application/json; charset=utf-8
                    [http_code] => 200
                    [header_size] => 455
                    [request_size] => 530
                    [filetime] => -1
                    [ssl_verify_result] => 0
                    [redirect_count] => 0
                    [total_time] => 0.138583
                    [namelookup_time] => 0.004749
                    [connect_time] => 0.035508
                    [pretransfer_time] => 0.07835
                    [size_upload] => 0
                    [size_download] => 286
                    [speed_download] => 2063
                    [speed_upload] => 0
                    [download_content_length] => -1
                    [upload_content_length] => 0
                    [starttransfer_time] => 0.138508
                    [redirect_time] => 0
                    [redirect_url] => 
                    [primary_ip] => 74.125.130.95
                    [certinfo] => Array
                        (
                        )

                    [primary_port] => 443
                    [local_ip] => 172.25.4.15
                    [local_port] => 29455
                    [http_version] => 3
                    [protocol] => 2
                    [ssl_verifyresult] => 0
                    [scheme] => HTTPS
                    [appconnect_time_us] => 78211
                    [connect_time_us] => 35508
                    [namelookup_time_us] => 4749
                    [pretransfer_time_us] => 78350
                    [redirect_time_us] => 0
                    [starttransfer_time_us] => 138508
                    [total_time_us] => 138583
                    [request_header] => GET /oauth2/v3/userinfo? HTTP/2
Host: www.googleapis.com
user-agent: Hybridauth, PHP Social Authentication Library (https://github.com/hybridauth/hybridauth)
accept-encoding: identity
accept: */*
cache-control: max-age=0
connection: keep-alive
authorization: Bearer ya29.a0ATi6K2sUpfWrqPdZJC8qGuwFcAM5kGUXFexhuPnTQwb-bBzzDgE9J9iyf5FXEBF4tWX0GkXPbg08gGJvTF9lQlmomfI40DznYN5shg_NZGf2L4oIPQyk10wdWFAmNfncxGKcpWuqTUhhY-kLQaW256wsmAQ43GuBXmpXrsNG67L3TzwDfWNGD04_j89E_JT4oG7gHs0aCgYKAU0SARQSFQHGX2Mi4Vjq03UL3NijZ3bfPyM8Eg0206


                )

            [opts] => Array
                (
                    [13] => 30
                    [78] => 30
                    [64] => 
                    [81] => 
                    [19913] => 1
                    [52] => 1
                    [68] => 5
                    [2] => 1
                    [10102] => identity
                    [10018] => Hybridauth, PHP Social Authentication Library (https://github.com/hybridauth/hybridauth)
                    [10002] => https://www.googleapis.com/oauth2/v3/userinfo?
                    [10023] => Array
                        (
                            [0] => Accept: */*
                            [1] => Cache-Control: max-age=0
                            [2] => Connection: keep-alive
                            [3] => Expect: 
                            [4] => Pragma: 
                            [5] => Authorization: Bearer ya29.a0ATi6K2sUpfWrqPdZJC8qGuwFcAM5kGUXFexhuPnTQwb-bBzzDgE9J9iyf5FXEBF4tWX0GkXPbg08gGJvTF9lQlmomfI40DznYN5shg_NZGf2L4oIPQyk10wdWFAmNfncxGKcpWuqTUhhY-kLQaW256wsmAQ43GuBXmpXrsNG67L3TzwDfWNGD04_j89E_JT4oG7gHs0aCgYKAU0SARQSFQHGX2Mi4Vjq03UL3NijZ3bfPyM8Eg0206
                        )

                    [20079] => *omitted
                )

        )

)

debug -- ::1 -- 2025-11-08T11:54:07+00:00 -- Initialize Hybridauth\Provider\Facebook, config: 
Array
(
    [enabled] => 1
    [keys] => Array
        (
            [id] => 802906159218058
            [secret] => 4c9f47f9144bd613f8059078363d8f02
        )

    [scope] => email, public_profile
    [debug_mode] => 1
    [debug_file] => C:\laragon\scooby-doo\UnFixed/hybridauth.log
    [callback] => http://localhost:3000/callback.php
)

info -- ::1 -- 2025-11-08T11:54:07+00:00 -- Hybridauth\Provider\Facebook::authenticate()
debug -- ::1 -- 2025-11-08T11:54:07+00:00 -- Hybridauth\Provider\Facebook::authenticateBegin(), redirecting user to:
Array
(
    [0] => https://www.facebook.com/dialog/oauth?response_type=code&client_id=802906159218058&redirect_uri=http%3A%2F%2Flocalhost%3A3000%2Fcallback.php&scope=email%2C+public_profile&state=HA-OMXY1CZU209GQW3VD8KANE5TLIJPB67SF4RH
)

debug -- ::1 -- 2025-11-08T11:54:12+00:00 -- Initialize Hybridauth\Provider\Google, config: 
Array
(
    [enabled] => 1
    [keys] => Array
        (
            [id] => 523070165573-vragqgmqssr2uos6lffbugjnstj2720a.apps.googleusercontent.com
            [secret] => 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
        )

    [scope] => openid profile email https://www.googleapis.com/auth/userinfo.email https://www.googleapis.com/auth/userinfo.profile
    [debug_mode] => 1
    [debug_file] => C:\laragon\scooby-doo\UnFixed/hybridauth.log
    [callback] => http://localhost:3000/callback.php
)

info -- ::1 -- 2025-11-08T11:54:12+00:00 -- Hybridauth\Provider\Google::authenticate()
debug -- ::1 -- 2025-11-08T11:54:12+00:00 -- Hybridauth\Provider\Google::authenticateFinish(), callback url:
Array
(
    [0] => http://localhost:3000/callback.php?code=AQANs59TTqRdMpIErjCx0mXGYpKD-pBSsD95Dl3GhV8BJgOEtFhzrsam6K-QFSE_ds9YF7cRUcxxIdoeiYKTSOoQrkiAb-WeMyUTedmPfmf0GWpFrviAptdqKGcQpor_rjy1WIHwzZPuPLtiIg_nTlKGdI4I_6GCaFtYDubYN16QoBOgizIgW_HEbKcC0d2tI34qlUq4HPosfRhdz0RswxtT6qN-TqaQuFyxgSPnfX5oYPGE-BPkFpvXbwXZgTUfLNkuoaRW2XaRryebXuq9uuWxtfYmGtPdo3Zu2hwsYjfIiEpSrIWNY4xizDwkWszMIHJ35V0B0NQnu3ANd74UWPsUYwxXZ1JZhqPeulBwemAJEs8gLSW6j8E-qMtLCkiVCy-kVDhR_QE5QM-Rc6c_9Jp2ceOLOMZIcNBMjgRBvwHa-jUklumlhfioSNEKVgGa55c&state=HA-OMXY1CZU209GQW3VD8KANE5TLIJPB67SF4RH
)

debug -- ::1 -- 2025-11-08T11:59:22+00:00 -- Initialize Hybridauth\Provider\Google, config: 
Array
(
    [enabled] => 1
    [keys] => Array
        (
            [id] => 523070165573-vragqgmqssr2uos6lffbugjnstj2720a.apps.googleusercontent.com
            [secret] => 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
        )

    [scope] => openid profile email https://www.googleapis.com/auth/userinfo.email https://www.googleapis.com/auth/userinfo.profile
    [debug_mode] => 1
    [debug_file] => C:\laragon\scooby-doo\UnFixed/hybridauth.log
    [callback] => http://localhost:3000/callback-facebook.php
)

info -- ::1 -- 2025-11-08T11:59:22+00:00 -- Hybridauth\Provider\Google::authenticate()
debug -- ::1 -- 2025-11-08T11:59:22+00:00 -- Hybridauth\Provider\Google::authenticateFinish(), callback url:
Array
(
    [0] => http://localhost:3000/callback.php?code=AQANs59TTqRdMpIErjCx0mXGYpKD-pBSsD95Dl3GhV8BJgOEtFhzrsam6K-QFSE_ds9YF7cRUcxxIdoeiYKTSOoQrkiAb-WeMyUTedmPfmf0GWpFrviAptdqKGcQpor_rjy1WIHwzZPuPLtiIg_nTlKGdI4I_6GCaFtYDubYN16QoBOgizIgW_HEbKcC0d2tI34qlUq4HPosfRhdz0RswxtT6qN-TqaQuFyxgSPnfX5oYPGE-BPkFpvXbwXZgTUfLNkuoaRW2XaRryebXuq9uuWxtfYmGtPdo3Zu2hwsYjfIiEpSrIWNY4xizDwkWszMIHJ35V0B0NQnu3ANd74UWPsUYwxXZ1JZhqPeulBwemAJEs8gLSW6j8E-qMtLCkiVCy-kVDhR_QE5QM-Rc6c_9Jp2ceOLOMZIcNBMjgRBvwHa-jUklumlhfioSNEKVgGa55c&state=HA-OMXY1CZU209GQW3VD8KANE5TLIJPB67SF4RH
)

debug -- ::1 -- 2025-11-08T11:59:22+00:00 -- Initialize Hybridauth\Provider\Google, config: 
Array
(
    [enabled] => 1
    [keys] => Array
        (
            [id] => 523070165573-vragqgmqssr2uos6lffbugjnstj2720a.apps.googleusercontent.com
            [secret] => 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
        )

    [scope] => openid profile email https://www.googleapis.com/auth/userinfo.email https://www.googleapis.com/auth/userinfo.profile
    [debug_mode] => 1
    [debug_file] => C:\laragon\scooby-doo\UnFixed/hybridauth.log
    [callback] => http://localhost:3000/callback-facebook.php
)

info -- ::1 -- 2025-11-08T11:59:22+00:00 -- Hybridauth\Provider\Google::authenticate()
debug -- ::1 -- 2025-11-08T11:59:22+00:00 -- Hybridauth\Provider\Google::authenticateFinish(), callback url:
Array
(
    [0] => http://localhost:3000/callback.php?code=AQANs59TTqRdMpIErjCx0mXGYpKD-pBSsD95Dl3GhV8BJgOEtFhzrsam6K-QFSE_ds9YF7cRUcxxIdoeiYKTSOoQrkiAb-WeMyUTedmPfmf0GWpFrviAptdqKGcQpor_rjy1WIHwzZPuPLtiIg_nTlKGdI4I_6GCaFtYDubYN16QoBOgizIgW_HEbKcC0d2tI34qlUq4HPosfRhdz0RswxtT6qN-TqaQuFyxgSPnfX5oYPGE-BPkFpvXbwXZgTUfLNkuoaRW2XaRryebXuq9uuWxtfYmGtPdo3Zu2hwsYjfIiEpSrIWNY4xizDwkWszMIHJ35V0B0NQnu3ANd74UWPsUYwxXZ1JZhqPeulBwemAJEs8gLSW6j8E-qMtLCkiVCy-kVDhR_QE5QM-Rc6c_9Jp2ceOLOMZIcNBMjgRBvwHa-jUklumlhfioSNEKVgGa55c&state=HA-OMXY1CZU209GQW3VD8KANE5TLIJPB67SF4RH
)

debug -- ::1 -- 2025-11-08T11:59:27+00:00 -- Initialize Hybridauth\Provider\Facebook, config: 
Array
(
    [enabled] => 1
    [keys] => Array
        (
            [id] => 802906159218058
            [secret] => 4c9f47f9144bd613f8059078363d8f02
        )

    [scope] => email, public_profile
    [debug_mode] => 1
    [debug_file] => C:\laragon\scooby-doo\UnFixed/hybridauth.log
    [callback] => http://localhost:3000/callback-facebook.php
)

info -- ::1 -- 2025-11-08T11:59:27+00:00 -- Hybridauth\Provider\Facebook::authenticate()
debug -- ::1 -- 2025-11-08T11:59:27+00:00 -- Hybridauth\Provider\Facebook::authenticateBegin(), redirecting user to:
Array
(
    [0] => https://www.facebook.com/dialog/oauth?response_type=code&client_id=802906159218058&redirect_uri=http%3A%2F%2Flocalhost%3A3000%2Fcallback-facebook.php&scope=email%2C+public_profile&state=HA-98NEWQXAR20O41Z75L36PBKUJCMTGYDFHSVI
)

debug -- ::1 -- 2025-11-08T11:59:31+00:00 -- Initialize Hybridauth\Provider\Facebook, config: 
Array
(
    [enabled] => 1
    [keys] => Array
        (
            [id] => 802906159218058
            [secret] => 4c9f47f9144bd613f8059078363d8f02
        )

    [scope] => email, public_profile
    [debug_mode] => 1
    [debug_file] => C:\laragon\scooby-doo\UnFixed/hybridauth.log
    [callback] => http://localhost:3000/callback-facebook.php
)

info -- ::1 -- 2025-11-08T11:59:31+00:00 -- Hybridauth\Provider\Facebook::authenticate()
debug -- ::1 -- 2025-11-08T11:59:31+00:00 -- Hybridauth\Provider\Facebook::authenticateFinish(), callback url:
Array
(
    [0] => http://localhost:3000/callback-facebook.php?code=AQBWR8vV2SfMoij6TL6sWMxQOvB_t0hzOxBtOWG0OCg8mOWnqPP_b2epuhfFY5MYylrDAKxhbyjYksoR0g_iLtrhayqk1Kd2aG6tDe1A7iPVqTuAZNfvj5cOJRSFH5Y_H24lhCNimRF1tRz1HzntqRnxYSgSRCesjNxJucqTOmymrJj21XsGrmGzxq8lNFBShykyTIHiDhSN2eXME4EneBe0n86X3rg19k57z1mBMqf0o41S2pJvUlZ4Xlia71Yt6Fszb4-8tNzWRCRZsRQf0IpRlle2wZ-rlXfh-2HJpgn7eRJxl9b9Pgf2WOjJP4llT8bKzP94B_FnLANcTbWTzyy2vPl4zc2EGMTF4LrdxLdRIhcnQtaE8mPaw8Wkl3w_D4oa8Q7V7ok-y-nWbJ_ZXRikjJibaF85clPLEt-T4KP38zYmf9g9Bpb72PKozWSm1fU&state=HA-98NEWQXAR20O41Z75L36PBKUJCMTGYDFHSVI
)

debug -- ::1 -- 2025-11-08T11:59:31+00:00 -- Hybridauth\HttpClient\Curl::request( https://graph.facebook.com/oauth/access_token, POST ), response:
Array
(
    [request] => Array
        (
            [uri] => https://graph.facebook.com/oauth/access_token
            [method] => POST
            [parameters] => Array
                (
                    [client_id] => 802906159218058
                    [client_secret] => 4c9f47f9144bd613f8059078363d8f02
                    [grant_type] => authorization_code
                    [redirect_uri] => http://localhost:3000/callback-facebook.php
                    [code] => AQBWR8vV2SfMoij6TL6sWMxQOvB_t0hzOxBtOWG0OCg8mOWnqPP_b2epuhfFY5MYylrDAKxhbyjYksoR0g_iLtrhayqk1Kd2aG6tDe1A7iPVqTuAZNfvj5cOJRSFH5Y_H24lhCNimRF1tRz1HzntqRnxYSgSRCesjNxJucqTOmymrJj21XsGrmGzxq8lNFBShykyTIHiDhSN2eXME4EneBe0n86X3rg19k57z1mBMqf0o41S2pJvUlZ4Xlia71Yt6Fszb4-8tNzWRCRZsRQf0IpRlle2wZ-rlXfh-2HJpgn7eRJxl9b9Pgf2WOjJP4llT8bKzP94B_FnLANcTbWTzyy2vPl4zc2EGMTF4LrdxLdRIhcnQtaE8mPaw8Wkl3w_D4oa8Q7V7ok-y-nWbJ_ZXRikjJibaF85clPLEt-T4KP38zYmf9g9Bpb72PKozWSm1fU
                )

            [headers] => Array
                (
                    [Accept] => */*
                    [Cache-Control] => max-age=0
                    [Connection] => keep-alive
                    [Expect] => 
                    [Pragma] => 
                )

        )

    [response] => Array
        (
            [code] => 200
            [headers] => Array
                (
                    [vary] => Accept-Encoding
                    [content_type] => application/json; charset=UTF-8
                    [facebook_api_version] => v18.0
                    [access_control_allow_origin] => *
                    [strict_transport_security] => max-age=15552000; preload
                    [pragma] => no-cache
                    [cache_control] => private, no-cache, no-store, must-revalidate
                    [expires] => Sat, 01 Jan 2000 00:00:00 GMT
                    [x_fb_request_id] => AvYyOY2ahg7ECu5chx0gJE0
                    [x_fb_trace_id] => DmiYXSR+6uK
                    [x_fb_rev] => 1029614040
                    [x_fb_debug] => q1G+Ck6C70mvO2ughWjQTcwMxeVKJw30tEt4eWZ7UF51KiXeu9CezWitteHTHvQc1bFaQ/qYSpCdgcs3hAQfUA==
                    [content_length] => 379
                    [date] => Sat, 08 Nov 2025 11:59:31 GMT
                    [x_fb_connection_quality] => EXCELLENT; q=0.9, rtt=29, rtx=0, c=10, mss=1392, tbw=3587, tp=-1, tpl=-1, uplat=440, ullat=0
                    [alt_svc] => h3=":443"; ma=86400
                )

            [body] => {"access_token":"EAALaPShofYoBP74JuQfGF9mpIbeAeRZA4IPUVSEw2dRwMZB8gu0fJfvSx67cURwkaonhqbcNTAvkPLEYVDt3cL6xiwGNp4VkmbzxgAQQw1V0aUAafGjkLY6lXz2rFQyyYfVu0U7k8LjUWV53Lv0qDpwD1u2yPJ6ZABI865p6TfSMKJkuALPu3Igm69fPHDjXXso07rZCRIyp3ZCYHvGdIySGTWmIzuJA9EYZARNdIgQyR6mPTHlCZCrNikSSQl1ShN6YOXzY6pEuxcCvJZCpCFeBwMxPNRdCA8jlhoXmvgs0rw1CUVcnIY74H9fl","token_type":"bearer","expires_in":5105362}
        )

    [client] => Array
        (
            [error] => 
            [info] => Array
                (
                    [url] => https://graph.facebook.com/oauth/access_token
                    [content_type] => application/json; charset=UTF-8
                    [http_code] => 200
                    [header_size] => 720
                    [request_size] => 323
                    [filetime] => -1
                    [ssl_verify_result] => 0
                    [redirect_count] => 0
                    [total_time] => 0.637285
                    [namelookup_time] => 0.090485
                    [connect_time] => 0.121201
                    [pretransfer_time] => 0.166633
                    [size_upload] => 626
                    [size_download] => 379
                    [speed_download] => 594
                    [speed_upload] => 982
                    [download_content_length] => 379
                    [upload_content_length] => 626
                    [starttransfer_time] => 0.166643
                    [redirect_time] => 0
                    [redirect_url] => 
                    [primary_ip] => 57.144.192.141
                    [certinfo] => Array
                        (
                        )

                    [primary_port] => 443
                    [local_ip] => 172.25.4.15
                    [local_port] => 44137
                    [http_version] => 3
                    [protocol] => 2
                    [ssl_verifyresult] => 0
                    [scheme] => HTTPS
                    [appconnect_time_us] => 166487
                    [connect_time_us] => 121201
                    [namelookup_time_us] => 90485
                    [pretransfer_time_us] => 166633
                    [redirect_time_us] => 0
                    [starttransfer_time_us] => 166643
                    [total_time_us] => 637285
                    [request_header] => POST /oauth/access_token HTTP/2
Host: graph.facebook.com
user-agent: Hybridauth, PHP Social Authentication Library (https://github.com/hybridauth/hybridauth)
accept-encoding: identity
accept: */*
cache-control: max-age=0
connection: keep-alive
content-length: 626
content-type: application/x-www-form-urlencoded


                )

            [opts] => Array
                (
                    [13] => 30
                    [78] => 30
                    [64] => 
                    [81] => 
                    [19913] => 1
                    [52] => 1
                    [68] => 5
                    [2] => 1
                    [10102] => identity
                    [10018] => Hybridauth, PHP Social Authentication Library (https://github.com/hybridauth/hybridauth)
                    [47] => 1
                    [10015] => client_id=802906159218058&client_secret=4c9f47f9144bd613f8059078363d8f02&grant_type=authorization_code&redirect_uri=http%3A%2F%2Flocalhost%3A3000%2Fcallback-facebook.php&code=AQBWR8vV2SfMoij6TL6sWMxQOvB_t0hzOxBtOWG0OCg8mOWnqPP_b2epuhfFY5MYylrDAKxhbyjYksoR0g_iLtrhayqk1Kd2aG6tDe1A7iPVqTuAZNfvj5cOJRSFH5Y_H24lhCNimRF1tRz1HzntqRnxYSgSRCesjNxJucqTOmymrJj21XsGrmGzxq8lNFBShykyTIHiDhSN2eXME4EneBe0n86X3rg19k57z1mBMqf0o41S2pJvUlZ4Xlia71Yt6Fszb4-8tNzWRCRZsRQf0IpRlle2wZ-rlXfh-2HJpgn7eRJxl9b9Pgf2WOjJP4llT8bKzP94B_FnLANcTbWTzyy2vPl4zc2EGMTF4LrdxLdRIhcnQtaE8mPaw8Wkl3w_D4oa8Q7V7ok-y-nWbJ_ZXRikjJibaF85clPLEt-T4KP38zYmf9g9Bpb72PKozWSm1fU
                    [10002] => https://graph.facebook.com/oauth/access_token
                    [10023] => Array
                        (
                            [0] => Accept: */*
                            [1] => Cache-Control: max-age=0
                            [2] => Connection: keep-alive
                            [3] => Expect: 
                            [4] => Pragma: 
                        )

                    [20079] => *omitted
                )

        )

)

debug -- ::1 -- 2025-11-08T11:59:32+00:00 -- Hybridauth\HttpClient\Curl::request( https://graph.facebook.com/v8.0/me?appsecret_proof=e23e243c8854e7ab8b86455148e0c1c17f8ef4fa7b87eeee8414a1a041258425&fields=id%2Cname%2Cfirst_name%2Clast_name%2Cwebsite%2Clocale%2Cabout%2Cemail%2Chometown%2Cbirthday&locale=en_US, GET ), response:
Array
(
    [request] => Array
        (
            [uri] => https://graph.facebook.com/v8.0/me
            [method] => GET
            [parameters] => Array
                (
                    [appsecret_proof] => e23e243c8854e7ab8b86455148e0c1c17f8ef4fa7b87eeee8414a1a041258425
                    [fields] => id,name,first_name,last_name,website,locale,about,email,hometown,birthday
                    [locale] => en_US
                )

            [headers] => Array
                (
                    [Accept] => */*
                    [Cache-Control] => max-age=0
                    [Connection] => keep-alive
                    [Expect] => 
                    [Pragma] => 
                    [Authorization] => Bearer EAALaPShofYoBP74JuQfGF9mpIbeAeRZA4IPUVSEw2dRwMZB8gu0fJfvSx67cURwkaonhqbcNTAvkPLEYVDt3cL6xiwGNp4VkmbzxgAQQw1V0aUAafGjkLY6lXz2rFQyyYfVu0U7k8LjUWV53Lv0qDpwD1u2yPJ6ZABI865p6TfSMKJkuALPu3Igm69fPHDjXXso07rZCRIyp3ZCYHvGdIySGTWmIzuJA9EYZARNdIgQyR6mPTHlCZCrNikSSQl1ShN6YOXzY6pEuxcCvJZCpCFeBwMxPNRdCA8jlhoXmvgs0rw1CUVcnIY74H9fl
                )

        )

    [response] => Array
        (
            [code] => 200
            [headers] => Array
                (
                    [vary] => Accept-Encoding
                    [content_type] => application/json; charset=UTF-8
                    [facebook_api_version] => v24.0
                    [access_control_allow_origin] => *
                    [strict_transport_security] => max-age=15552000; preload
                    [pragma] => no-cache
                    [cache_control] => private, no-cache, no-store, must-revalidate
                    [expires] => Sat, 01 Jan 2000 00:00:00 GMT
                    [x_fb_request_id] => Aay9Pnz2hNBaU1izNzm7LgJ
                    [x_fb_trace_id] => CjD5x2+GJgQ
                    [x_fb_rev] => 1029614040
                    [x_fb_debug] => H5jpeG6KpiaytCmR+1X+JZHkjdQH+PmghG/e0Ifi+zQAe0cgywF3eHXnqYosYKYNod1WYEx9SGzdJ1anBuBYwg==
                    [content_length] => 93
                    [date] => Sat, 08 Nov 2025 11:59:31 GMT
                    [x_fb_connection_quality] => EXCELLENT; q=0.9, rtt=17, rtx=0, c=10, mss=1392, tbw=3589, tp=-1, tpl=-1, uplat=484, ullat=0
                    [alt_svc] => h3=":443"; ma=86400
                    [etag] => "8b56f7a612771a218c00d8227852fe09c807f4ad"
                    [x_fb_aed] => 629
                    [x_ad_api_version_warning] => The call has been auto-upgraded to v24.0 as v8.0 has been deprecated.
                    [cross_origin_resource_policy] => cross-origin
                    [x_app_usage] => {"call_count":0,"total_cputime":0,"total_time":0}
                )

            [body] => {"id":"1132847972391529","name":"Juan Felix Katoro","first_name":"Juan","last_name":"Katoro"}
        )

    [client] => Array
        (
            [error] => 
            [info] => Array
                (
                    [url] => https://graph.facebook.com/v8.0/me?appsecret_proof=e23e243c8854e7ab8b86455148e0c1c17f8ef4fa7b87eeee8414a1a041258425&fields=id%2Cname%2Cfirst_name%2Clast_name%2Cwebsite%2Clocale%2Cabout%2Cemail%2Chometown%2Cbirthday&locale=en_US
                    [content_type] => application/json; charset=UTF-8
                    [http_code] => 200
                    [header_size] => 1003
                    [request_size] => 775
                    [filetime] => -1
                    [ssl_verify_result] => 0
                    [redirect_count] => 0
                    [total_time] => 0.554978
                    [namelookup_time] => 0.00149
                    [connect_time] => 0.020603
                    [pretransfer_time] => 0.050858
                    [size_upload] => 0
                    [size_download] => 93
                    [speed_download] => 167
                    [speed_upload] => 0
                    [download_content_length] => 93
                    [upload_content_length] => 0
                    [starttransfer_time] => 0.554886
                    [redirect_time] => 0
                    [redirect_url] => 
                    [primary_ip] => 57.144.192.141
                    [certinfo] => Array
                        (
                        )

                    [primary_port] => 443
                    [local_ip] => 172.25.4.15
                    [local_port] => 44141
                    [http_version] => 3
                    [protocol] => 2
                    [ssl_verifyresult] => 0
                    [scheme] => HTTPS
                    [appconnect_time_us] => 50718
                    [connect_time_us] => 20603
                    [namelookup_time_us] => 1490
                    [pretransfer_time_us] => 50858
                    [redirect_time_us] => 0
                    [starttransfer_time_us] => 554886
                    [total_time_us] => 554978
                    [request_header] => GET /v8.0/me?appsecret_proof=e23e243c8854e7ab8b86455148e0c1c17f8ef4fa7b87eeee8414a1a041258425&fields=id%2Cname%2Cfirst_name%2Clast_name%2Cwebsite%2Clocale%2Cabout%2Cemail%2Chometown%2Cbirthday&locale=en_US HTTP/2
Host: graph.facebook.com
user-agent: Hybridauth, PHP Social Authentication Library (https://github.com/hybridauth/hybridauth)
accept-encoding: identity
accept: */*
cache-control: max-age=0
connection: keep-alive
authorization: Bearer EAALaPShofYoBP74JuQfGF9mpIbeAeRZA4IPUVSEw2dRwMZB8gu0fJfvSx67cURwkaonhqbcNTAvkPLEYVDt3cL6xiwGNp4VkmbzxgAQQw1V0aUAafGjkLY6lXz2rFQyyYfVu0U7k8LjUWV53Lv0qDpwD1u2yPJ6ZABI865p6TfSMKJkuALPu3Igm69fPHDjXXso07rZCRIyp3ZCYHvGdIySGTWmIzuJA9EYZARNdIgQyR6mPTHlCZCrNikSSQl1ShN6YOXzY6pEuxcCvJZCpCFeBwMxPNRdCA8jlhoXmvgs0rw1CUVcnIY74H9fl


                )

            [opts] => Array
                (
                    [13] => 30
                    [78] => 30
                    [64] => 
                    [81] => 
                    [19913] => 1
                    [52] => 1
                    [68] => 5
                    [2] => 1
                    [10102] => identity
                    [10018] => Hybridauth, PHP Social Authentication Library (https://github.com/hybridauth/hybridauth)
                    [10002] => https://graph.facebook.com/v8.0/me?appsecret_proof=e23e243c8854e7ab8b86455148e0c1c17f8ef4fa7b87eeee8414a1a041258425&fields=id%2Cname%2Cfirst_name%2Clast_name%2Cwebsite%2Clocale%2Cabout%2Cemail%2Chometown%2Cbirthday&locale=en_US
                    [10023] => Array
                        (
                            [0] => Accept: */*
                            [1] => Cache-Control: max-age=0
                            [2] => Connection: keep-alive
                            [3] => Expect: 
                            [4] => Pragma: 
                            [5] => Authorization: Bearer EAALaPShofYoBP74JuQfGF9mpIbeAeRZA4IPUVSEw2dRwMZB8gu0fJfvSx67cURwkaonhqbcNTAvkPLEYVDt3cL6xiwGNp4VkmbzxgAQQw1V0aUAafGjkLY6lXz2rFQyyYfVu0U7k8LjUWV53Lv0qDpwD1u2yPJ6ZABI865p6TfSMKJkuALPu3Igm69fPHDjXXso07rZCRIyp3ZCYHvGdIySGTWmIzuJA9EYZARNdIgQyR6mPTHlCZCrNikSSQl1ShN6YOXzY6pEuxcCvJZCpCFeBwMxPNRdCA8jlhoXmvgs0rw1CUVcnIY74H9fl
                        )

                    [20079] => *omitted
                )

        )

)

debug -- ::1 -- 2025-11-08T12:03:16+00:00 -- Initialize Hybridauth\Provider\Facebook, config: 
Array
(
    [enabled] => 1
    [keys] => Array
        (
            [id] => 802906159218058
            [secret] => 4c9f47f9144bd613f8059078363d8f02
        )

    [scope] => email, public_profile
    [trustForwarded] => 
    [debug_mode] => 1
    [debug_file] => C:\laragon\scooby-doo\UnFixed/hybridauth.log
    [callback] => http://localhost:3000/callback-facebook.php
)

info -- ::1 -- 2025-11-08T12:03:16+00:00 -- Hybridauth\Provider\Facebook::authenticate()
debug -- ::1 -- 2025-11-08T12:03:16+00:00 -- Initialize Hybridauth\Provider\Facebook, config: 
Array
(
    [enabled] => 1
    [keys] => Array
        (
            [id] => 802906159218058
            [secret] => 4c9f47f9144bd613f8059078363d8f02
        )

    [scope] => email, public_profile
    [trustForwarded] => 
    [debug_mode] => 1
    [debug_file] => C:\laragon\scooby-doo\UnFixed/hybridauth.log
    [callback] => http://localhost:3000/callback-facebook.php
)

info -- ::1 -- 2025-11-08T12:03:16+00:00 -- Hybridauth\Provider\Facebook::authenticate()
debug -- ::1 -- 2025-11-08T12:03:17+00:00 -- Hybridauth\HttpClient\Curl::request( https://graph.facebook.com/v8.0/me?appsecret_proof=e23e243c8854e7ab8b86455148e0c1c17f8ef4fa7b87eeee8414a1a041258425&fields=id%2Cname%2Cfirst_name%2Clast_name%2Cwebsite%2Clocale%2Cabout%2Cemail%2Chometown%2Cbirthday&locale=en_US, GET ), response:
Array
(
    [request] => Array
        (
            [uri] => https://graph.facebook.com/v8.0/me
            [method] => GET
            [parameters] => Array
                (
                    [appsecret_proof] => e23e243c8854e7ab8b86455148e0c1c17f8ef4fa7b87eeee8414a1a041258425
                    [fields] => id,name,first_name,last_name,website,locale,about,email,hometown,birthday
                    [locale] => en_US
                )

            [headers] => Array
                (
                    [Accept] => */*
                    [Cache-Control] => max-age=0
                    [Connection] => keep-alive
                    [Expect] => 
                    [Pragma] => 
                    [Authorization] => Bearer EAALaPShofYoBP74JuQfGF9mpIbeAeRZA4IPUVSEw2dRwMZB8gu0fJfvSx67cURwkaonhqbcNTAvkPLEYVDt3cL6xiwGNp4VkmbzxgAQQw1V0aUAafGjkLY6lXz2rFQyyYfVu0U7k8LjUWV53Lv0qDpwD1u2yPJ6ZABI865p6TfSMKJkuALPu3Igm69fPHDjXXso07rZCRIyp3ZCYHvGdIySGTWmIzuJA9EYZARNdIgQyR6mPTHlCZCrNikSSQl1ShN6YOXzY6pEuxcCvJZCpCFeBwMxPNRdCA8jlhoXmvgs0rw1CUVcnIY74H9fl
                )

        )

    [response] => Array
        (
            [code] => 200
            [headers] => Array
                (
                    [etag] => "8b56f7a612771a218c00d8227852fe09c807f4ad"
                    [content_type] => application/json; charset=UTF-8
                    [vary] => Accept-Encoding
                    [x_fb_aed] => 629
                    [x_ad_api_version_warning] => The call has been auto-upgraded to v24.0 as v8.0 has been deprecated.
                    [cross_origin_resource_policy] => cross-origin
                    [x_app_usage] => {"call_count":0,"total_cputime":0,"total_time":0}
                    [access_control_allow_origin] => *
                    [facebook_api_version] => v24.0
                    [strict_transport_security] => max-age=15552000; preload
                    [pragma] => no-cache
                    [cache_control] => private, no-cache, no-store, must-revalidate
                    [expires] => Sat, 01 Jan 2000 00:00:00 GMT
                    [x_fb_request_id] => AlTCO67v2e3vmQeJ4NCgIDo
                    [x_fb_trace_id] => GiIuiJujTXK
                    [x_fb_rev] => 1029614040
                    [x_fb_debug] => V32L90FcvYLxTqh/zxF3jBN/rxs2lO6k8nuJ3rsleZpkGqDSS8jI1WgzSQH2bisWMRPKh1C+OIZKFgbZ2vzVmQ==
                    [content_length] => 93
                    [date] => Sat, 08 Nov 2025 12:03:16 GMT
                    [x_fb_connection_quality] => EXCELLENT; q=0.9, rtt=25, rtx=0, c=10, mss=1392, tbw=3588, tp=-1, tpl=-1, uplat=306, ullat=0
                    [alt_svc] => h3=":443"; ma=86400
                )

            [body] => {"id":"1132847972391529","name":"Juan Felix Katoro","first_name":"Juan","last_name":"Katoro"}
        )

    [client] => Array
        (
            [error] => 
            [info] => Array
                (
                    [url] => https://graph.facebook.com/v8.0/me?appsecret_proof=e23e243c8854e7ab8b86455148e0c1c17f8ef4fa7b87eeee8414a1a041258425&fields=id%2Cname%2Cfirst_name%2Clast_name%2Cwebsite%2Clocale%2Cabout%2Cemail%2Chometown%2Cbirthday&locale=en_US
                    [content_type] => application/json; charset=UTF-8
                    [http_code] => 200
                    [header_size] => 1003
                    [request_size] => 775
                    [filetime] => -1
                    [ssl_verify_result] => 0
                    [redirect_count] => 0
                    [total_time] => 0.419154
                    [namelookup_time] => 0.008017
                    [connect_time] => 0.046321
                    [pretransfer_time] => 0.087183
                    [size_upload] => 0
                    [size_download] => 93
                    [speed_download] => 221
                    [speed_upload] => 0
                    [download_content_length] => 93
                    [upload_content_length] => 0
                    [starttransfer_time] => 0.419072
                    [redirect_time] => 0
                    [redirect_url] => 
                    [primary_ip] => 57.144.192.141
                    [certinfo] => Array
                        (
                        )

                    [primary_port] => 443
                    [local_ip] => 172.25.4.15
                    [local_port] => 9436
                    [http_version] => 3
                    [protocol] => 2
                    [ssl_verifyresult] => 0
                    [scheme] => HTTPS
                    [appconnect_time_us] => 87018
                    [connect_time_us] => 46321
                    [namelookup_time_us] => 8017
                    [pretransfer_time_us] => 87183
                    [redirect_time_us] => 0
                    [starttransfer_time_us] => 419072
                    [total_time_us] => 419154
                    [request_header] => GET /v8.0/me?appsecret_proof=e23e243c8854e7ab8b86455148e0c1c17f8ef4fa7b87eeee8414a1a041258425&fields=id%2Cname%2Cfirst_name%2Clast_name%2Cwebsite%2Clocale%2Cabout%2Cemail%2Chometown%2Cbirthday&locale=en_US HTTP/2
Host: graph.facebook.com
user-agent: Hybridauth, PHP Social Authentication Library (https://github.com/hybridauth/hybridauth)
accept-encoding: identity
accept: */*
cache-control: max-age=0
connection: keep-alive
authorization: Bearer EAALaPShofYoBP74JuQfGF9mpIbeAeRZA4IPUVSEw2dRwMZB8gu0fJfvSx67cURwkaonhqbcNTAvkPLEYVDt3cL6xiwGNp4VkmbzxgAQQw1V0aUAafGjkLY6lXz2rFQyyYfVu0U7k8LjUWV53Lv0qDpwD1u2yPJ6ZABI865p6TfSMKJkuALPu3Igm69fPHDjXXso07rZCRIyp3ZCYHvGdIySGTWmIzuJA9EYZARNdIgQyR6mPTHlCZCrNikSSQl1ShN6YOXzY6pEuxcCvJZCpCFeBwMxPNRdCA8jlhoXmvgs0rw1CUVcnIY74H9fl


                )

            [opts] => Array
                (
                    [13] => 30
                    [78] => 30
                    [64] => 
                    [81] => 
                    [19913] => 1
                    [52] => 1
                    [68] => 5
                    [2] => 1
                    [10102] => identity
                    [10018] => Hybridauth, PHP Social Authentication Library (https://github.com/hybridauth/hybridauth)
                    [10002] => https://graph.facebook.com/v8.0/me?appsecret_proof=e23e243c8854e7ab8b86455148e0c1c17f8ef4fa7b87eeee8414a1a041258425&fields=id%2Cname%2Cfirst_name%2Clast_name%2Cwebsite%2Clocale%2Cabout%2Cemail%2Chometown%2Cbirthday&locale=en_US
                    [10023] => Array
                        (
                            [0] => Accept: */*
                            [1] => Cache-Control: max-age=0
                            [2] => Connection: keep-alive
                            [3] => Expect: 
                            [4] => Pragma: 
                            [5] => Authorization: Bearer EAALaPShofYoBP74JuQfGF9mpIbeAeRZA4IPUVSEw2dRwMZB8gu0fJfvSx67cURwkaonhqbcNTAvkPLEYVDt3cL6xiwGNp4VkmbzxgAQQw1V0aUAafGjkLY6lXz2rFQyyYfVu0U7k8LjUWV53Lv0qDpwD1u2yPJ6ZABI865p6TfSMKJkuALPu3Igm69fPHDjXXso07rZCRIyp3ZCYHvGdIySGTWmIzuJA9EYZARNdIgQyR6mPTHlCZCrNikSSQl1ShN6YOXzY6pEuxcCvJZCpCFeBwMxPNRdCA8jlhoXmvgs0rw1CUVcnIY74H9fl
                        )

                    [20079] => *omitted
                )

        )

)

debug -- ::1 -- 2025-11-08T12:05:12+00:00 -- Initialize Hybridauth\Provider\Google, config: 
Array
(
    [enabled] => 1
    [keys] => Array
        (
            [id] => 523070165573-vragqgmqssr2uos6lffbugjnstj2720a.apps.googleusercontent.com
            [secret] => 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
        )

    [scope] => openid profile email https://www.googleapis.com/auth/userinfo.email https://www.googleapis.com/auth/userinfo.profile
    [debug_mode] => 1
    [debug_file] => C:\laragon\scooby-doo\UnFixed/hybridauth.log
    [callback] => http://localhost:3000/callback-facebook.php
)

info -- ::1 -- 2025-11-08T12:05:12+00:00 -- Hybridauth\Provider\Google::authenticate()
debug -- ::1 -- 2025-11-08T12:05:12+00:00 -- Hybridauth\Provider\Google::authenticateBegin(), redirecting user to:
Array
(
    [0] => https://accounts.google.com/o/oauth2/v2/auth?response_type=code&client_id=523070165573-vragqgmqssr2uos6lffbugjnstj2720a.apps.googleusercontent.com&redirect_uri=http%3A%2F%2Flocalhost%3A3000%2Fcallback-facebook.php&scope=openid+profile+email+https%3A%2F%2Fwww.googleapis.com%2Fauth%2Fuserinfo.email+https%3A%2F%2Fwww.googleapis.com%2Fauth%2Fuserinfo.profile&access_type=offline&prompt=consent&state=HA-6R18B0ZKDOPW2XUESCAIF4953HJTYNVG7QLM
)

debug -- ::1 -- 2025-11-08T12:05:25+00:00 -- Initialize Hybridauth\Provider\Google, config: 
Array
(
    [enabled] => 1
    [keys] => Array
        (
            [id] => 523070165573-vragqgmqssr2uos6lffbugjnstj2720a.apps.googleusercontent.com
            [secret] => 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
        )

    [scope] => openid profile email https://www.googleapis.com/auth/userinfo.email https://www.googleapis.com/auth/userinfo.profile
    [debug_mode] => 1
    [debug_file] => C:\laragon\scooby-doo\UnFixed/hybridauth.log
    [callback] => http://localhost:3000/callback-facebook.php
)

info -- ::1 -- 2025-11-08T12:05:25+00:00 -- Hybridauth\Provider\Google::authenticate()
debug -- ::1 -- 2025-11-08T12:05:25+00:00 -- Hybridauth\Provider\Google::authenticateBegin(), redirecting user to:
Array
(
    [0] => https://accounts.google.com/o/oauth2/v2/auth?response_type=code&client_id=523070165573-vragqgmqssr2uos6lffbugjnstj2720a.apps.googleusercontent.com&redirect_uri=http%3A%2F%2Flocalhost%3A3000%2Fcallback-facebook.php&scope=openid+profile+email+https%3A%2F%2Fwww.googleapis.com%2Fauth%2Fuserinfo.email+https%3A%2F%2Fwww.googleapis.com%2Fauth%2Fuserinfo.profile&access_type=offline&prompt=consent&state=HA-EDO593P71TLXNRIFVB2CM8KZ4QHJSUWAYG06
)

debug -- ::1 -- 2025-11-08T12:07:27+00:00 -- Initialize Hybridauth\Provider\Google, config: 
Array
(
    [enabled] => 1
    [keys] => Array
        (
            [id] => 523070165573-vragqgmqssr2uos6lffbugjnstj2720a.apps.googleusercontent.com
            [secret] => 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
        )

    [scope] => openid profile email https://www.googleapis.com/auth/userinfo.email https://www.googleapis.com/auth/userinfo.profile
    [debug_mode] => 1
    [debug_file] => C:\laragon\scooby-doo\UnFixed/hybridauth.log
    [callback] => http://localhost:3000/callback-facebook.php
)

info -- ::1 -- 2025-11-08T12:07:27+00:00 -- Hybridauth\Provider\Google::authenticate()
debug -- ::1 -- 2025-11-08T12:07:27+00:00 -- Hybridauth\Provider\Google::authenticateBegin(), redirecting user to:
Array
(
    [0] => https://accounts.google.com/o/oauth2/v2/auth?response_type=code&client_id=523070165573-vragqgmqssr2uos6lffbugjnstj2720a.apps.googleusercontent.com&redirect_uri=http%3A%2F%2Flocalhost%3A3000%2Fcallback-facebook.php&scope=openid+profile+email+https%3A%2F%2Fwww.googleapis.com%2Fauth%2Fuserinfo.email+https%3A%2F%2Fwww.googleapis.com%2Fauth%2Fuserinfo.profile&access_type=offline&prompt=consent&state=HA-JNBXR2FCG4156V9ODME3P07WLYIUQKSTHZA8
)

debug -- ::1 -- 2025-11-08T12:07:50+00:00 -- Initialize Hybridauth\Provider\Google, config: 
Array
(
    [enabled] => 1
    [keys] => Array
        (
            [id] => 523070165573-vragqgmqssr2uos6lffbugjnstj2720a.apps.googleusercontent.com
            [secret] => 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
        )

    [scope] => openid profile email https://www.googleapis.com/auth/userinfo.email https://www.googleapis.com/auth/userinfo.profile
    [debug_mode] => 1
    [debug_file] => C:\laragon\scooby-doo\UnFixed/hybridauth.log
    [callback] => http://localhost:3000/callback.php
)

info -- ::1 -- 2025-11-08T12:07:50+00:00 -- Hybridauth\Provider\Google::authenticate()
debug -- ::1 -- 2025-11-08T12:07:50+00:00 -- Hybridauth\Provider\Google::authenticateBegin(), redirecting user to:
Array
(
    [0] => https://accounts.google.com/o/oauth2/v2/auth?response_type=code&client_id=523070165573-vragqgmqssr2uos6lffbugjnstj2720a.apps.googleusercontent.com&redirect_uri=http%3A%2F%2Flocalhost%3A3000%2Fcallback.php&scope=openid+profile+email+https%3A%2F%2Fwww.googleapis.com%2Fauth%2Fuserinfo.email+https%3A%2F%2Fwww.googleapis.com%2Fauth%2Fuserinfo.profile&access_type=offline&prompt=consent&state=HA-8Z1D52IHNCB49UX7APY0MQFJOTERWLKS6GV3
)

debug -- ::1 -- 2025-11-08T12:07:55+00:00 -- Initialize Hybridauth\Provider\Google, config: 
Array
(
    [enabled] => 1
    [keys] => Array
        (
            [id] => 523070165573-vragqgmqssr2uos6lffbugjnstj2720a.apps.googleusercontent.com
            [secret] => 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
        )

    [scope] => openid profile email https://www.googleapis.com/auth/userinfo.email https://www.googleapis.com/auth/userinfo.profile
    [debug_mode] => 1
    [debug_file] => C:\laragon\scooby-doo\UnFixed/hybridauth.log
    [callback] => http://localhost:3000/callback.php
)

info -- ::1 -- 2025-11-08T12:07:55+00:00 -- Hybridauth\Provider\Google::authenticate()
debug -- ::1 -- 2025-11-08T12:07:55+00:00 -- Hybridauth\Provider\Google::authenticateFinish(), callback url:
Array
(
    [0] => http://localhost:3000/callback.php?state=HA-8Z1D52IHNCB49UX7APY0MQFJOTERWLKS6GV3&code=4%2F0Ab32j92bWncU2yG5QxdFHD26feLY3BgiDjC2ZdeFDjGmxFcCcdMp5jAWKosSe7hndouuAg&scope=email+profile+https%3A%2F%2Fwww.googleapis.com%2Fauth%2Fuserinfo.profile+https%3A%2F%2Fwww.googleapis.com%2Fauth%2Fuserinfo.email+openid&authuser=0&prompt=consent
)

debug -- ::1 -- 2025-11-08T12:08:10+00:00 -- Hybridauth\HttpClient\Curl::request( https://oauth2.googleapis.com/token, POST ), response:
Array
(
    [request] => Array
        (
            [uri] => https://oauth2.googleapis.com/token
            [method] => POST
            [parameters] => Array
                (
                    [client_id] => 523070165573-vragqgmqssr2uos6lffbugjnstj2720a.apps.googleusercontent.com
                    [client_secret] => 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
                    [grant_type] => authorization_code
                    [redirect_uri] => http://localhost:3000/callback.php
                    [code] => 4/0Ab32j92bWncU2yG5QxdFHD26feLY3BgiDjC2ZdeFDjGmxFcCcdMp5jAWKosSe7hndouuAg
                )

            [headers] => Array
                (
                    [Accept] => */*
                    [Cache-Control] => max-age=0
                    [Connection] => keep-alive
                    [Expect] => 
                    [Pragma] => 
                )

        )

    [response] => Array
        (
            [code] => 200
            [headers] => Array
                (
                    [cache_control] => no-cache, no-store, max-age=0, must-revalidate
                    [expires] => Mon, 01 Jan 1990 00:00:00 GMT
                    [date] => Sat, 08 Nov 2025 12:08:10 GMT
                    [pragma] => no-cache
                    [content_type] => application/json; charset=utf-8
                    [vary] => Origin,Accept-Encoding
                    [server] => scaffolding on HTTPServer2
                    [x_xss_protection] => 0
                    [x_frame_options] => SAMEORIGIN
                    [x_content_type_options] => nosniff
                    [alt_svc] => h3=":443"; ma=2592000,h3-29=":443"; ma=2592000
                    [accept_ranges] => none
                )

            [body] => {
  "access_token": "ya29.a0ATi6K2tWmuEGWhhxtulSogNjVHxcDSu8uC9POeT3xvEvj32GU9wl1pIDAct6WEIw13kutWwEx37F6JczdPw_mgm5ZhS4GddouN-Ek8W_4lWRC4aZMJaZkRSGTEBfk0QhkaR7eiTVzKEx-cOCJFAneIE8H96a4ECVcl8acBkOnO3AYMNqNdWm6VaW_I8HEp9XRfylJ_kaCgYKAR4SARQSFQHGX2Mi9xIlZhsTJQr9I6GlEALppA0206",
  "expires_in": 3599,
  "refresh_token": "1//0gFz-4W1kk_neCgYIARAAGBASNwF-L9IrBVGwQSHMrbzXFeKJz0f9WwikgRqlez4n46223vN6ZKpUXN0GVFrh2JUGm0BJ299RJKA",
  "scope": "openid https://www.googleapis.com/auth/userinfo.profile https://www.googleapis.com/auth/userinfo.email",
  "token_type": "Bearer",
  "id_token": "eyJhbGciOiJSUzI1NiIsImtpZCI6ImI1ZTQ0MGFlOTQxZTk5ODFlZTJmYTEzNzZkNDJjNDZkNzMxZGVlM2YiLCJ0eXAiOiJKV1QifQ.eyJpc3MiOiJodHRwczovL2FjY291bnRzLmdvb2dsZS5jb20iLCJhenAiOiI1MjMwNzAxNjU1NzMtdnJhZ3FnbXFzc3IydW9zNmxmZmJ1Z2puc3RqMjcyMGEuYXBwcy5nb29nbGV1c2VyY29udGVudC5jb20iLCJhdWQiOiI1MjMwNzAxNjU1NzMtdnJhZ3FnbXFzc3IydW9zNmxmZmJ1Z2puc3RqMjcyMGEuYXBwcy5nb29nbGV1c2VyY29udGVudC5jb20iLCJzdWIiOiIxMDYxMjI1OTM0ODUyMDA4MjI5ODciLCJlbWFpbCI6ImpmZXJ4aWljQGdtYWlsLmNvbSIsImVtYWlsX3ZlcmlmaWVkIjp0cnVlLCJhdF9oYXNoIjoiVXpJY3d2RjBpWEE4SFluSV96Qjc4ZyIsIm5hbWUiOiJKIEZlcnhpaWMiLCJwaWN0dXJlIjoiaHR0cHM6Ly9saDMuZ29vZ2xldXNlcmNvbnRlbnQuY29tL2EvQUNnOG9jSWo2bmVaQUxIM21OMVd2V2tmNFNqUVRvOHBGVVV2LW5xcjNrWmRRTjBlTlM4SHhSYz1zOTYtYyIsImdpdmVuX25hbWUiOiJKIiwiZmFtaWx5X25hbWUiOiJGZXJ4aWljIiwiaWF0IjoxNzYyNjAzNjkwLCJleHAiOjE3NjI2MDcyOTB9.YWe63amoLcuJ1WBBJe3R2ICKCKnrSxIQFi43KaX-XmC5rSGt9TC1OC9gLCJYZ8w6_YlAT8PH-K6KOij8lIkKAIdr6xIFCiL54t09uesUtKOZGKeenpVe7vQXj9i8djoRZlc-dCmkkGeoW6w--OCx5ZojEEBviy1aNJlPbNM2s0GJoumE_n4gLY0JWhHA2w4-Xh3iJDxT4CunxwCippdzl9TudwKakeCqdVXZwQixx0X99XJL6A4kixmRQrcdczwwz5aIdsvqCM15nkTwEcUmD9xKIbP8EgNmUJZJLVSbog2ngZwkScszsjnMIz3aGEjwJNCC0nnCdiXppEdyVtsKlQ"
}
        )

    [client] => Array
        (
            [error] => 
            [info] => Array
                (
                    [url] => https://oauth2.googleapis.com/token
                    [content_type] => application/json; charset=utf-8
                    [http_code] => 200
                    [header_size] => 478
                    [request_size] => 313
                    [filetime] => -1
                    [ssl_verify_result] => 0
                    [redirect_count] => 0
                    [total_time] => 15.321873
                    [namelookup_time] => 0.073657
                    [connect_time] => 15.131252
                    [pretransfer_time] => 15.171681
                    [size_upload] => 301
                    [size_download] => 1724
                    [speed_download] => 112
                    [speed_upload] => 19
                    [download_content_length] => -1
                    [upload_content_length] => 301
                    [starttransfer_time] => 15.171698
                    [redirect_time] => 0
                    [redirect_url] => 
                    [primary_ip] => 74.125.130.95
                    [certinfo] => Array
                        (
                        )

                    [primary_port] => 443
                    [local_ip] => 172.25.4.15
                    [local_port] => 60715
                    [http_version] => 3
                    [protocol] => 2
                    [ssl_verifyresult] => 0
                    [scheme] => HTTPS
                    [appconnect_time_us] => 15171180
                    [connect_time_us] => 15131252
                    [namelookup_time_us] => 73657
                    [pretransfer_time_us] => 15171681
                    [redirect_time_us] => 0
                    [starttransfer_time_us] => 15171698
                    [total_time_us] => 15321873
                    [request_header] => POST /token HTTP/2
Host: oauth2.googleapis.com
user-agent: Hybridauth, PHP Social Authentication Library (https://github.com/hybridauth/hybridauth)
accept-encoding: identity
accept: */*
cache-control: max-age=0
connection: keep-alive
content-length: 301
content-type: application/x-www-form-urlencoded


                )

            [opts] => Array
                (
                    [13] => 30
                    [78] => 30
                    [64] => 
                    [81] => 
                    [19913] => 1
                    [52] => 1
                    [68] => 5
                    [2] => 1
                    [10102] => identity
                    [10018] => Hybridauth, PHP Social Authentication Library (https://github.com/hybridauth/hybridauth)
                    [47] => 1
                    [10015] => client_id=523070165573-vragqgmqssr2uos6lffbugjnstj2720a.apps.googleusercontent.com&client_secret=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&grant_type=authorization_code&redirect_uri=http%3A%2F%2Flocalhost%3A3000%2Fcallback.php&code=4%2F0Ab32j92bWncU2yG5QxdFHD26feLY3BgiDjC2ZdeFDjGmxFcCcdMp5jAWKosSe7hndouuAg
                    [10002] => https://oauth2.googleapis.com/token
                    [10023] => Array
                        (
                            [0] => Accept: */*
                            [1] => Cache-Control: max-age=0
                            [2] => Connection: keep-alive
                            [3] => Expect: 
                            [4] => Pragma: 
                        )

                    [20079] => *omitted
                )

        )

)

debug -- ::1 -- 2025-11-08T12:08:10+00:00 -- Hybridauth\HttpClient\Curl::request( https://www.googleapis.com/oauth2/v3/userinfo?, GET ), response:
Array
(
    [request] => Array
        (
            [uri] => https://www.googleapis.com/oauth2/v3/userinfo
            [method] => GET
            [parameters] => Array
                (
                )

            [headers] => Array
                (
                    [Accept] => */*
                    [Cache-Control] => max-age=0
                    [Connection] => keep-alive
                    [Expect] => 
                    [Pragma] => 
                    [Authorization] => Bearer ya29.a0ATi6K2tWmuEGWhhxtulSogNjVHxcDSu8uC9POeT3xvEvj32GU9wl1pIDAct6WEIw13kutWwEx37F6JczdPw_mgm5ZhS4GddouN-Ek8W_4lWRC4aZMJaZkRSGTEBfk0QhkaR7eiTVzKEx-cOCJFAneIE8H96a4ECVcl8acBkOnO3AYMNqNdWm6VaW_I8HEp9XRfylJ_kaCgYKAR4SARQSFQHGX2Mi9xIlZhsTJQr9I6GlEALppA0206
                )

        )

    [response] => Array
        (
            [code] => 200
            [headers] => Array
                (
                    [cache_control] => no-cache, no-store, max-age=0, must-revalidate
                    [expires] => Mon, 01 Jan 1990 00:00:00 GMT
                    [date] => Sat, 08 Nov 2025 12:08:10 GMT
                    [pragma] => no-cache
                    [content_type] => application/json; charset=utf-8
                    [vary] => Origin,Accept-Encoding
                    [server] => ESF
                    [x_xss_protection] => 0
                    [x_frame_options] => SAMEORIGIN
                    [x_content_type_options] => nosniff
                    [alt_svc] => h3=":443"; ma=2592000,h3-29=":443"; ma=2592000
                    [accept_ranges] => none
                )

            [body] => {
  "sub": "106122593485200822987",
  "name": "J Ferxiic",
  "given_name": "J",
  "family_name": "Ferxiic",
  "picture": "https://lh3.googleusercontent.com/a/ACg8ocIj6neZALH3mN1WvWkf4SjQTo8pFUUv-nqr3kZdQN0eNS8HxRc\u003ds96-c",
  "email": "jferxiic@gmail.com",
  "email_verified": true
}
        )

    [client] => Array
        (
            [error] => 
            [info] => Array
                (
                    [url] => https://www.googleapis.com/oauth2/v3/userinfo
                    [content_type] => application/json; charset=utf-8
                    [http_code] => 200
                    [header_size] => 455
                    [request_size] => 530
                    [filetime] => -1
                    [ssl_verify_result] => 0
                    [redirect_count] => 0
                    [total_time] => 0.155791
                    [namelookup_time] => 0.005541
                    [connect_time] => 0.045403
                    [pretransfer_time] => 0.088176
                    [size_upload] => 0
                    [size_download] => 286
                    [speed_download] => 1835
                    [speed_upload] => 0
                    [download_content_length] => -1
                    [upload_content_length] => 0
                    [starttransfer_time] => 0.155694
                    [redirect_time] => 0
                    [redirect_url] => 
                    [primary_ip] => 64.233.170.95
                    [certinfo] => Array
                        (
                        )

                    [primary_port] => 443
                    [local_ip] => 172.25.4.15
                    [local_port] => 60721
                    [http_version] => 3
                    [protocol] => 2
                    [ssl_verifyresult] => 0
                    [scheme] => HTTPS
                    [appconnect_time_us] => 88000
                    [connect_time_us] => 45403
                    [namelookup_time_us] => 5541
                    [pretransfer_time_us] => 88176
                    [redirect_time_us] => 0
                    [starttransfer_time_us] => 155694
                    [total_time_us] => 155791
                    [request_header] => GET /oauth2/v3/userinfo? HTTP/2
Host: www.googleapis.com
user-agent: Hybridauth, PHP Social Authentication Library (https://github.com/hybridauth/hybridauth)
accept-encoding: identity
accept: */*
cache-control: max-age=0
connection: keep-alive
authorization: Bearer ya29.a0ATi6K2tWmuEGWhhxtulSogNjVHxcDSu8uC9POeT3xvEvj32GU9wl1pIDAct6WEIw13kutWwEx37F6JczdPw_mgm5ZhS4GddouN-Ek8W_4lWRC4aZMJaZkRSGTEBfk0QhkaR7eiTVzKEx-cOCJFAneIE8H96a4ECVcl8acBkOnO3AYMNqNdWm6VaW_I8HEp9XRfylJ_kaCgYKAR4SARQSFQHGX2Mi9xIlZhsTJQr9I6GlEALppA0206


                )

            [opts] => Array
                (
                    [13] => 30
                    [78] => 30
                    [64] => 
                    [81] => 
                    [19913] => 1
                    [52] => 1
                    [68] => 5
                    [2] => 1
                    [10102] => identity
                    [10018] => Hybridauth, PHP Social Authentication Library (https://github.com/hybridauth/hybridauth)
                    [10002] => https://www.googleapis.com/oauth2/v3/userinfo?
                    [10023] => Array
                        (
                            [0] => Accept: */*
                            [1] => Cache-Control: max-age=0
                            [2] => Connection: keep-alive
                            [3] => Expect: 
                            [4] => Pragma: 
                            [5] => Authorization: Bearer ya29.a0ATi6K2tWmuEGWhhxtulSogNjVHxcDSu8uC9POeT3xvEvj32GU9wl1pIDAct6WEIw13kutWwEx37F6JczdPw_mgm5ZhS4GddouN-Ek8W_4lWRC4aZMJaZkRSGTEBfk0QhkaR7eiTVzKEx-cOCJFAneIE8H96a4ECVcl8acBkOnO3AYMNqNdWm6VaW_I8HEp9XRfylJ_kaCgYKAR4SARQSFQHGX2Mi9xIlZhsTJQr9I6GlEALppA0206
                        )

                    [20079] => *omitted
                )

        )

)

debug -- ::1 -- 2025-11-08T12:08:36+00:00 -- Initialize Hybridauth\Provider\Google, config: 
Array
(
    [enabled] => 1
    [keys] => Array
        (
            [id] => 523070165573-vragqgmqssr2uos6lffbugjnstj2720a.apps.googleusercontent.com
            [secret] => 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
        )

    [scope] => openid profile email https://www.googleapis.com/auth/userinfo.email https://www.googleapis.com/auth/userinfo.profile
    [debug_mode] => 1
    [debug_file] => C:\laragon\scooby-doo\UnFixed/hybridauth.log
    [callback] => http://localhost:3000/callback.php
)

info -- ::1 -- 2025-11-08T12:08:36+00:00 -- Hybridauth\Provider\Google::authenticate()
debug -- ::1 -- 2025-11-08T12:08:36+00:00 -- Hybridauth\Provider\Google::authenticateBegin(), redirecting user to:
Array
(
    [0] => https://accounts.google.com/o/oauth2/v2/auth?response_type=code&client_id=523070165573-vragqgmqssr2uos6lffbugjnstj2720a.apps.googleusercontent.com&redirect_uri=http%3A%2F%2Flocalhost%3A3000%2Fcallback.php&scope=openid+profile+email+https%3A%2F%2Fwww.googleapis.com%2Fauth%2Fuserinfo.email+https%3A%2F%2Fwww.googleapis.com%2Fauth%2Fuserinfo.profile&access_type=offline&prompt=consent&state=HA-AV3MRSGWDHJK20F7YB51L4U6NI9XZCETQO8P
)

debug -- ::1 -- 2025-11-08T12:08:39+00:00 -- Initialize Hybridauth\Provider\Facebook, config: 
Array
(
    [enabled] => 1
    [keys] => Array
        (
            [id] => 802906159218058
            [secret] => 4c9f47f9144bd613f8059078363d8f02
        )

    [scope] => email, public_profile
    [trustForwarded] => 
    [debug_mode] => 1
    [debug_file] => C:\laragon\scooby-doo\UnFixed/hybridauth.log
    [callback] => http://localhost:3000/callback.php
)

info -- ::1 -- 2025-11-08T12:08:39+00:00 -- Hybridauth\Provider\Facebook::authenticate()
debug -- ::1 -- 2025-11-08T12:08:39+00:00 -- Hybridauth\Provider\Facebook::authenticateBegin(), redirecting user to:
Array
(
    [0] => https://www.facebook.com/dialog/oauth?response_type=code&client_id=802906159218058&redirect_uri=http%3A%2F%2Flocalhost%3A3000%2Fcallback.php&scope=email%2C+public_profile&state=HA-2IZ6AWCGFY5SX0RJM4T1KQ39E8DVOLNHPUB7
)

debug -- ::1 -- 2025-11-08T12:08:43+00:00 -- Initialize Hybridauth\Provider\Google, config: 
Array
(
    [enabled] => 1
    [keys] => Array
        (
            [id] => 523070165573-vragqgmqssr2uos6lffbugjnstj2720a.apps.googleusercontent.com
            [secret] => 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
        )

    [scope] => openid profile email https://www.googleapis.com/auth/userinfo.email https://www.googleapis.com/auth/userinfo.profile
    [debug_mode] => 1
    [debug_file] => C:\laragon\scooby-doo\UnFixed/hybridauth.log
    [callback] => http://localhost:3000/callback.php
)

info -- ::1 -- 2025-11-08T12:08:43+00:00 -- Hybridauth\Provider\Google::authenticate()
debug -- ::1 -- 2025-11-08T12:08:43+00:00 -- Hybridauth\Provider\Google::authenticateFinish(), callback url:
Array
(
    [0] => http://localhost:3000/callback.php?code=AQBvhFiWU0AbH0vIgpJ6k1VSha0ugJFOQv47t0rp44Bpmr2PGYoCAoK3YJu3qc8xMuNMH7I2i25k3DuttIUZrS4H1amVISScdGvN8a3s99CBVgssxkvqo_W7aJjZUbeMw0JBwORzc-8x21_sDaTnCp9LeFVWhmKw0Zxu83Y01xpx16GCyiTdIcUzrYVNRNOaVno7xUv1t4FuMHXPS7YDecHGu1LdyDzEXO0auQ6p60CdTY2PEm1d6dzFk0YFMyGfb22QZ2Asleq6kY21h4x6pgKpDWlnPfXMh2JxBplcyG_lZCHUm3yNHebH6zWGshUHzEQhl51ZsI3pwb-8O1y0e5tgRT1NV4ZyvNWeoDprCa5lG6wHAuMBp4527ldpnKo-TqDRocj5th6hdqQ4NKKg9iLLLxV1RJoKzn3uAOIGjCZYXcHip1jDrAQCbcyu2V8LEqs&state=HA-2IZ6AWCGFY5SX0RJM4T1KQ39E8DVOLNHPUB7
)

debug -- ::1 -- 2025-11-08T12:10:20+00:00 -- Initialize Hybridauth\Provider\Google, config: 
Array
(
    [enabled] => 1
    [keys] => Array
        (
            [id] => 523070165573-vragqgmqssr2uos6lffbugjnstj2720a.apps.googleusercontent.com
            [secret] => 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
        )

    [scope] => openid profile email https://www.googleapis.com/auth/userinfo.email https://www.googleapis.com/auth/userinfo.profile
    [debug_mode] => 1
    [debug_file] => C:\laragon\scooby-doo\UnFixed/hybridauth.log
    [callback] => http://localhost:3000/callback.php
)

info -- ::1 -- 2025-11-08T12:10:20+00:00 -- Hybridauth\Provider\Google::authenticate()
debug -- ::1 -- 2025-11-08T12:10:20+00:00 -- Hybridauth\Provider\Google::authenticateFinish(), callback url:
Array
(
    [0] => http://localhost:3000/callback.php?code=AQBvhFiWU0AbH0vIgpJ6k1VSha0ugJFOQv47t0rp44Bpmr2PGYoCAoK3YJu3qc8xMuNMH7I2i25k3DuttIUZrS4H1amVISScdGvN8a3s99CBVgssxkvqo_W7aJjZUbeMw0JBwORzc-8x21_sDaTnCp9LeFVWhmKw0Zxu83Y01xpx16GCyiTdIcUzrYVNRNOaVno7xUv1t4FuMHXPS7YDecHGu1LdyDzEXO0auQ6p60CdTY2PEm1d6dzFk0YFMyGfb22QZ2Asleq6kY21h4x6pgKpDWlnPfXMh2JxBplcyG_lZCHUm3yNHebH6zWGshUHzEQhl51ZsI3pwb-8O1y0e5tgRT1NV4ZyvNWeoDprCa5lG6wHAuMBp4527ldpnKo-TqDRocj5th6hdqQ4NKKg9iLLLxV1RJoKzn3uAOIGjCZYXcHip1jDrAQCbcyu2V8LEqs&state=HA-2IZ6AWCGFY5SX0RJM4T1KQ39E8DVOLNHPUB7
)

debug -- ::1 -- 2025-11-08T12:10:21+00:00 -- Initialize Hybridauth\Provider\Google, config: 
Array
(
    [enabled] => 1
    [keys] => Array
        (
            [id] => 523070165573-vragqgmqssr2uos6lffbugjnstj2720a.apps.googleusercontent.com
            [secret] => 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
        )

    [scope] => openid profile email https://www.googleapis.com/auth/userinfo.email https://www.googleapis.com/auth/userinfo.profile
    [debug_mode] => 1
    [debug_file] => C:\laragon\scooby-doo\UnFixed/hybridauth.log
    [callback] => http://localhost:3000/callback.php
)

info -- ::1 -- 2025-11-08T12:10:21+00:00 -- Hybridauth\Provider\Google::authenticate()
debug -- ::1 -- 2025-11-08T12:10:21+00:00 -- Hybridauth\Provider\Google::authenticateFinish(), callback url:
Array
(
    [0] => http://localhost:3000/callback.php?code=AQBvhFiWU0AbH0vIgpJ6k1VSha0ugJFOQv47t0rp44Bpmr2PGYoCAoK3YJu3qc8xMuNMH7I2i25k3DuttIUZrS4H1amVISScdGvN8a3s99CBVgssxkvqo_W7aJjZUbeMw0JBwORzc-8x21_sDaTnCp9LeFVWhmKw0Zxu83Y01xpx16GCyiTdIcUzrYVNRNOaVno7xUv1t4FuMHXPS7YDecHGu1LdyDzEXO0auQ6p60CdTY2PEm1d6dzFk0YFMyGfb22QZ2Asleq6kY21h4x6pgKpDWlnPfXMh2JxBplcyG_lZCHUm3yNHebH6zWGshUHzEQhl51ZsI3pwb-8O1y0e5tgRT1NV4ZyvNWeoDprCa5lG6wHAuMBp4527ldpnKo-TqDRocj5th6hdqQ4NKKg9iLLLxV1RJoKzn3uAOIGjCZYXcHip1jDrAQCbcyu2V8LEqs&state=HA-2IZ6AWCGFY5SX0RJM4T1KQ39E8DVOLNHPUB7
)

debug -- ::1 -- 2025-11-08T12:10:21+00:00 -- Initialize Hybridauth\Provider\Google, config: 
Array
(
    [enabled] => 1
    [keys] => Array
        (
            [id] => 523070165573-vragqgmqssr2uos6lffbugjnstj2720a.apps.googleusercontent.com
            [secret] => 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
        )

    [scope] => openid profile email https://www.googleapis.com/auth/userinfo.email https://www.googleapis.com/auth/userinfo.profile
    [debug_mode] => 1
    [debug_file] => C:\laragon\scooby-doo\UnFixed/hybridauth.log
    [callback] => http://localhost:3000/callback.php
)

info -- ::1 -- 2025-11-08T12:10:21+00:00 -- Hybridauth\Provider\Google::authenticate()
debug -- ::1 -- 2025-11-08T12:10:21+00:00 -- Hybridauth\Provider\Google::authenticateFinish(), callback url:
Array
(
    [0] => http://localhost:3000/callback.php?code=AQBvhFiWU0AbH0vIgpJ6k1VSha0ugJFOQv47t0rp44Bpmr2PGYoCAoK3YJu3qc8xMuNMH7I2i25k3DuttIUZrS4H1amVISScdGvN8a3s99CBVgssxkvqo_W7aJjZUbeMw0JBwORzc-8x21_sDaTnCp9LeFVWhmKw0Zxu83Y01xpx16GCyiTdIcUzrYVNRNOaVno7xUv1t4FuMHXPS7YDecHGu1LdyDzEXO0auQ6p60CdTY2PEm1d6dzFk0YFMyGfb22QZ2Asleq6kY21h4x6pgKpDWlnPfXMh2JxBplcyG_lZCHUm3yNHebH6zWGshUHzEQhl51ZsI3pwb-8O1y0e5tgRT1NV4ZyvNWeoDprCa5lG6wHAuMBp4527ldpnKo-TqDRocj5th6hdqQ4NKKg9iLLLxV1RJoKzn3uAOIGjCZYXcHip1jDrAQCbcyu2V8LEqs&state=HA-2IZ6AWCGFY5SX0RJM4T1KQ39E8DVOLNHPUB7
)

debug -- ::1 -- 2025-11-08T12:10:21+00:00 -- Initialize Hybridauth\Provider\Google, config: 
Array
(
    [enabled] => 1
    [keys] => Array
        (
            [id] => 523070165573-vragqgmqssr2uos6lffbugjnstj2720a.apps.googleusercontent.com
            [secret] => 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
        )

    [scope] => openid profile email https://www.googleapis.com/auth/userinfo.email https://www.googleapis.com/auth/userinfo.profile
    [debug_mode] => 1
    [debug_file] => C:\laragon\scooby-doo\UnFixed/hybridauth.log
    [callback] => http://localhost:3000/callback.php
)

info -- ::1 -- 2025-11-08T12:10:21+00:00 -- Hybridauth\Provider\Google::authenticate()
debug -- ::1 -- 2025-11-08T12:10:21+00:00 -- Hybridauth\Provider\Google::authenticateFinish(), callback url:
Array
(
    [0] => http://localhost:3000/callback.php?code=AQBvhFiWU0AbH0vIgpJ6k1VSha0ugJFOQv47t0rp44Bpmr2PGYoCAoK3YJu3qc8xMuNMH7I2i25k3DuttIUZrS4H1amVISScdGvN8a3s99CBVgssxkvqo_W7aJjZUbeMw0JBwORzc-8x21_sDaTnCp9LeFVWhmKw0Zxu83Y01xpx16GCyiTdIcUzrYVNRNOaVno7xUv1t4FuMHXPS7YDecHGu1LdyDzEXO0auQ6p60CdTY2PEm1d6dzFk0YFMyGfb22QZ2Asleq6kY21h4x6pgKpDWlnPfXMh2JxBplcyG_lZCHUm3yNHebH6zWGshUHzEQhl51ZsI3pwb-8O1y0e5tgRT1NV4ZyvNWeoDprCa5lG6wHAuMBp4527ldpnKo-TqDRocj5th6hdqQ4NKKg9iLLLxV1RJoKzn3uAOIGjCZYXcHip1jDrAQCbcyu2V8LEqs&state=HA-2IZ6AWCGFY5SX0RJM4T1KQ39E8DVOLNHPUB7
)

debug -- ::1 -- 2025-11-08T12:10:24+00:00 -- Initialize Hybridauth\Provider\Facebook, config: 
Array
(
    [enabled] => 1
    [keys] => Array
        (
            [id] => 802906159218058
            [secret] => 4c9f47f9144bd613f8059078363d8f02
        )

    [scope] => email, public_profile
    [trustForwarded] => 
    [debug_mode] => 1
    [debug_file] => C:\laragon\scooby-doo\UnFixed/hybridauth.log
    [callback] => http://localhost:3000/callback.php
)

info -- ::1 -- 2025-11-08T12:10:24+00:00 -- Hybridauth\Provider\Facebook::authenticate()
debug -- ::1 -- 2025-11-08T12:10:24+00:00 -- Hybridauth\Provider\Facebook::authenticateBegin(), redirecting user to:
Array
(
    [0] => https://www.facebook.com/dialog/oauth?response_type=code&client_id=802906159218058&redirect_uri=http%3A%2F%2Flocalhost%3A3000%2Fcallback.php&scope=email%2C+public_profile&state=HA-TNI25XCPWODQVK7RYZHM8F0LJU6EBG93AS14
)

debug -- ::1 -- 2025-11-08T12:10:27+00:00 -- Initialize Hybridauth\Provider\Google, config: 
Array
(
    [enabled] => 1
    [keys] => Array
        (
            [id] => 523070165573-vragqgmqssr2uos6lffbugjnstj2720a.apps.googleusercontent.com
            [secret] => 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
        )

    [scope] => openid profile email https://www.googleapis.com/auth/userinfo.email https://www.googleapis.com/auth/userinfo.profile
    [debug_mode] => 1
    [debug_file] => C:\laragon\scooby-doo\UnFixed/hybridauth.log
    [callback] => http://localhost:3000/callback.php
)

info -- ::1 -- 2025-11-08T12:10:27+00:00 -- Hybridauth\Provider\Google::authenticate()
debug -- ::1 -- 2025-11-08T12:10:27+00:00 -- Hybridauth\Provider\Google::authenticateFinish(), callback url:
Array
(
    [0] => http://localhost:3000/callback.php?code=AQDK4TRxwWI_KCo2E1ClkzOF2gB9u1jab0XgN_GiT59CR-L667fuyrUc1yCjpS1bFJuppKz3roBiJi-Pc4BL5HGcUMlZu0ZN2Wh_uRZ1QzppJKdXow5ke-7Pm2klqBb7BCHYtcKROzxEXhwYZsu_-8A4L0WCmLX_zafE9Op2gOxEbdzUDpaDFJZFpgHi7K1fFr_dniot_ysuxW_X1RHLbSG0_7U5gdSlOw_cNUfAWLHcDJ1bA12LYuIV5JEKPbpq6jTrje4OVgMfu4G1_w9AQi_qw5bW88e2Y9Ei7wQR_oN4dmyhPYsYNbdRQrBMjiuulcypHSX7caCcD_OieNHUfWK0nISY0PK2cqCYq9HZdQaYLEZtfzQw9m3vIJkOjMFVSLXVLn0ihK0RLjJhijkhdGf33YcDpi-3dn79DQofe_l1hFs3geqUjQXWHwen2z34VmY&state=HA-TNI25XCPWODQVK7RYZHM8F0LJU6EBG93AS14
)

debug -- ::1 -- 2025-11-08T12:10:32+00:00 -- Initialize Hybridauth\Provider\Google, config: 
Array
(
    [enabled] => 1
    [keys] => Array
        (
            [id] => 523070165573-vragqgmqssr2uos6lffbugjnstj2720a.apps.googleusercontent.com
            [secret] => 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
        )

    [scope] => openid profile email https://www.googleapis.com/auth/userinfo.email https://www.googleapis.com/auth/userinfo.profile
    [debug_mode] => 1
    [debug_file] => C:\laragon\scooby-doo\UnFixed/hybridauth.log
    [callback] => http://localhost:3000/callback.php
)

info -- ::1 -- 2025-11-08T12:10:32+00:00 -- Hybridauth\Provider\Google::authenticate()
debug -- ::1 -- 2025-11-08T12:10:32+00:00 -- Hybridauth\Provider\Google::authenticateBegin(), redirecting user to:
Array
(
    [0] => https://accounts.google.com/o/oauth2/v2/auth?response_type=code&client_id=523070165573-vragqgmqssr2uos6lffbugjnstj2720a.apps.googleusercontent.com&redirect_uri=http%3A%2F%2Flocalhost%3A3000%2Fcallback.php&scope=openid+profile+email+https%3A%2F%2Fwww.googleapis.com%2Fauth%2Fuserinfo.email+https%3A%2F%2Fwww.googleapis.com%2Fauth%2Fuserinfo.profile&access_type=offline&prompt=consent&state=HA-CNQA4JO9TEHDG23Y6MS15UZV7K8RLIPB0WFX
)

debug -- ::1 -- 2025-11-08T12:11:33+00:00 -- Initialize Hybridauth\Provider\Google, config: 
Array
(
    [enabled] => 1
    [keys] => Array
        (
            [id] => 523070165573-vragqgmqssr2uos6lffbugjnstj2720a.apps.googleusercontent.com
            [secret] => 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
        )

    [scope] => openid profile email https://www.googleapis.com/auth/userinfo.email https://www.googleapis.com/auth/userinfo.profile
    [debug_mode] => 1
    [debug_file] => C:\laragon\scooby-doo\UnFixed/hybridauth.log
    [callback] => http://localhost:3000/callback.php
)

info -- ::1 -- 2025-11-08T12:11:33+00:00 -- Hybridauth\Provider\Google::authenticate()
debug -- ::1 -- 2025-11-08T12:11:33+00:00 -- Hybridauth\Provider\Google::authenticateFinish(), callback url:
Array
(
    [0] => http://localhost:3000/callback.php?state=HA-CNQA4JO9TEHDG23Y6MS15UZV7K8RLIPB0WFX&code=4%2F0Ab32j918aGIeesW56ycaZi62WMiRi4LkZuZ0V65BT_NfJu5pxx25UCymWqjJKDJf6mK7MA&scope=email+profile+https%3A%2F%2Fwww.googleapis.com%2Fauth%2Fuserinfo.profile+https%3A%2F%2Fwww.googleapis.com%2Fauth%2Fuserinfo.email+openid&authuser=0&prompt=consent
)

debug -- ::1 -- 2025-11-08T12:11:33+00:00 -- Hybridauth\HttpClient\Curl::request( https://oauth2.googleapis.com/token, POST ), response:
Array
(
    [request] => Array
        (
            [uri] => https://oauth2.googleapis.com/token
            [method] => POST
            [parameters] => Array
                (
                    [client_id] => 523070165573-vragqgmqssr2uos6lffbugjnstj2720a.apps.googleusercontent.com
                    [client_secret] => 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
                    [grant_type] => authorization_code
                    [redirect_uri] => http://localhost:3000/callback.php
                    [code] => 4/0Ab32j918aGIeesW56ycaZi62WMiRi4LkZuZ0V65BT_NfJu5pxx25UCymWqjJKDJf6mK7MA
                )

            [headers] => Array
                (
                    [Accept] => */*
                    [Cache-Control] => max-age=0
                    [Connection] => keep-alive
                    [Expect] => 
                    [Pragma] => 
                )

        )

    [response] => Array
        (
            [code] => 200
            [headers] => Array
                (
                    [expires] => Mon, 01 Jan 1990 00:00:00 GMT
                    [pragma] => no-cache
                    [cache_control] => no-cache, no-store, max-age=0, must-revalidate
                    [date] => Sat, 08 Nov 2025 12:11:33 GMT
                    [content_type] => application/json; charset=utf-8
                    [vary] => Origin,Accept-Encoding
                    [server] => scaffolding on HTTPServer2
                    [x_xss_protection] => 0
                    [x_frame_options] => SAMEORIGIN
                    [x_content_type_options] => nosniff
                    [alt_svc] => h3=":443"; ma=2592000,h3-29=":443"; ma=2592000
                    [accept_ranges] => none
                )

            [body] => {
  "access_token": "ya29.a0ATi6K2sZ1Bo9hT3iAGgiq6w0vXrCiwyK_ZN3RzJyawhRIkhxlA7CfO8ZLf68n5yLZiupEuaIoC_uCTPxYThhpMhJd7CnIMNpc_SgQw50DjcE40QRjAox-MHhPVe3QU1UFxRwZq0JDgR6LS3X0chLWqLgRfRU_gGpqXxPmfM9KZEt2dSbVICs8OP-2lJyNnQyjG7I5V0aCgYKASgSARQSFQHGX2Mi-z06cW262vV-ortqoAAUnA0206",
  "expires_in": 3599,
  "refresh_token": "1//0gQ37hrcQEjKDCgYIARAAGBASNwF-L9IrawE9LjdN3I2gzPsUqu7tZjELPPryoZnZJXG2BAgDQMLhJJbZbZ12f8XPiOca68MG0HU",
  "scope": "openid https://www.googleapis.com/auth/userinfo.email https://www.googleapis.com/auth/userinfo.profile",
  "token_type": "Bearer",
  "id_token": "eyJhbGciOiJSUzI1NiIsImtpZCI6ImI1ZTQ0MGFlOTQxZTk5ODFlZTJmYTEzNzZkNDJjNDZkNzMxZGVlM2YiLCJ0eXAiOiJKV1QifQ.eyJpc3MiOiJodHRwczovL2FjY291bnRzLmdvb2dsZS5jb20iLCJhenAiOiI1MjMwNzAxNjU1NzMtdnJhZ3FnbXFzc3IydW9zNmxmZmJ1Z2puc3RqMjcyMGEuYXBwcy5nb29nbGV1c2VyY29udGVudC5jb20iLCJhdWQiOiI1MjMwNzAxNjU1NzMtdnJhZ3FnbXFzc3IydW9zNmxmZmJ1Z2puc3RqMjcyMGEuYXBwcy5nb29nbGV1c2VyY29udGVudC5jb20iLCJzdWIiOiIxMDYxMjI1OTM0ODUyMDA4MjI5ODciLCJlbWFpbCI6ImpmZXJ4aWljQGdtYWlsLmNvbSIsImVtYWlsX3ZlcmlmaWVkIjp0cnVlLCJhdF9oYXNoIjoidWhSSi1TTVM2UnowYlpVQjZacWVuQSIsIm5hbWUiOiJKIEZlcnhpaWMiLCJwaWN0dXJlIjoiaHR0cHM6Ly9saDMuZ29vZ2xldXNlcmNvbnRlbnQuY29tL2EvQUNnOG9jSWo2bmVaQUxIM21OMVd2V2tmNFNqUVRvOHBGVVV2LW5xcjNrWmRRTjBlTlM4SHhSYz1zOTYtYyIsImdpdmVuX25hbWUiOiJKIiwiZmFtaWx5X25hbWUiOiJGZXJ4aWljIiwiaWF0IjoxNzYyNjAzODkzLCJleHAiOjE3NjI2MDc0OTN9.T730GpTASUEyjRFPRMPsGM68_SRztDIsBiflh_uuRsFcs9pE5aY6IKDO0VW9BcO0njHk4gFquvN7HIBn0NmjhPWuU7biLdLZ63pRnh8sIH0c5RWfUcJFqLiqHDCN2OJ7m-yOI7HjmPRR7qmqTUrPwwWJ7K-ovVKICZv5fQnbRzKlD4yXSd2zt9l4Pcc7qC26MYy455eE35045T7apOSyFZHjJ1p5xgi5B-a5fX0wA2vTQQ4jBWWl_rFCtdnIiU3XntQqtKfquLVPI6n2h496TIahBEqdDhRx3JC3KZHFvto4o5QAeAkLwnXsm7WepSMvVhgXpXY7bhI7E7q7yPdlTw"
}
        )

    [client] => Array
        (
            [error] => 
            [info] => Array
                (
                    [url] => https://oauth2.googleapis.com/token
                    [content_type] => application/json; charset=utf-8
                    [http_code] => 200
                    [header_size] => 478
                    [request_size] => 313
                    [filetime] => -1
                    [ssl_verify_result] => 0
                    [redirect_count] => 0
                    [total_time] => 0.254348
                    [namelookup_time] => 0.059458
                    [connect_time] => 0.087886
                    [pretransfer_time] => 0.129005
                    [size_upload] => 301
                    [size_download] => 1724
                    [speed_download] => 6778
                    [speed_upload] => 1183
                    [download_content_length] => -1
                    [upload_content_length] => 301
                    [starttransfer_time] => 0.129013
                    [redirect_time] => 0
                    [redirect_url] => 
                    [primary_ip] => 74.125.130.95
                    [certinfo] => Array
                        (
                        )

                    [primary_port] => 443
                    [local_ip] => 172.25.4.15
                    [local_port] => 3963
                    [http_version] => 3
                    [protocol] => 2
                    [ssl_verifyresult] => 0
                    [scheme] => HTTPS
                    [appconnect_time_us] => 128866
                    [connect_time_us] => 87886
                    [namelookup_time_us] => 59458
                    [pretransfer_time_us] => 129005
                    [redirect_time_us] => 0
                    [starttransfer_time_us] => 129013
                    [total_time_us] => 254348
                    [request_header] => POST /token HTTP/2
Host: oauth2.googleapis.com
user-agent: Hybridauth, PHP Social Authentication Library (https://github.com/hybridauth/hybridauth)
accept-encoding: identity
accept: */*
cache-control: max-age=0
connection: keep-alive
content-length: 301
content-type: application/x-www-form-urlencoded


                )

            [opts] => Array
                (
                    [13] => 30
                    [78] => 30
                    [64] => 
                    [81] => 
                    [19913] => 1
                    [52] => 1
                    [68] => 5
                    [2] => 1
                    [10102] => identity
                    [10018] => Hybridauth, PHP Social Authentication Library (https://github.com/hybridauth/hybridauth)
                    [47] => 1
                    [10015] => client_id=523070165573-vragqgmqssr2uos6lffbugjnstj2720a.apps.googleusercontent.com&client_secret=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&grant_type=authorization_code&redirect_uri=http%3A%2F%2Flocalhost%3A3000%2Fcallback.php&code=4%2F0Ab32j918aGIeesW56ycaZi62WMiRi4LkZuZ0V65BT_NfJu5pxx25UCymWqjJKDJf6mK7MA
                    [10002] => https://oauth2.googleapis.com/token
                    [10023] => Array
                        (
                            [0] => Accept: */*
                            [1] => Cache-Control: max-age=0
                            [2] => Connection: keep-alive
                            [3] => Expect: 
                            [4] => Pragma: 
                        )

                    [20079] => *omitted
                )

        )

)

debug -- ::1 -- 2025-11-08T12:11:33+00:00 -- Hybridauth\HttpClient\Curl::request( https://www.googleapis.com/oauth2/v3/userinfo?, GET ), response:
Array
(
    [request] => Array
        (
            [uri] => https://www.googleapis.com/oauth2/v3/userinfo
            [method] => GET
            [parameters] => Array
                (
                )

            [headers] => Array
                (
                    [Accept] => */*
                    [Cache-Control] => max-age=0
                    [Connection] => keep-alive
                    [Expect] => 
                    [Pragma] => 
                    [Authorization] => Bearer ya29.a0ATi6K2sZ1Bo9hT3iAGgiq6w0vXrCiwyK_ZN3RzJyawhRIkhxlA7CfO8ZLf68n5yLZiupEuaIoC_uCTPxYThhpMhJd7CnIMNpc_SgQw50DjcE40QRjAox-MHhPVe3QU1UFxRwZq0JDgR6LS3X0chLWqLgRfRU_gGpqXxPmfM9KZEt2dSbVICs8OP-2lJyNnQyjG7I5V0aCgYKASgSARQSFQHGX2Mi-z06cW262vV-ortqoAAUnA0206
                )

        )

    [response] => Array
        (
            [code] => 200
            [headers] => Array
                (
                    [expires] => Mon, 01 Jan 1990 00:00:00 GMT
                    [pragma] => no-cache
                    [cache_control] => no-cache, no-store, max-age=0, must-revalidate
                    [date] => Sat, 08 Nov 2025 12:11:33 GMT
                    [content_type] => application/json; charset=utf-8
                    [vary] => Origin,Accept-Encoding
                    [server] => ESF
                    [x_xss_protection] => 0
                    [x_frame_options] => SAMEORIGIN
                    [x_content_type_options] => nosniff
                    [alt_svc] => h3=":443"; ma=2592000,h3-29=":443"; ma=2592000
                    [accept_ranges] => none
                )

            [body] => {
  "sub": "106122593485200822987",
  "name": "J Ferxiic",
  "given_name": "J",
  "family_name": "Ferxiic",
  "picture": "https://lh3.googleusercontent.com/a/ACg8ocIj6neZALH3mN1WvWkf4SjQTo8pFUUv-nqr3kZdQN0eNS8HxRc\u003ds96-c",
  "email": "jferxiic@gmail.com",
  "email_verified": true
}
        )

    [client] => Array
        (
            [error] => 
            [info] => Array
                (
                    [url] => https://www.googleapis.com/oauth2/v3/userinfo
                    [content_type] => application/json; charset=utf-8
                    [http_code] => 200
                    [header_size] => 455
                    [request_size] => 530
                    [filetime] => -1
                    [ssl_verify_result] => 0
                    [redirect_count] => 0
                    [total_time] => 0.130782
                    [namelookup_time] => 0.001301
                    [connect_time] => 0.026727
                    [pretransfer_time] => 0.065126
                    [size_upload] => 0
                    [size_download] => 286
                    [speed_download] => 2186
                    [speed_upload] => 0
                    [download_content_length] => -1
                    [upload_content_length] => 0
                    [starttransfer_time] => 0.130697
                    [redirect_time] => 0
                    [redirect_url] => 
                    [primary_ip] => 64.233.170.95
                    [certinfo] => Array
                        (
                        )

                    [primary_port] => 443
                    [local_ip] => 172.25.4.15
                    [local_port] => 3966
                    [http_version] => 3
                    [protocol] => 2
                    [ssl_verifyresult] => 0
                    [scheme] => HTTPS
                    [appconnect_time_us] => 64975
                    [connect_time_us] => 26727
                    [namelookup_time_us] => 1301
                    [pretransfer_time_us] => 65126
                    [redirect_time_us] => 0
                    [starttransfer_time_us] => 130697
                    [total_time_us] => 130782
                    [request_header] => GET /oauth2/v3/userinfo? HTTP/2
Host: www.googleapis.com
user-agent: Hybridauth, PHP Social Authentication Library (https://github.com/hybridauth/hybridauth)
accept-encoding: identity
accept: */*
cache-control: max-age=0
connection: keep-alive
authorization: Bearer ya29.a0ATi6K2sZ1Bo9hT3iAGgiq6w0vXrCiwyK_ZN3RzJyawhRIkhxlA7CfO8ZLf68n5yLZiupEuaIoC_uCTPxYThhpMhJd7CnIMNpc_SgQw50DjcE40QRjAox-MHhPVe3QU1UFxRwZq0JDgR6LS3X0chLWqLgRfRU_gGpqXxPmfM9KZEt2dSbVICs8OP-2lJyNnQyjG7I5V0aCgYKASgSARQSFQHGX2Mi-z06cW262vV-ortqoAAUnA0206


                )

            [opts] => Array
                (
                    [13] => 30
                    [78] => 30
                    [64] => 
                    [81] => 
                    [19913] => 1
                    [52] => 1
                    [68] => 5
                    [2] => 1
                    [10102] => identity
                    [10018] => Hybridauth, PHP Social Authentication Library (https://github.com/hybridauth/hybridauth)
                    [10002] => https://www.googleapis.com/oauth2/v3/userinfo?
                    [10023] => Array
                        (
                            [0] => Accept: */*
                            [1] => Cache-Control: max-age=0
                            [2] => Connection: keep-alive
                            [3] => Expect: 
                            [4] => Pragma: 
                            [5] => Authorization: Bearer ya29.a0ATi6K2sZ1Bo9hT3iAGgiq6w0vXrCiwyK_ZN3RzJyawhRIkhxlA7CfO8ZLf68n5yLZiupEuaIoC_uCTPxYThhpMhJd7CnIMNpc_SgQw50DjcE40QRjAox-MHhPVe3QU1UFxRwZq0JDgR6LS3X0chLWqLgRfRU_gGpqXxPmfM9KZEt2dSbVICs8OP-2lJyNnQyjG7I5V0aCgYKASgSARQSFQHGX2Mi-z06cW262vV-ortqoAAUnA0206
                        )

                    [20079] => *omitted
                )

        )

)

debug -- ::1 -- 2025-11-08T12:11:37+00:00 -- Initialize Hybridauth\Provider\Facebook, config: 
Array
(
    [enabled] => 1
    [keys] => Array
        (
            [id] => 802906159218058
            [secret] => 4c9f47f9144bd613f8059078363d8f02
        )

    [scope] => email, public_profile
    [trustForwarded] => 
    [debug_mode] => 1
    [debug_file] => C:\laragon\scooby-doo\UnFixed/hybridauth.log
    [callback] => http://localhost:3000/callback.php
)

info -- ::1 -- 2025-11-08T12:11:37+00:00 -- Hybridauth\Provider\Facebook::authenticate()
debug -- ::1 -- 2025-11-08T12:11:37+00:00 -- Hybridauth\Provider\Facebook::authenticateBegin(), redirecting user to:
Array
(
    [0] => https://www.facebook.com/dialog/oauth?response_type=code&client_id=802906159218058&redirect_uri=http%3A%2F%2Flocalhost%3A3000%2Fcallback.php&scope=email%2C+public_profile&state=HA-D1H2TVSB35KNXPCFW4EOGZYAJ9MLQ680UIR7
)

debug -- ::1 -- 2025-11-08T12:11:41+00:00 -- Initialize Hybridauth\Provider\Google, config: 
Array
(
    [enabled] => 1
    [keys] => Array
        (
            [id] => 523070165573-vragqgmqssr2uos6lffbugjnstj2720a.apps.googleusercontent.com
            [secret] => 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
        )

    [scope] => openid profile email https://www.googleapis.com/auth/userinfo.email https://www.googleapis.com/auth/userinfo.profile
    [debug_mode] => 1
    [debug_file] => C:\laragon\scooby-doo\UnFixed/hybridauth.log
    [callback] => http://localhost:3000/callback.php
)

info -- ::1 -- 2025-11-08T12:11:41+00:00 -- Hybridauth\Provider\Google::authenticate()
debug -- ::1 -- 2025-11-08T12:11:41+00:00 -- Hybridauth\Provider\Google::authenticateFinish(), callback url:
Array
(
    [0] => http://localhost:3000/callback.php?code=AQAO5QwYAB5EWpmjXr__WTdTgt-q0YsL3TgC9eOq5HWgs67wmqr_bdOWoTA1Y3APqYeKUPcLTEgCJFzLc-tz6APiF9zCpv1g3jKsmd6nYZccCEnZo9hVvnyvc_D2_Kp88gHIV_wHUv9BBMcmlvwcqqQ28Rx1nn6wVsHZVR_pLbbOXm_pGkgVJuvNGVhLCvkIh0XSVgBVoqrWMsu_OqoQqcancnd8slRypmwHUPxXwfGLVrHI-wcsvFkVwhdsoY6G8ublSaH-fY-tQKgjPUHAfCdP6_EtMktFphZf9Auf4BJ-yDpw12nRXgN5AqDr-UsGcRbkjDzk6I_3iwKyFzPSxIKZJd29zLStWbA84Aoo8wMJbJP2kZp2TuS2WwlEQqm1UvRp4T-vEgSvrQ5rck78HIkYdm4dJCG8wB8ndgW_-ZtKW5OncFh_snWV60MSW71FqJg&state=HA-D1H2TVSB35KNXPCFW4EOGZYAJ9MLQ680UIR7
)

debug -- ::1 -- 2025-11-08T12:11:49+00:00 -- Initialize Hybridauth\Provider\Facebook, config: 
Array
(
    [enabled] => 1
    [keys] => Array
        (
            [id] => 802906159218058
            [secret] => 4c9f47f9144bd613f8059078363d8f02
        )

    [scope] => email, public_profile
    [debug_mode] => 1
    [debug_file] => C:\laragon\scooby-doo\UnFixed/hybridauth.log
    [callback] => http://localhost:3000/callback.php
)

info -- ::1 -- 2025-11-08T12:11:49+00:00 -- Hybridauth\Provider\Facebook::authenticate()
debug -- ::1 -- 2025-11-08T12:11:49+00:00 -- Hybridauth\Provider\Facebook::authenticateBegin(), redirecting user to:
Array
(
    [0] => https://www.facebook.com/dialog/oauth?response_type=code&client_id=802906159218058&redirect_uri=http%3A%2F%2Flocalhost%3A3000%2Fcallback.php&scope=email%2C+public_profile&state=HA-0G4EDR7UXKYHSJPA8VML1CZ6F3O5NBQTWI92
)

debug -- ::1 -- 2025-11-08T12:11:53+00:00 -- Initialize Hybridauth\Provider\Google, config: 
Array
(
    [enabled] => 1
    [keys] => Array
        (
            [id] => 523070165573-vragqgmqssr2uos6lffbugjnstj2720a.apps.googleusercontent.com
            [secret] => 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
        )

    [scope] => openid profile email https://www.googleapis.com/auth/userinfo.email https://www.googleapis.com/auth/userinfo.profile
    [debug_mode] => 1
    [debug_file] => C:\laragon\scooby-doo\UnFixed/hybridauth.log
    [callback] => http://localhost:3000/callback.php
)

info -- ::1 -- 2025-11-08T12:11:53+00:00 -- Hybridauth\Provider\Google::authenticate()
debug -- ::1 -- 2025-11-08T12:11:53+00:00 -- Hybridauth\Provider\Google::authenticateFinish(), callback url:
Array
(
    [0] => http://localhost:3000/callback.php?code=AQCR1EC4fM4Ff9udanVazheDnyNbvUb4tiUKQwyzDNupkkGsLpme7SqLL25babwXUHEZy_o_d1CczkysCEvEQBi4rkTrZj91vhhmOR8VxEK6exrY9BTwIeHs8hQMRuPpR-5q1ASaU6gY9rYvXqLME3loHrToLzdU9anvL11JTWqiOyV5UtFpgocINKMOxSmo0m6Jg6Xl7m-h2C0IJlGOhscNfgp_UvaQ7bTxs9w3wTASRvdm9jVZiHUSOXJ72YEvEVY1qpIOUdZ-b9igOKjSskgAtRTu2Kdvn4-ztn1uW9udnAWCfblRnfbtsTEDQSgeloHRWL29I4HDm3Ac9bpK5YeID2ndZ-W07M87YJrX8MmF3-pQBRqM1nrYk91QlS1-J1sRUbf9PqAVKp5fu2PI1Dq2HKsRYv-nPkHFRMkoZFaer_HtAHZon1KXIiY5efXDJr8&state=HA-0G4EDR7UXKYHSJPA8VML1CZ6F3O5NBQTWI92
)

debug -- ::1 -- 2025-11-08T12:12:26+00:00 -- Initialize Hybridauth\Provider\Google, config: 
Array
(
    [enabled] => 1
    [keys] => Array
        (
            [id] => 523070165573-vragqgmqssr2uos6lffbugjnstj2720a.apps.googleusercontent.com
            [secret] => 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
        )

    [scope] => openid profile email https://www.googleapis.com/auth/userinfo.email https://www.googleapis.com/auth/userinfo.profile
    [debug_mode] => 1
    [debug_file] => C:\laragon\scooby-doo\UnFixed/hybridauth.log
    [callback] => http://localhost:3000/callback.php
)

info -- ::1 -- 2025-11-08T12:12:26+00:00 -- Hybridauth\Provider\Google::authenticate()
debug -- ::1 -- 2025-11-08T12:12:26+00:00 -- Hybridauth\Provider\Google::authenticateFinish(), callback url:
Array
(
    [0] => http://localhost:3000/callback.php?code=AQCR1EC4fM4Ff9udanVazheDnyNbvUb4tiUKQwyzDNupkkGsLpme7SqLL25babwXUHEZy_o_d1CczkysCEvEQBi4rkTrZj91vhhmOR8VxEK6exrY9BTwIeHs8hQMRuPpR-5q1ASaU6gY9rYvXqLME3loHrToLzdU9anvL11JTWqiOyV5UtFpgocINKMOxSmo0m6Jg6Xl7m-h2C0IJlGOhscNfgp_UvaQ7bTxs9w3wTASRvdm9jVZiHUSOXJ72YEvEVY1qpIOUdZ-b9igOKjSskgAtRTu2Kdvn4-ztn1uW9udnAWCfblRnfbtsTEDQSgeloHRWL29I4HDm3Ac9bpK5YeID2ndZ-W07M87YJrX8MmF3-pQBRqM1nrYk91QlS1-J1sRUbf9PqAVKp5fu2PI1Dq2HKsRYv-nPkHFRMkoZFaer_HtAHZon1KXIiY5efXDJr8&state=HA-0G4EDR7UXKYHSJPA8VML1CZ6F3O5NBQTWI92
)

debug -- ::1 -- 2025-11-08T12:12:27+00:00 -- Initialize Hybridauth\Provider\Google, config: 
Array
(
    [enabled] => 1
    [keys] => Array
        (
            [id] => 523070165573-vragqgmqssr2uos6lffbugjnstj2720a.apps.googleusercontent.com
            [secret] => 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
        )

    [scope] => openid profile email https://www.googleapis.com/auth/userinfo.email https://www.googleapis.com/auth/userinfo.profile
    [debug_mode] => 1
    [debug_file] => C:\laragon\scooby-doo\UnFixed/hybridauth.log
    [callback] => http://localhost:3000/callback.php
)

info -- ::1 -- 2025-11-08T12:12:27+00:00 -- Hybridauth\Provider\Google::authenticate()
debug -- ::1 -- 2025-11-08T12:12:27+00:00 -- Hybridauth\Provider\Google::authenticateFinish(), callback url:
Array
(
    [0] => http://localhost:3000/callback.php?code=AQCR1EC4fM4Ff9udanVazheDnyNbvUb4tiUKQwyzDNupkkGsLpme7SqLL25babwXUHEZy_o_d1CczkysCEvEQBi4rkTrZj91vhhmOR8VxEK6exrY9BTwIeHs8hQMRuPpR-5q1ASaU6gY9rYvXqLME3loHrToLzdU9anvL11JTWqiOyV5UtFpgocINKMOxSmo0m6Jg6Xl7m-h2C0IJlGOhscNfgp_UvaQ7bTxs9w3wTASRvdm9jVZiHUSOXJ72YEvEVY1qpIOUdZ-b9igOKjSskgAtRTu2Kdvn4-ztn1uW9udnAWCfblRnfbtsTEDQSgeloHRWL29I4HDm3Ac9bpK5YeID2ndZ-W07M87YJrX8MmF3-pQBRqM1nrYk91QlS1-J1sRUbf9PqAVKp5fu2PI1Dq2HKsRYv-nPkHFRMkoZFaer_HtAHZon1KXIiY5efXDJr8&state=HA-0G4EDR7UXKYHSJPA8VML1CZ6F3O5NBQTWI92
)

debug -- ::1 -- 2025-11-08T12:12:29+00:00 -- Initialize Hybridauth\Provider\Facebook, config: 
Array
(
    [enabled] => 1
    [keys] => Array
        (
            [id] => 802906159218058
            [secret] => 4c9f47f9144bd613f8059078363d8f02
        )

    [scope] => email, public_profile
    [trustForwarded] => 
    [debug_mode] => 1
    [debug_file] => C:\laragon\scooby-doo\UnFixed/hybridauth.log
    [callback] => http://localhost:3000/callback.php
)

info -- ::1 -- 2025-11-08T12:12:29+00:00 -- Hybridauth\Provider\Facebook::authenticate()
debug -- ::1 -- 2025-11-08T12:12:29+00:00 -- Hybridauth\Provider\Facebook::authenticateBegin(), redirecting user to:
Array
(
    [0] => https://www.facebook.com/dialog/oauth?response_type=code&client_id=802906159218058&redirect_uri=http%3A%2F%2Flocalhost%3A3000%2Fcallback.php&scope=email%2C+public_profile&state=HA-M7XQR8FLTVUC6DWZYSBENJ5HKA14GPI0O293
)

debug -- ::1 -- 2025-11-08T12:12:33+00:00 -- Initialize Hybridauth\Provider\Google, config: 
Array
(
    [enabled] => 1
    [keys] => Array
        (
            [id] => 523070165573-vragqgmqssr2uos6lffbugjnstj2720a.apps.googleusercontent.com
            [secret] => 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
        )

    [scope] => openid profile email https://www.googleapis.com/auth/userinfo.email https://www.googleapis.com/auth/userinfo.profile
    [debug_mode] => 1
    [debug_file] => C:\laragon\scooby-doo\UnFixed/hybridauth.log
    [callback] => http://localhost:3000/callback.php
)

info -- ::1 -- 2025-11-08T12:12:33+00:00 -- Hybridauth\Provider\Google::authenticate()
debug -- ::1 -- 2025-11-08T12:12:33+00:00 -- Hybridauth\Provider\Google::authenticateFinish(), callback url:
Array
(
    [0] => http://localhost:3000/callback.php?code=AQCg9Y8mxFig0TKiXO2AURag0kVOqJYJwfJ4lMSEylxgEKaxyW70qFTChA5FUuaNmolV6RuF8f5wKeezfh1uZCGRxKAHW3S4OZATIk-TbybNWYhun9YGJ_yQnnCNU6v7G4FFYI0YejIyGud5JkKArpPd2Ll5rvMlHAqCdvNC-uwVNzSDJPtT3qaEipReS50AsigX7TPNPQgtizrSfHAPvHTa_pv_ceFF9KJfcT7EGYvI5-MljNt6fwX8XxXq-_L2Ua_u99Kb7qZyhbkSghJN3jPxmGhMkUgyf9FO08TsF-r4KG_3cNoc4x2G6akkfYbMK4I7WfibjqL6G24MwpLkWq_q8SlJRh6D7I_m5WzXgWTDAV1SEOxdVNExxXfcxbwH5xDTkLIlO5snX7Sp2Tu9siuvjwrsyP1WGlyKz8M1sSGA6Wj9yXu9EI00g2fsNWmrGyw&state=HA-M7XQR8FLTVUC6DWZYSBENJ5HKA14GPI0O293
)

debug -- ::1 -- 2025-11-08T12:12:59+00:00 -- Initialize Hybridauth\Provider\Facebook, config: 
Array
(
    [enabled] => 1
    [keys] => Array
        (
            [id] => 802906159218058
            [secret] => 4c9f47f9144bd613f8059078363d8f02
        )

    [scope] => email, public_profile
    [debug_mode] => 1
    [debug_file] => C:\laragon\scooby-doo\UnFixed/hybridauth.log
    [callback] => http://localhost:3000/callback-facebook.php
)

info -- ::1 -- 2025-11-08T12:12:59+00:00 -- Hybridauth\Provider\Facebook::authenticate()
debug -- ::1 -- 2025-11-08T12:12:59+00:00 -- Hybridauth\Provider\Facebook::authenticateBegin(), redirecting user to:
Array
(
    [0] => https://www.facebook.com/dialog/oauth?response_type=code&client_id=802906159218058&redirect_uri=http%3A%2F%2Flocalhost%3A3000%2Fcallback-facebook.php&scope=email%2C+public_profile&state=HA-ELSMJG5186RHCKTAF3WNDIUPY4ZO97X2BVQ0
)

debug -- ::1 -- 2025-11-08T12:13:02+00:00 -- Initialize Hybridauth\Provider\Facebook, config: 
Array
(
    [enabled] => 1
    [keys] => Array
        (
            [id] => 802906159218058
            [secret] => 4c9f47f9144bd613f8059078363d8f02
        )

    [scope] => email, public_profile
    [debug_mode] => 1
    [debug_file] => C:\laragon\scooby-doo\UnFixed/hybridauth.log
    [callback] => http://localhost:3000/callback-facebook.php
)

info -- ::1 -- 2025-11-08T12:13:02+00:00 -- Hybridauth\Provider\Facebook::authenticate()
debug -- ::1 -- 2025-11-08T12:13:02+00:00 -- Hybridauth\Provider\Facebook::authenticateFinish(), callback url:
Array
(
    [0] => http://localhost:3000/callback-facebook.php?code=AQDr6IxPjO_e3xhmA_SIF42HdxkPDk3k-8fRMuhzzSaXgYbKocEXkuApIE7bUCBWx_jZTtSnrrJjgixVJsH6G02qTPpCs_GSAnoGiJ5q11zFnFSMLFPLGC67n3u-cKfoecPiZL09ju-Sdd_83bgCILe6CL0WW1dtWzPcSUO6ksSAaU22mGmoBe-IfM-urFrIrldO9jcfsR8zNcC1fEKuL5sFbx5JSPKhPKslAuPZzG7jSle73cNH430A7BoO8cEnRBsLLFQENuBo9NQ7z8R5qfE3hKFCwxTHkINdNJVlAy5DRdBdF4wnTMzQGbPHvs9QPMgvxOe3zKCkc0k7aWKgCb0qLaXWSAfy5Kl_Cg4H_uv9JcFqZSmMlRh7SD61HIbfU1bFyEbcTs011TGZlKJQG0YlmeHd9mnDukpRyj2f4E67avJwXY4wExFdGUSU-BHvnK8&state=HA-ELSMJG5186RHCKTAF3WNDIUPY4ZO97X2BVQ0
)

debug -- ::1 -- 2025-11-08T12:13:10+00:00 -- Hybridauth\HttpClient\Curl::request( https://graph.facebook.com/oauth/access_token, POST ), response:
Array
(
    [request] => Array
        (
            [uri] => https://graph.facebook.com/oauth/access_token
            [method] => POST
            [parameters] => Array
                (
                    [client_id] => 802906159218058
                    [client_secret] => 4c9f47f9144bd613f8059078363d8f02
                    [grant_type] => authorization_code
                    [redirect_uri] => http://localhost:3000/callback-facebook.php
                    [code] => AQDr6IxPjO_e3xhmA_SIF42HdxkPDk3k-8fRMuhzzSaXgYbKocEXkuApIE7bUCBWx_jZTtSnrrJjgixVJsH6G02qTPpCs_GSAnoGiJ5q11zFnFSMLFPLGC67n3u-cKfoecPiZL09ju-Sdd_83bgCILe6CL0WW1dtWzPcSUO6ksSAaU22mGmoBe-IfM-urFrIrldO9jcfsR8zNcC1fEKuL5sFbx5JSPKhPKslAuPZzG7jSle73cNH430A7BoO8cEnRBsLLFQENuBo9NQ7z8R5qfE3hKFCwxTHkINdNJVlAy5DRdBdF4wnTMzQGbPHvs9QPMgvxOe3zKCkc0k7aWKgCb0qLaXWSAfy5Kl_Cg4H_uv9JcFqZSmMlRh7SD61HIbfU1bFyEbcTs011TGZlKJQG0YlmeHd9mnDukpRyj2f4E67avJwXY4wExFdGUSU-BHvnK8
                )

            [headers] => Array
                (
                    [Accept] => */*
                    [Cache-Control] => max-age=0
                    [Connection] => keep-alive
                    [Expect] => 
                    [Pragma] => 
                )

        )

    [response] => Array
        (
            [code] => 200
            [headers] => Array
                (
                    [vary] => Accept-Encoding
                    [content_type] => application/json; charset=UTF-8
                    [facebook_api_version] => v18.0
                    [access_control_allow_origin] => *
                    [strict_transport_security] => max-age=15552000; preload
                    [pragma] => no-cache
                    [cache_control] => private, no-cache, no-store, must-revalidate
                    [expires] => Sat, 01 Jan 2000 00:00:00 GMT
                    [x_fb_request_id] => A0padoFsyEN2e4YSFcyfpQP
                    [x_fb_trace_id] => DJr5XdXdQqy
                    [x_fb_rev] => 1029614040
                    [x_fb_debug] => WOYywKGTI4evMVsT8gcx84yynMsxVJNP7orgkC2XOjMkf7Pch3J9Hlc0sPpvUef7eLMpGcCKijfbKCAJOG7NmQ==
                    [content_length] => 386
                    [date] => Sat, 08 Nov 2025 12:13:10 GMT
                    [x_fb_connection_quality] => EXCELLENT; q=0.9, rtt=26, rtx=0, c=10, mss=1392, tbw=3588, tp=-1, tpl=-1, uplat=376, ullat=0
                    [alt_svc] => h3=":443"; ma=86400
                )

            [body] => {"access_token":"EAALaPShofYoBPZByJIsuyT5iNgMSZCqkt4gLrZA2Sb4FdkWAJ2VJ4yNuH9FpYzrH3hFlGerxKCUNMI4ZCIkgZBBxu8q7eOpcxrblJYEGNnvMHtDflkP89rviQ51sz8CJUkx26d1kxfovF4xISMiQOK1WYsg61C12T3B2EwA1nDWT7mvk7yWTBuPZBEHQz48QW2ZAoP3NlQZBIjE8yZBZBHkS1oSpKC4tzNayctfBawTTnqZB9ZCWm6PO9GZBpzD4NO2IIxxG0GMkauABH7ZCwfXNt4aYy0mhZClneqMqu6mE8iCwx1GXjP6pE5Ci2TSPWkM","token_type":"bearer","expires_in":5104543}
        )

    [client] => Array
        (
            [error] => 
            [info] => Array
                (
                    [url] => https://graph.facebook.com/oauth/access_token
                    [content_type] => application/json; charset=UTF-8
                    [http_code] => 200
                    [header_size] => 720
                    [request_size] => 323
                    [filetime] => -1
                    [ssl_verify_result] => 0
                    [redirect_count] => 0
                    [total_time] => 7.508571
                    [namelookup_time] => 0.009908
                    [connect_time] => 7.055127
                    [pretransfer_time] => 7.103644
                    [size_upload] => 626
                    [size_download] => 386
                    [speed_download] => 51
                    [speed_upload] => 83
                    [download_content_length] => 386
                    [upload_content_length] => 626
                    [starttransfer_time] => 7.103654
                    [redirect_time] => 0
                    [redirect_url] => 
                    [primary_ip] => 57.144.192.141
                    [certinfo] => Array
                        (
                        )

                    [primary_port] => 443
                    [local_ip] => 172.25.4.15
                    [local_port] => 41407
                    [http_version] => 3
                    [protocol] => 2
                    [ssl_verifyresult] => 0
                    [scheme] => HTTPS
                    [appconnect_time_us] => 7103499
                    [connect_time_us] => 7055127
                    [namelookup_time_us] => 9908
                    [pretransfer_time_us] => 7103644
                    [redirect_time_us] => 0
                    [starttransfer_time_us] => 7103654
                    [total_time_us] => 7508571
                    [request_header] => POST /oauth/access_token HTTP/2
Host: graph.facebook.com
user-agent: Hybridauth, PHP Social Authentication Library (https://github.com/hybridauth/hybridauth)
accept-encoding: identity
accept: */*
cache-control: max-age=0
connection: keep-alive
content-length: 626
content-type: application/x-www-form-urlencoded


                )

            [opts] => Array
                (
                    [13] => 30
                    [78] => 30
                    [64] => 
                    [81] => 
                    [19913] => 1
                    [52] => 1
                    [68] => 5
                    [2] => 1
                    [10102] => identity
                    [10018] => Hybridauth, PHP Social Authentication Library (https://github.com/hybridauth/hybridauth)
                    [47] => 1
                    [10015] => client_id=802906159218058&client_secret=4c9f47f9144bd613f8059078363d8f02&grant_type=authorization_code&redirect_uri=http%3A%2F%2Flocalhost%3A3000%2Fcallback-facebook.php&code=AQDr6IxPjO_e3xhmA_SIF42HdxkPDk3k-8fRMuhzzSaXgYbKocEXkuApIE7bUCBWx_jZTtSnrrJjgixVJsH6G02qTPpCs_GSAnoGiJ5q11zFnFSMLFPLGC67n3u-cKfoecPiZL09ju-Sdd_83bgCILe6CL0WW1dtWzPcSUO6ksSAaU22mGmoBe-IfM-urFrIrldO9jcfsR8zNcC1fEKuL5sFbx5JSPKhPKslAuPZzG7jSle73cNH430A7BoO8cEnRBsLLFQENuBo9NQ7z8R5qfE3hKFCwxTHkINdNJVlAy5DRdBdF4wnTMzQGbPHvs9QPMgvxOe3zKCkc0k7aWKgCb0qLaXWSAfy5Kl_Cg4H_uv9JcFqZSmMlRh7SD61HIbfU1bFyEbcTs011TGZlKJQG0YlmeHd9mnDukpRyj2f4E67avJwXY4wExFdGUSU-BHvnK8
                    [10002] => https://graph.facebook.com/oauth/access_token
                    [10023] => Array
                        (
                            [0] => Accept: */*
                            [1] => Cache-Control: max-age=0
                            [2] => Connection: keep-alive
                            [3] => Expect: 
                            [4] => Pragma: 
                        )

                    [20079] => *omitted
                )

        )

)

debug -- ::1 -- 2025-11-08T12:13:11+00:00 -- Hybridauth\HttpClient\Curl::request( https://graph.facebook.com/v8.0/me?appsecret_proof=30d6673f292df55880cb4912f1b1ef93c865c740d49cc61e189754d434a66ba6&fields=id%2Cname%2Cfirst_name%2Clast_name%2Cwebsite%2Clocale%2Cabout%2Cemail%2Chometown%2Cbirthday&locale=en_US, GET ), response:
Array
(
    [request] => Array
        (
            [uri] => https://graph.facebook.com/v8.0/me
            [method] => GET
            [parameters] => Array
                (
                    [appsecret_proof] => 30d6673f292df55880cb4912f1b1ef93c865c740d49cc61e189754d434a66ba6
                    [fields] => id,name,first_name,last_name,website,locale,about,email,hometown,birthday
                    [locale] => en_US
                )

            [headers] => Array
                (
                    [Accept] => */*
                    [Cache-Control] => max-age=0
                    [Connection] => keep-alive
                    [Expect] => 
                    [Pragma] => 
                    [Authorization] => Bearer EAALaPShofYoBPZByJIsuyT5iNgMSZCqkt4gLrZA2Sb4FdkWAJ2VJ4yNuH9FpYzrH3hFlGerxKCUNMI4ZCIkgZBBxu8q7eOpcxrblJYEGNnvMHtDflkP89rviQ51sz8CJUkx26d1kxfovF4xISMiQOK1WYsg61C12T3B2EwA1nDWT7mvk7yWTBuPZBEHQz48QW2ZAoP3NlQZBIjE8yZBZBHkS1oSpKC4tzNayctfBawTTnqZB9ZCWm6PO9GZBpzD4NO2IIxxG0GMkauABH7ZCwfXNt4aYy0mhZClneqMqu6mE8iCwx1GXjP6pE5Ci2TSPWkM
                )

        )

    [response] => Array
        (
            [code] => 200
            [headers] => Array
                (
                    [vary] => Accept-Encoding
                    [content_type] => application/json; charset=UTF-8
                    [facebook_api_version] => v24.0
                    [access_control_allow_origin] => *
                    [strict_transport_security] => max-age=15552000; preload
                    [pragma] => no-cache
                    [cache_control] => private, no-cache, no-store, must-revalidate
                    [expires] => Sat, 01 Jan 2000 00:00:00 GMT
                    [x_fb_request_id] => AQRB_ISq1WCgsLVOOi98yBy
                    [x_fb_trace_id] => DfCXYmtbtCb
                    [x_fb_rev] => 1029614040
                    [x_fb_debug] => EuS5F30tSbnaBsbrFHF83xsHruCPyYxyCKcCVNsKqhR52CN8cKye3qTPqlD3TnPu80vU2i+QELEUgLETWZ2WKw==
                    [content_length] => 93
                    [date] => Sat, 08 Nov 2025 12:13:11 GMT
                    [x_fb_connection_quality] => EXCELLENT; q=0.9, rtt=43, rtx=0, c=10, mss=1392, tbw=3589, tp=-1, tpl=-1, uplat=276, ullat=0
                    [alt_svc] => h3=":443"; ma=86400
                    [etag] => "8b56f7a612771a218c00d8227852fe09c807f4ad"
                    [x_fb_aed] => 629
                    [x_ad_api_version_warning] => The call has been auto-upgraded to v24.0 as v8.0 has been deprecated.
                    [cross_origin_resource_policy] => cross-origin
                    [x_app_usage] => {"call_count":0,"total_cputime":0,"total_time":0}
                )

            [body] => {"id":"1132847972391529","name":"Juan Felix Katoro","first_name":"Juan","last_name":"Katoro"}
        )

    [client] => Array
        (
            [error] => 
            [info] => Array
                (
                    [url] => https://graph.facebook.com/v8.0/me?appsecret_proof=30d6673f292df55880cb4912f1b1ef93c865c740d49cc61e189754d434a66ba6&fields=id%2Cname%2Cfirst_name%2Clast_name%2Cwebsite%2Clocale%2Cabout%2Cemail%2Chometown%2Cbirthday&locale=en_US
                    [content_type] => application/json; charset=UTF-8
                    [http_code] => 200
                    [header_size] => 1003
                    [request_size] => 782
                    [filetime] => -1
                    [ssl_verify_result] => 0
                    [redirect_count] => 0
                    [total_time] => 1.420241
                    [namelookup_time] => 0.00167
                    [connect_time] => 1.068657
                    [pretransfer_time] => 1.112724
                    [size_upload] => 0
                    [size_download] => 93
                    [speed_download] => 65
                    [speed_upload] => 0
                    [download_content_length] => 93
                    [upload_content_length] => 0
                    [starttransfer_time] => 1.42016
                    [redirect_time] => 0
                    [redirect_url] => 
                    [primary_ip] => 57.144.192.141
                    [certinfo] => Array
                        (
                        )

                    [primary_port] => 443
                    [local_ip] => 172.25.4.15
                    [local_port] => 41411
                    [http_version] => 3
                    [protocol] => 2
                    [ssl_verifyresult] => 0
                    [scheme] => HTTPS
                    [appconnect_time_us] => 1112542
                    [connect_time_us] => 1068657
                    [namelookup_time_us] => 1670
                    [pretransfer_time_us] => 1112724
                    [redirect_time_us] => 0
                    [starttransfer_time_us] => 1420160
                    [total_time_us] => 1420241
                    [request_header] => GET /v8.0/me?appsecret_proof=30d6673f292df55880cb4912f1b1ef93c865c740d49cc61e189754d434a66ba6&fields=id%2Cname%2Cfirst_name%2Clast_name%2Cwebsite%2Clocale%2Cabout%2Cemail%2Chometown%2Cbirthday&locale=en_US HTTP/2
Host: graph.facebook.com
user-agent: Hybridauth, PHP Social Authentication Library (https://github.com/hybridauth/hybridauth)
accept-encoding: identity
accept: */*
cache-control: max-age=0
connection: keep-alive
authorization: Bearer EAALaPShofYoBPZByJIsuyT5iNgMSZCqkt4gLrZA2Sb4FdkWAJ2VJ4yNuH9FpYzrH3hFlGerxKCUNMI4ZCIkgZBBxu8q7eOpcxrblJYEGNnvMHtDflkP89rviQ51sz8CJUkx26d1kxfovF4xISMiQOK1WYsg61C12T3B2EwA1nDWT7mvk7yWTBuPZBEHQz48QW2ZAoP3NlQZBIjE8yZBZBHkS1oSpKC4tzNayctfBawTTnqZB9ZCWm6PO9GZBpzD4NO2IIxxG0GMkauABH7ZCwfXNt4aYy0mhZClneqMqu6mE8iCwx1GXjP6pE5Ci2TSPWkM


                )

            [opts] => Array
                (
                    [13] => 30
                    [78] => 30
                    [64] => 
                    [81] => 
                    [19913] => 1
                    [52] => 1
                    [68] => 5
                    [2] => 1
                    [10102] => identity
                    [10018] => Hybridauth, PHP Social Authentication Library (https://github.com/hybridauth/hybridauth)
                    [10002] => https://graph.facebook.com/v8.0/me?appsecret_proof=30d6673f292df55880cb4912f1b1ef93c865c740d49cc61e189754d434a66ba6&fields=id%2Cname%2Cfirst_name%2Clast_name%2Cwebsite%2Clocale%2Cabout%2Cemail%2Chometown%2Cbirthday&locale=en_US
                    [10023] => Array
                        (
                            [0] => Accept: */*
                            [1] => Cache-Control: max-age=0
                            [2] => Connection: keep-alive
                            [3] => Expect: 
                            [4] => Pragma: 
                            [5] => Authorization: Bearer EAALaPShofYoBPZByJIsuyT5iNgMSZCqkt4gLrZA2Sb4FdkWAJ2VJ4yNuH9FpYzrH3hFlGerxKCUNMI4ZCIkgZBBxu8q7eOpcxrblJYEGNnvMHtDflkP89rviQ51sz8CJUkx26d1kxfovF4xISMiQOK1WYsg61C12T3B2EwA1nDWT7mvk7yWTBuPZBEHQz48QW2ZAoP3NlQZBIjE8yZBZBHkS1oSpKC4tzNayctfBawTTnqZB9ZCWm6PO9GZBpzD4NO2IIxxG0GMkauABH7ZCwfXNt4aYy0mhZClneqMqu6mE8iCwx1GXjP6pE5Ci2TSPWkM
                        )

                    [20079] => *omitted
                )

        )

)

debug -- ::1 -- 2025-11-08T12:13:15+00:00 -- Initialize Hybridauth\Provider\Google, config: 
Array
(
    [enabled] => 1
    [keys] => Array
        (
            [id] => 523070165573-vragqgmqssr2uos6lffbugjnstj2720a.apps.googleusercontent.com
            [secret] => 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
        )

    [scope] => openid profile email https://www.googleapis.com/auth/userinfo.email https://www.googleapis.com/auth/userinfo.profile
    [debug_mode] => 1
    [debug_file] => C:\laragon\scooby-doo\UnFixed/hybridauth.log
    [callback] => http://localhost:3000/callback-facebook.php
)

info -- ::1 -- 2025-11-08T12:13:15+00:00 -- Hybridauth\Provider\Google::authenticate()
debug -- ::1 -- 2025-11-08T12:13:15+00:00 -- Hybridauth\Provider\Google::authenticateBegin(), redirecting user to:
Array
(
    [0] => https://accounts.google.com/o/oauth2/v2/auth?response_type=code&client_id=523070165573-vragqgmqssr2uos6lffbugjnstj2720a.apps.googleusercontent.com&redirect_uri=http%3A%2F%2Flocalhost%3A3000%2Fcallback-facebook.php&scope=openid+profile+email+https%3A%2F%2Fwww.googleapis.com%2Fauth%2Fuserinfo.email+https%3A%2F%2Fwww.googleapis.com%2Fauth%2Fuserinfo.profile&access_type=offline&prompt=consent&state=HA-H8GR3WJY96AONE1MZB7D50LSK2TCVPUXIF4Q
)

debug -- ::1 -- 2025-11-08T12:16:15+00:00 -- Initialize Hybridauth\Provider\Google, config: 
Array
(
    [enabled] => 1
    [keys] => Array
        (
            [id] => 523070165573-vragqgmqssr2uos6lffbugjnstj2720a.apps.googleusercontent.com
            [secret] => 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
        )

    [scope] => openid profile email https://www.googleapis.com/auth/userinfo.email https://www.googleapis.com/auth/userinfo.profile
    [debug_mode] => 1
    [debug_file] => C:\laragon\scooby-doo\UnFixed/hybridauth.log
    [callback] => http://localhost:3000/callback.php
)

info -- ::1 -- 2025-11-08T12:16:15+00:00 -- Hybridauth\Provider\Google::authenticate()
debug -- ::1 -- 2025-11-08T12:16:15+00:00 -- Hybridauth\Provider\Google::authenticateBegin(), redirecting user to:
Array
(
    [0] => https://accounts.google.com/o/oauth2/v2/auth?response_type=code&client_id=523070165573-vragqgmqssr2uos6lffbugjnstj2720a.apps.googleusercontent.com&redirect_uri=http%3A%2F%2Flocalhost%3A3000%2Fcallback.php&scope=openid+profile+email+https%3A%2F%2Fwww.googleapis.com%2Fauth%2Fuserinfo.email+https%3A%2F%2Fwww.googleapis.com%2Fauth%2Fuserinfo.profile&access_type=offline&prompt=consent&state=HA-2JNZ1TOUL5PBWMR7YV6FQ84GIKCDAESX930H
)

debug -- ::1 -- 2025-11-08T12:16:37+00:00 -- Initialize Hybridauth\Provider\Facebook, config: 
Array
(
    [enabled] => 1
    [keys] => Array
        (
            [id] => 802906159218058
            [secret] => 4c9f47f9144bd613f8059078363d8f02
        )

    [scope] => email, public_profile
    [trustForwarded] => 
    [debug_mode] => 1
    [debug_file] => C:\laragon\scooby-doo\UnFixed/hybridauth.log
    [callback] => http://localhost:3000/callback.php
)

info -- ::1 -- 2025-11-08T12:16:37+00:00 -- Hybridauth\Provider\Facebook::authenticate()
debug -- ::1 -- 2025-11-08T12:16:37+00:00 -- Hybridauth\Provider\Facebook::authenticateBegin(), redirecting user to:
Array
(
    [0] => https://www.facebook.com/dialog/oauth?response_type=code&client_id=802906159218058&redirect_uri=http%3A%2F%2Flocalhost%3A3000%2Fcallback.php&scope=email%2C+public_profile&state=HA-FG5TKWO16S9HNLE0X7U2YZDB8IPAQ4MJ3VRC
)

debug -- ::1 -- 2025-11-08T12:19:14+00:00 -- Initialize Hybridauth\Provider\Google, config: 
Array
(
    [enabled] => 1
    [keys] => Array
        (
            [id] => 523070165573-vragqgmqssr2uos6lffbugjnstj2720a.apps.googleusercontent.com
            [secret] => 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
        )

    [scope] => openid profile email https://www.googleapis.com/auth/userinfo.email https://www.googleapis.com/auth/userinfo.profile
    [debug_mode] => 1
    [debug_file] => C:\laragon\scooby-doo\UnFixed/hybridauth.log
    [callback] => http://localhost:3000/callback.php
)

debug -- ::1 -- 2025-11-08T12:19:15+00:00 -- Hybridauth\HttpClient\Curl::request( https://www.googleapis.com/oauth2/v3/userinfo?, GET ), response:
Array
(
    [request] => Array
        (
            [uri] => https://www.googleapis.com/oauth2/v3/userinfo
            [method] => GET
            [parameters] => Array
                (
                )

            [headers] => Array
                (
                    [Accept] => */*
                    [Cache-Control] => max-age=0
                    [Connection] => keep-alive
                    [Expect] => 
                    [Pragma] => 
                    [Authorization] => Bearer 
                )

        )

    [response] => Array
        (
            [code] => 401
            [headers] => Array
                (
                    [date] => Sat, 08 Nov 2025 12:19:14 GMT
                    [cache_control] => no-cache, no-store, max-age=0, must-revalidate
                    [pragma] => no-cache
                    [expires] => Mon, 01 Jan 1990 00:00:00 GMT
                    [content_type] => application/json; charset=utf-8
                    [vary] => Origin,Accept-Encoding
                    [server] => ESF
                    [x_xss_protection] => 0
                    [x_frame_options] => SAMEORIGIN
                    [x_content_type_options] => nosniff
                    [alt_svc] => h3=":443"; ma=2592000,h3-29=":443"; ma=2592000
                    [accept_ranges] => none
                )

            [body] => {
  "error": "invalid_request",
  "error_description": "Invalid Credentials"
}
        )

    [client] => Array
        (
            [error] => 
            [info] => Array
                (
                    [url] => https://www.googleapis.com/oauth2/v3/userinfo
                    [content_type] => application/json; charset=utf-8
                    [http_code] => 401
                    [header_size] => 455
                    [request_size] => 276
                    [filetime] => -1
                    [ssl_verify_result] => 0
                    [redirect_count] => 0
                    [total_time] => 0.1166
                    [namelookup_time] => 0.004655
                    [connect_time] => 0.038175
                    [pretransfer_time] => 0.075086
                    [size_upload] => 0
                    [size_download] => 78
                    [speed_download] => 668
                    [speed_upload] => 0
                    [download_content_length] => -1
                    [upload_content_length] => 0
                    [starttransfer_time] => 0.116508
                    [redirect_time] => 0
                    [redirect_url] => 
                    [primary_ip] => 74.125.130.95
                    [certinfo] => Array
                        (
                        )

                    [primary_port] => 443
                    [local_ip] => 172.25.4.15
                    [local_port] => 52761
                    [http_version] => 3
                    [protocol] => 2
                    [ssl_verifyresult] => 0
                    [scheme] => HTTPS
                    [appconnect_time_us] => 74937
                    [connect_time_us] => 38175
                    [namelookup_time_us] => 4655
                    [pretransfer_time_us] => 75086
                    [redirect_time_us] => 0
                    [starttransfer_time_us] => 116508
                    [total_time_us] => 116600
                    [request_header] => GET /oauth2/v3/userinfo? HTTP/2
Host: www.googleapis.com
user-agent: Hybridauth, PHP Social Authentication Library (https://github.com/hybridauth/hybridauth)
accept-encoding: identity
accept: */*
cache-control: max-age=0
connection: keep-alive
authorization: Bearer


                )

            [opts] => Array
                (
                    [13] => 30
                    [78] => 30
                    [64] => 
                    [81] => 
                    [19913] => 1
                    [52] => 1
                    [68] => 5
                    [2] => 1
                    [10102] => identity
                    [10018] => Hybridauth, PHP Social Authentication Library (https://github.com/hybridauth/hybridauth)
                    [10002] => https://www.googleapis.com/oauth2/v3/userinfo?
                    [10023] => Array
                        (
                            [0] => Accept: */*
                            [1] => Cache-Control: max-age=0
                            [2] => Connection: keep-alive
                            [3] => Expect: 
                            [4] => Pragma: 
                            [5] => Authorization: Bearer
                        )

                    [20079] => *omitted
                )

        )

)

debug -- ::1 -- 2025-11-08T12:19:39+00:00 -- Initialize Hybridauth\Provider\Facebook, config: 
Array
(
    [enabled] => 1
    [keys] => Array
        (
            [id] => 802906159218058
            [secret] => 4c9f47f9144bd613f8059078363d8f02
        )

    [scope] => email, public_profile
    [debug_mode] => 1
    [debug_file] => C:\laragon\scooby-doo\UnFixed/hybridauth.log
    [callback] => http://localhost:3000/callback.php
)

debug -- ::1 -- 2025-11-08T12:22:38+00:00 -- Initialize Hybridauth\Provider\Facebook, config: 
Array
(
    [enabled] => 1
    [keys] => Array
        (
            [id] => 802906159218058
            [secret] => 4c9f47f9144bd613f8059078363d8f02
        )

    [scope] => email, public_profile
    [trustForwarded] => 
    [graph_api_version] => v16.0
    [debug_mode] => 1
    [debug_file] => C:\laragon\scooby-doo\UnFixed/hybridauth.log
    [callback] => http://localhost:3000/callback.php
)

debug -- ::1 -- 2025-11-08T12:22:39+00:00 -- Initialize Hybridauth\Provider\Facebook, config: 
Array
(
    [enabled] => 1
    [keys] => Array
        (
            [id] => 802906159218058
            [secret] => 4c9f47f9144bd613f8059078363d8f02
        )

    [scope] => email, public_profile
    [trustForwarded] => 
    [graph_api_version] => v16.0
    [debug_mode] => 1
    [debug_file] => C:\laragon\scooby-doo\UnFixed/hybridauth.log
    [callback] => http://localhost:3000/callback.php
)

debug -- ::1 -- 2025-11-08T12:22:39+00:00 -- Initialize Hybridauth\Provider\Facebook, config: 
Array
(
    [enabled] => 1
    [keys] => Array
        (
            [id] => 802906159218058
            [secret] => 4c9f47f9144bd613f8059078363d8f02
        )

    [scope] => email, public_profile
    [trustForwarded] => 
    [graph_api_version] => v16.0
    [debug_mode] => 1
    [debug_file] => C:\laragon\scooby-doo\UnFixed/hybridauth.log
    [callback] => http://localhost:3000/callback.php
)

debug -- ::1 -- 2025-11-08T12:22:41+00:00 -- Initialize Hybridauth\Provider\Google, config: 
Array
(
    [enabled] => 1
    [keys] => Array
        (
            [id] => 523070165573-vragqgmqssr2uos6lffbugjnstj2720a.apps.googleusercontent.com
            [secret] => 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
        )

    [scope] => openid profile email https://www.googleapis.com/auth/userinfo.email https://www.googleapis.com/auth/userinfo.profile
    [debug_mode] => 1
    [debug_file] => C:\laragon\scooby-doo\UnFixed/hybridauth.log
    [callback] => http://localhost:3000/callback.php
)

debug -- ::1 -- 2025-11-08T12:22:41+00:00 -- Hybridauth\HttpClient\Curl::request( https://www.googleapis.com/oauth2/v3/userinfo?, GET ), response:
Array
(
    [request] => Array
        (
            [uri] => https://www.googleapis.com/oauth2/v3/userinfo
            [method] => GET
            [parameters] => Array
                (
                )

            [headers] => Array
                (
                    [Accept] => */*
                    [Cache-Control] => max-age=0
                    [Connection] => keep-alive
                    [Expect] => 
                    [Pragma] => 
                    [Authorization] => Bearer 
                )

        )

    [response] => Array
        (
            [code] => 401
            [headers] => Array
                (
                    [expires] => Mon, 01 Jan 1990 00:00:00 GMT
                    [pragma] => no-cache
                    [cache_control] => no-cache, no-store, max-age=0, must-revalidate
                    [date] => Sat, 08 Nov 2025 12:22:41 GMT
                    [content_type] => application/json; charset=utf-8
                    [vary] => Origin,Accept-Encoding
                    [server] => ESF
                    [x_xss_protection] => 0
                    [x_frame_options] => SAMEORIGIN
                    [x_content_type_options] => nosniff
                    [alt_svc] => h3=":443"; ma=2592000,h3-29=":443"; ma=2592000
                    [accept_ranges] => none
                )

            [body] => {
  "error": "invalid_request",
  "error_description": "Invalid Credentials"
}
        )

    [client] => Array
        (
            [error] => 
            [info] => Array
                (
                    [url] => https://www.googleapis.com/oauth2/v3/userinfo
                    [content_type] => application/json; charset=utf-8
                    [http_code] => 401
                    [header_size] => 455
                    [request_size] => 276
                    [filetime] => -1
                    [ssl_verify_result] => 0
                    [redirect_count] => 0
                    [total_time] => 0.156195
                    [namelookup_time] => 0.033353
                    [connect_time] => 0.082784
                    [pretransfer_time] => 0.122757
                    [size_upload] => 0
                    [size_download] => 78
                    [speed_download] => 499
                    [speed_upload] => 0
                    [download_content_length] => -1
                    [upload_content_length] => 0
                    [starttransfer_time] => 0.156098
                    [redirect_time] => 0
                    [redirect_url] => 
                    [primary_ip] => 142.251.12.95
                    [certinfo] => Array
                        (
                        )

                    [primary_port] => 443
                    [local_ip] => 172.25.4.15
                    [local_port] => 21988
                    [http_version] => 3
                    [protocol] => 2
                    [ssl_verifyresult] => 0
                    [scheme] => HTTPS
                    [appconnect_time_us] => 122573
                    [connect_time_us] => 82784
                    [namelookup_time_us] => 33353
                    [pretransfer_time_us] => 122757
                    [redirect_time_us] => 0
                    [starttransfer_time_us] => 156098
                    [total_time_us] => 156195
                    [request_header] => GET /oauth2/v3/userinfo? HTTP/2
Host: www.googleapis.com
user-agent: Hybridauth, PHP Social Authentication Library (https://github.com/hybridauth/hybridauth)
accept-encoding: identity
accept: */*
cache-control: max-age=0
connection: keep-alive
authorization: Bearer


                )

            [opts] => Array
                (
                    [13] => 30
                    [78] => 30
                    [64] => 
                    [81] => 
                    [19913] => 1
                    [52] => 1
                    [68] => 5
                    [2] => 1
                    [10102] => identity
                    [10018] => Hybridauth, PHP Social Authentication Library (https://github.com/hybridauth/hybridauth)
                    [10002] => https://www.googleapis.com/oauth2/v3/userinfo?
                    [10023] => Array
                        (
                            [0] => Accept: */*
                            [1] => Cache-Control: max-age=0
                            [2] => Connection: keep-alive
                            [3] => Expect: 
                            [4] => Pragma: 
                            [5] => Authorization: Bearer
                        )

                    [20079] => *omitted
                )

        )

)

debug -- ::1 -- 2025-11-08T12:22:43+00:00 -- Initialize Hybridauth\Provider\Google, config: 
Array
(
    [enabled] => 1
    [keys] => Array
        (
            [id] => 523070165573-vragqgmqssr2uos6lffbugjnstj2720a.apps.googleusercontent.com
            [secret] => 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
        )

    [scope] => openid profile email https://www.googleapis.com/auth/userinfo.email https://www.googleapis.com/auth/userinfo.profile
    [debug_mode] => 1
    [debug_file] => C:\laragon\scooby-doo\UnFixed/hybridauth.log
    [callback] => http://localhost:3000/callback.php
)

debug -- ::1 -- 2025-11-08T12:22:50+00:00 -- Hybridauth\HttpClient\Curl::request( https://www.googleapis.com/oauth2/v3/userinfo?, GET ), response:
Array
(
    [request] => Array
        (
            [uri] => https://www.googleapis.com/oauth2/v3/userinfo
            [method] => GET
            [parameters] => Array
                (
                )

            [headers] => Array
                (
                    [Accept] => */*
                    [Cache-Control] => max-age=0
                    [Connection] => keep-alive
                    [Expect] => 
                    [Pragma] => 
                    [Authorization] => Bearer 
                )

        )

    [response] => Array
        (
            [code] => 401
            [headers] => Array
                (
                    [expires] => Mon, 01 Jan 1990 00:00:00 GMT
                    [cache_control] => no-cache, no-store, max-age=0, must-revalidate
                    [date] => Sat, 08 Nov 2025 12:22:50 GMT
                    [pragma] => no-cache
                    [content_type] => application/json; charset=utf-8
                    [vary] => Origin,Accept-Encoding
                    [server] => ESF
                    [x_xss_protection] => 0
                    [x_frame_options] => SAMEORIGIN
                    [x_content_type_options] => nosniff
                    [alt_svc] => h3=":443"; ma=2592000,h3-29=":443"; ma=2592000
                    [accept_ranges] => none
                )

            [body] => {
  "error": "invalid_request",
  "error_description": "Invalid Credentials"
}
        )

    [client] => Array
        (
            [error] => 
            [info] => Array
                (
                    [url] => https://www.googleapis.com/oauth2/v3/userinfo
                    [content_type] => application/json; charset=utf-8
                    [http_code] => 401
                    [header_size] => 455
                    [request_size] => 276
                    [filetime] => -1
                    [ssl_verify_result] => 0
                    [redirect_count] => 0
                    [total_time] => 7.12967
                    [namelookup_time] => 0.004473
                    [connect_time] => 7.054331
                    [pretransfer_time] => 7.097471
                    [size_upload] => 0
                    [size_download] => 78
                    [speed_download] => 10
                    [speed_upload] => 0
                    [download_content_length] => -1
                    [upload_content_length] => 0
                    [starttransfer_time] => 7.12956
                    [redirect_time] => 0
                    [redirect_url] => 
                    [primary_ip] => 142.251.12.95
                    [certinfo] => Array
                        (
                        )

                    [primary_port] => 443
                    [local_ip] => 172.25.4.15
                    [local_port] => 4699
                    [http_version] => 3
                    [protocol] => 2
                    [ssl_verifyresult] => 0
                    [scheme] => HTTPS
                    [appconnect_time_us] => 7097325
                    [connect_time_us] => 7054331
                    [namelookup_time_us] => 4473
                    [pretransfer_time_us] => 7097471
                    [redirect_time_us] => 0
                    [starttransfer_time_us] => 7129560
                    [total_time_us] => 7129670
                    [request_header] => GET /oauth2/v3/userinfo? HTTP/2
Host: www.googleapis.com
user-agent: Hybridauth, PHP Social Authentication Library (https://github.com/hybridauth/hybridauth)
accept-encoding: identity
accept: */*
cache-control: max-age=0
connection: keep-alive
authorization: Bearer


                )

            [opts] => Array
                (
                    [13] => 30
                    [78] => 30
                    [64] => 
                    [81] => 
                    [19913] => 1
                    [52] => 1
                    [68] => 5
                    [2] => 1
                    [10102] => identity
                    [10018] => Hybridauth, PHP Social Authentication Library (https://github.com/hybridauth/hybridauth)
                    [10002] => https://www.googleapis.com/oauth2/v3/userinfo?
                    [10023] => Array
                        (
                            [0] => Accept: */*
                            [1] => Cache-Control: max-age=0
                            [2] => Connection: keep-alive
                            [3] => Expect: 
                            [4] => Pragma: 
                            [5] => Authorization: Bearer
                        )

                    [20079] => *omitted
                )

        )

)

debug -- ::1 -- 2025-11-08T12:22:50+00:00 -- Initialize Hybridauth\Provider\Facebook, config: 
Array
(
    [enabled] => 1
    [keys] => Array
        (
            [id] => 802906159218058
            [secret] => 4c9f47f9144bd613f8059078363d8f02
        )

    [scope] => email, public_profile
    [trustForwarded] => 
    [graph_api_version] => v16.0
    [debug_mode] => 1
    [debug_file] => C:\laragon\scooby-doo\UnFixed/hybridauth.log
    [callback] => http://localhost:3000/callback.php
)

debug -- ::1 -- 2025-11-08T12:23:37+00:00 -- Initialize Hybridauth\Provider\Facebook, config: 
Array
(
    [enabled] => 1
    [keys] => Array
        (
            [id] => 802906159218058
            [secret] => 4c9f47f9144bd613f8059078363d8f02
        )

    [scope] => email, public_profile
    [debug_mode] => 1
    [debug_file] => C:\laragon\scooby-doo\UnFixed/hybridauth.log
    [callback] => http://localhost:3000/callback.php
)

debug -- ::1 -- 2025-11-08T12:23:39+00:00 -- Initialize Hybridauth\Provider\Google, config: 
Array
(
    [enabled] => 1
    [keys] => Array
        (
            [id] => 523070165573-vragqgmqssr2uos6lffbugjnstj2720a.apps.googleusercontent.com
            [secret] => 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
        )

    [scope] => openid profile email https://www.googleapis.com/auth/userinfo.email https://www.googleapis.com/auth/userinfo.profile
    [debug_mode] => 1
    [debug_file] => C:\laragon\scooby-doo\UnFixed/hybridauth.log
    [callback] => http://localhost:3000/callback.php
)

debug -- ::1 -- 2025-11-08T12:23:39+00:00 -- Hybridauth\HttpClient\Curl::request( https://www.googleapis.com/oauth2/v3/userinfo?, GET ), response:
Array
(
    [request] => Array
        (
            [uri] => https://www.googleapis.com/oauth2/v3/userinfo
            [method] => GET
            [parameters] => Array
                (
                )

            [headers] => Array
                (
                    [Accept] => */*
                    [Cache-Control] => max-age=0
                    [Connection] => keep-alive
                    [Expect] => 
                    [Pragma] => 
                    [Authorization] => Bearer 
                )

        )

    [response] => Array
        (
            [code] => 401
            [headers] => Array
                (
                    [pragma] => no-cache
                    [expires] => Mon, 01 Jan 1990 00:00:00 GMT
                    [cache_control] => no-cache, no-store, max-age=0, must-revalidate
                    [date] => Sat, 08 Nov 2025 12:23:39 GMT
                    [content_type] => application/json; charset=utf-8
                    [vary] => Origin,Accept-Encoding
                    [server] => ESF
                    [x_xss_protection] => 0
                    [x_frame_options] => SAMEORIGIN
                    [x_content_type_options] => nosniff
                    [alt_svc] => h3=":443"; ma=2592000,h3-29=":443"; ma=2592000
                    [accept_ranges] => none
                )

            [body] => {
  "error": "invalid_request",
  "error_description": "Invalid Credentials"
}
        )

    [client] => Array
        (
            [error] => 
            [info] => Array
                (
                    [url] => https://www.googleapis.com/oauth2/v3/userinfo
                    [content_type] => application/json; charset=utf-8
                    [http_code] => 401
                    [header_size] => 455
                    [request_size] => 276
                    [filetime] => -1
                    [ssl_verify_result] => 0
                    [redirect_count] => 0
                    [total_time] => 0.142876
                    [namelookup_time] => 0.004424
                    [connect_time] => 0.061865
                    [pretransfer_time] => 0.10509
                    [size_upload] => 0
                    [size_download] => 78
                    [speed_download] => 545
                    [speed_upload] => 0
                    [download_content_length] => -1
                    [upload_content_length] => 0
                    [starttransfer_time] => 0.142769
                    [redirect_time] => 0
                    [redirect_url] => 
                    [primary_ip] => 142.251.12.95
                    [certinfo] => Array
                        (
                        )

                    [primary_port] => 443
                    [local_ip] => 172.25.4.15
                    [local_port] => 47424
                    [http_version] => 3
                    [protocol] => 2
                    [ssl_verifyresult] => 0
                    [scheme] => HTTPS
                    [appconnect_time_us] => 104927
                    [connect_time_us] => 61865
                    [namelookup_time_us] => 4424
                    [pretransfer_time_us] => 105090
                    [redirect_time_us] => 0
                    [starttransfer_time_us] => 142769
                    [total_time_us] => 142876
                    [request_header] => GET /oauth2/v3/userinfo? HTTP/2
Host: www.googleapis.com
user-agent: Hybridauth, PHP Social Authentication Library (https://github.com/hybridauth/hybridauth)
accept-encoding: identity
accept: */*
cache-control: max-age=0
connection: keep-alive
authorization: Bearer


                )

            [opts] => Array
                (
                    [13] => 30
                    [78] => 30
                    [64] => 
                    [81] => 
                    [19913] => 1
                    [52] => 1
                    [68] => 5
                    [2] => 1
                    [10102] => identity
                    [10018] => Hybridauth, PHP Social Authentication Library (https://github.com/hybridauth/hybridauth)
                    [10002] => https://www.googleapis.com/oauth2/v3/userinfo?
                    [10023] => Array
                        (
                            [0] => Accept: */*
                            [1] => Cache-Control: max-age=0
                            [2] => Connection: keep-alive
                            [3] => Expect: 
                            [4] => Pragma: 
                            [5] => Authorization: Bearer
                        )

                    [20079] => *omitted
                )

        )

)

debug -- ::1 -- 2025-11-08T12:25:04+00:00 -- Initialize Hybridauth\Provider\Google, config: 
Array
(
    [enabled] => 1
    [keys] => Array
        (
            [id] => 523070165573-vragqgmqssr2uos6lffbugjnstj2720a.apps.googleusercontent.com
            [secret] => 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
        )

    [scope] => openid profile email https://www.googleapis.com/auth/userinfo.email https://www.googleapis.com/auth/userinfo.profile
    [debug_mode] => 1
    [debug_file] => C:\laragon\scooby-doo\UnFixed/hybridauth.log
    [callback] => http://localhost:3000/callback-facebook.php
)

debug -- ::1 -- 2025-11-08T12:25:26+00:00 -- Hybridauth\HttpClient\Curl::request( https://www.googleapis.com/oauth2/v3/userinfo?, GET ), response:
Array
(
    [request] => Array
        (
            [uri] => https://www.googleapis.com/oauth2/v3/userinfo
            [method] => GET
            [parameters] => Array
                (
                )

            [headers] => Array
                (
                    [Accept] => */*
                    [Cache-Control] => max-age=0
                    [Connection] => keep-alive
                    [Expect] => 
                    [Pragma] => 
                    [Authorization] => Bearer 
                )

        )

    [response] => Array
        (
            [code] => 401
            [headers] => Array
                (
                    [cache_control] => no-cache, no-store, max-age=0, must-revalidate
                    [pragma] => no-cache
                    [date] => Sat, 08 Nov 2025 12:25:26 GMT
                    [expires] => Mon, 01 Jan 1990 00:00:00 GMT
                    [content_type] => application/json; charset=utf-8
                    [vary] => Origin,Accept-Encoding
                    [server] => ESF
                    [x_xss_protection] => 0
                    [x_frame_options] => SAMEORIGIN
                    [x_content_type_options] => nosniff
                    [alt_svc] => h3=":443"; ma=2592000,h3-29=":443"; ma=2592000
                    [accept_ranges] => none
                )

            [body] => {
  "error": "invalid_request",
  "error_description": "Invalid Credentials"
}
        )

    [client] => Array
        (
            [error] => 
            [info] => Array
                (
                    [url] => https://www.googleapis.com/oauth2/v3/userinfo
                    [content_type] => application/json; charset=utf-8
                    [http_code] => 401
                    [header_size] => 455
                    [request_size] => 276
                    [filetime] => -1
                    [ssl_verify_result] => 0
                    [redirect_count] => 0
                    [total_time] => 22.664653
                    [namelookup_time] => 0.004188
                    [connect_time] => 22.583304
                    [pretransfer_time] => 22.625862
                    [size_upload] => 0
                    [size_download] => 78
                    [speed_download] => 3
                    [speed_upload] => 0
                    [download_content_length] => -1
                    [upload_content_length] => 0
                    [starttransfer_time] => 22.664573
                    [redirect_time] => 0
                    [redirect_url] => 
                    [primary_ip] => 172.253.118.95
                    [certinfo] => Array
                        (
                        )

                    [primary_port] => 443
                    [local_ip] => 172.25.4.15
                    [local_port] => 29946
                    [http_version] => 3
                    [protocol] => 2
                    [ssl_verifyresult] => 0
                    [scheme] => HTTPS
                    [appconnect_time_us] => 22625690
                    [connect_time_us] => 22583304
                    [namelookup_time_us] => 4188
                    [pretransfer_time_us] => 22625862
                    [redirect_time_us] => 0
                    [starttransfer_time_us] => 22664573
                    [total_time_us] => 22664653
                    [request_header] => GET /oauth2/v3/userinfo? HTTP/2
Host: www.googleapis.com
user-agent: Hybridauth, PHP Social Authentication Library (https://github.com/hybridauth/hybridauth)
accept-encoding: identity
accept: */*
cache-control: max-age=0
connection: keep-alive
authorization: Bearer


                )

            [opts] => Array
                (
                    [13] => 30
                    [78] => 30
                    [64] => 
                    [81] => 
                    [19913] => 1
                    [52] => 1
                    [68] => 5
                    [2] => 1
                    [10102] => identity
                    [10018] => Hybridauth, PHP Social Authentication Library (https://github.com/hybridauth/hybridauth)
                    [10002] => https://www.googleapis.com/oauth2/v3/userinfo?
                    [10023] => Array
                        (
                            [0] => Accept: */*
                            [1] => Cache-Control: max-age=0
                            [2] => Connection: keep-alive
                            [3] => Expect: 
                            [4] => Pragma: 
                            [5] => Authorization: Bearer
                        )

                    [20079] => *omitted
                )

        )

)

debug -- ::1 -- 2025-11-08T12:25:41+00:00 -- Initialize Hybridauth\Provider\Google, config: 
Array
(
    [enabled] => 1
    [keys] => Array
        (
            [id] => 523070165573-vragqgmqssr2uos6lffbugjnstj2720a.apps.googleusercontent.com
            [secret] => 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
        )

    [scope] => openid profile email https://www.googleapis.com/auth/userinfo.email https://www.googleapis.com/auth/userinfo.profile
    [debug_mode] => 1
    [debug_file] => C:\laragon\scooby-doo\UnFixed/hybridauth.log
    [callback] => http://localhost:3000/callback.php
)

debug -- ::1 -- 2025-11-08T12:25:42+00:00 -- Hybridauth\HttpClient\Curl::request( https://www.googleapis.com/oauth2/v3/userinfo?, GET ), response:
Array
(
    [request] => Array
        (
            [uri] => https://www.googleapis.com/oauth2/v3/userinfo
            [method] => GET
            [parameters] => Array
                (
                )

            [headers] => Array
                (
                    [Accept] => */*
                    [Cache-Control] => max-age=0
                    [Connection] => keep-alive
                    [Expect] => 
                    [Pragma] => 
                    [Authorization] => Bearer 
                )

        )

    [response] => Array
        (
            [code] => 401
            [headers] => Array
                (
                    [cache_control] => no-cache, no-store, max-age=0, must-revalidate
                    [expires] => Mon, 01 Jan 1990 00:00:00 GMT
                    [date] => Sat, 08 Nov 2025 12:25:42 GMT
                    [pragma] => no-cache
                    [content_type] => application/json; charset=utf-8
                    [vary] => Origin,Accept-Encoding
                    [server] => ESF
                    [x_xss_protection] => 0
                    [x_frame_options] => SAMEORIGIN
                    [x_content_type_options] => nosniff
                    [alt_svc] => h3=":443"; ma=2592000,h3-29=":443"; ma=2592000
                    [accept_ranges] => none
                )

            [body] => {
  "error": "invalid_request",
  "error_description": "Invalid Credentials"
}
        )

    [client] => Array
        (
            [error] => 
            [info] => Array
                (
                    [url] => https://www.googleapis.com/oauth2/v3/userinfo
                    [content_type] => application/json; charset=utf-8
                    [http_code] => 401
                    [header_size] => 455
                    [request_size] => 276
                    [filetime] => -1
                    [ssl_verify_result] => 0
                    [redirect_count] => 0
                    [total_time] => 1.127688
                    [namelookup_time] => 0.001507
                    [connect_time] => 1.05288
                    [pretransfer_time] => 1.093607
                    [size_upload] => 0
                    [size_download] => 78
                    [speed_download] => 69
                    [speed_upload] => 0
                    [download_content_length] => -1
                    [upload_content_length] => 0
                    [starttransfer_time] => 1.127607
                    [redirect_time] => 0
                    [redirect_url] => 
                    [primary_ip] => 142.251.12.95
                    [certinfo] => Array
                        (
                        )

                    [primary_port] => 443
                    [local_ip] => 172.25.4.15
                    [local_port] => 8641
                    [http_version] => 3
                    [protocol] => 2
                    [ssl_verifyresult] => 0
                    [scheme] => HTTPS
                    [appconnect_time_us] => 1093423
                    [connect_time_us] => 1052880
                    [namelookup_time_us] => 1507
                    [pretransfer_time_us] => 1093607
                    [redirect_time_us] => 0
                    [starttransfer_time_us] => 1127607
                    [total_time_us] => 1127688
                    [request_header] => GET /oauth2/v3/userinfo? HTTP/2
Host: www.googleapis.com
user-agent: Hybridauth, PHP Social Authentication Library (https://github.com/hybridauth/hybridauth)
accept-encoding: identity
accept: */*
cache-control: max-age=0
connection: keep-alive
authorization: Bearer


                )

            [opts] => Array
                (
                    [13] => 30
                    [78] => 30
                    [64] => 
                    [81] => 
                    [19913] => 1
                    [52] => 1
                    [68] => 5
                    [2] => 1
                    [10102] => identity
                    [10018] => Hybridauth, PHP Social Authentication Library (https://github.com/hybridauth/hybridauth)
                    [10002] => https://www.googleapis.com/oauth2/v3/userinfo?
                    [10023] => Array
                        (
                            [0] => Accept: */*
                            [1] => Cache-Control: max-age=0
                            [2] => Connection: keep-alive
                            [3] => Expect: 
                            [4] => Pragma: 
                            [5] => Authorization: Bearer
                        )

                    [20079] => *omitted
                )

        )

)

debug -- ::1 -- 2025-11-08T12:25:59+00:00 -- Initialize Hybridauth\Provider\Google, config: 
Array
(
    [enabled] => 1
    [keys] => Array
        (
            [id] => 523070165573-vragqgmqssr2uos6lffbugjnstj2720a.apps.googleusercontent.com
            [secret] => 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
        )

    [scope] => openid profile email https://www.googleapis.com/auth/userinfo.email https://www.googleapis.com/auth/userinfo.profile
    [debug_mode] => 1
    [debug_file] => C:\laragon\scooby-doo\UnFixed/hybridauth.log
    [callback] => http://localhost:3000/callback.php
)

debug -- ::1 -- 2025-11-08T12:26:15+00:00 -- Hybridauth\HttpClient\Curl::request( https://www.googleapis.com/oauth2/v3/userinfo?, GET ), response:
Array
(
    [request] => Array
        (
            [uri] => https://www.googleapis.com/oauth2/v3/userinfo
            [method] => GET
            [parameters] => Array
                (
                )

            [headers] => Array
                (
                    [Accept] => */*
                    [Cache-Control] => max-age=0
                    [Connection] => keep-alive
                    [Expect] => 
                    [Pragma] => 
                    [Authorization] => Bearer 
                )

        )

    [response] => Array
        (
            [code] => 401
            [headers] => Array
                (
                    [cache_control] => no-cache, no-store, max-age=0, must-revalidate
                    [expires] => Mon, 01 Jan 1990 00:00:00 GMT
                    [pragma] => no-cache
                    [date] => Sat, 08 Nov 2025 12:26:14 GMT
                    [content_type] => application/json; charset=utf-8
                    [vary] => Origin,Accept-Encoding
                    [server] => ESF
                    [x_xss_protection] => 0
                    [x_frame_options] => SAMEORIGIN
                    [x_content_type_options] => nosniff
                    [alt_svc] => h3=":443"; ma=2592000,h3-29=":443"; ma=2592000
                    [accept_ranges] => none
                )

            [body] => {
  "error": "invalid_request",
  "error_description": "Invalid Credentials"
}
        )

    [client] => Array
        (
            [error] => 
            [info] => Array
                (
                    [url] => https://www.googleapis.com/oauth2/v3/userinfo
                    [content_type] => application/json; charset=utf-8
                    [http_code] => 401
                    [header_size] => 455
                    [request_size] => 276
                    [filetime] => -1
                    [ssl_verify_result] => 0
                    [redirect_count] => 0
                    [total_time] => 15.116136
                    [namelookup_time] => 0.001459
                    [connect_time] => 15.034882
                    [pretransfer_time] => 15.080257
                    [size_upload] => 0
                    [size_download] => 78
                    [speed_download] => 5
                    [speed_upload] => 0
                    [download_content_length] => -1
                    [upload_content_length] => 0
                    [starttransfer_time] => 15.116056
                    [redirect_time] => 0
                    [redirect_url] => 
                    [primary_ip] => 142.250.4.95
                    [certinfo] => Array
                        (
                        )

                    [primary_port] => 443
                    [local_ip] => 172.25.4.15
                    [local_port] => 36867
                    [http_version] => 3
                    [protocol] => 2
                    [ssl_verifyresult] => 0
                    [scheme] => HTTPS
                    [appconnect_time_us] => 15080124
                    [connect_time_us] => 15034882
                    [namelookup_time_us] => 1459
                    [pretransfer_time_us] => 15080257
                    [redirect_time_us] => 0
                    [starttransfer_time_us] => 15116056
                    [total_time_us] => 15116136
                    [request_header] => GET /oauth2/v3/userinfo? HTTP/2
Host: www.googleapis.com
user-agent: Hybridauth, PHP Social Authentication Library (https://github.com/hybridauth/hybridauth)
accept-encoding: identity
accept: */*
cache-control: max-age=0
connection: keep-alive
authorization: Bearer


                )

            [opts] => Array
                (
                    [13] => 30
                    [78] => 30
                    [64] => 
                    [81] => 
                    [19913] => 1
                    [52] => 1
                    [68] => 5
                    [2] => 1
                    [10102] => identity
                    [10018] => Hybridauth, PHP Social Authentication Library (https://github.com/hybridauth/hybridauth)
                    [10002] => https://www.googleapis.com/oauth2/v3/userinfo?
                    [10023] => Array
                        (
                            [0] => Accept: */*
                            [1] => Cache-Control: max-age=0
                            [2] => Connection: keep-alive
                            [3] => Expect: 
                            [4] => Pragma: 
                            [5] => Authorization: Bearer
                        )

                    [20079] => *omitted
                )

        )

)

debug -- ::1 -- 2025-11-08T12:26:28+00:00 -- Initialize Hybridauth\Provider\Google, config: 
Array
(
    [enabled] => 1
    [keys] => Array
        (
            [id] => 523070165573-vragqgmqssr2uos6lffbugjnstj2720a.apps.googleusercontent.com
            [secret] => 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
        )

    [scope] => openid profile email https://www.googleapis.com/auth/userinfo.email https://www.googleapis.com/auth/userinfo.profile
    [debug_mode] => 1
    [debug_file] => C:\laragon\scooby-doo\UnFixed/hybridauth.log
    [callback] => http://localhost:3000/callback.php
)

debug -- ::1 -- 2025-11-08T12:26:31+00:00 -- Hybridauth\HttpClient\Curl::request( https://www.googleapis.com/oauth2/v3/userinfo?, GET ), response:
Array
(
    [request] => Array
        (
            [uri] => https://www.googleapis.com/oauth2/v3/userinfo
            [method] => GET
            [parameters] => Array
                (
                )

            [headers] => Array
                (
                    [Accept] => */*
                    [Cache-Control] => max-age=0
                    [Connection] => keep-alive
                    [Expect] => 
                    [Pragma] => 
                    [Authorization] => Bearer 
                )

        )

    [response] => Array
        (
            [code] => 401
            [headers] => Array
                (
                    [date] => Sat, 08 Nov 2025 12:26:31 GMT
                    [expires] => Mon, 01 Jan 1990 00:00:00 GMT
                    [pragma] => no-cache
                    [cache_control] => no-cache, no-store, max-age=0, must-revalidate
                    [content_type] => application/json; charset=utf-8
                    [vary] => Origin,Accept-Encoding
                    [server] => ESF
                    [x_xss_protection] => 0
                    [x_frame_options] => SAMEORIGIN
                    [x_content_type_options] => nosniff
                    [alt_svc] => h3=":443"; ma=2592000,h3-29=":443"; ma=2592000
                    [accept_ranges] => none
                )

            [body] => {
  "error": "invalid_request",
  "error_description": "Invalid Credentials"
}
        )

    [client] => Array
        (
            [error] => 
            [info] => Array
                (
                    [url] => https://www.googleapis.com/oauth2/v3/userinfo
                    [content_type] => application/json; charset=utf-8
                    [http_code] => 401
                    [header_size] => 455
                    [request_size] => 276
                    [filetime] => -1
                    [ssl_verify_result] => 0
                    [redirect_count] => 0
                    [total_time] => 3.139208
                    [namelookup_time] => 0.004363
                    [connect_time] => 3.063556
                    [pretransfer_time] => 3.104398
                    [size_upload] => 0
                    [size_download] => 78
                    [speed_download] => 24
                    [speed_upload] => 0
                    [download_content_length] => -1
                    [upload_content_length] => 0
                    [starttransfer_time] => 3.139107
                    [redirect_time] => 0
                    [redirect_url] => 
                    [primary_ip] => 142.251.12.95
                    [certinfo] => Array
                        (
                        )

                    [primary_port] => 443
                    [local_ip] => 172.25.4.15
                    [local_port] => 6099
                    [http_version] => 3
                    [protocol] => 2
                    [ssl_verifyresult] => 0
                    [scheme] => HTTPS
                    [appconnect_time_us] => 3104272
                    [connect_time_us] => 3063556
                    [namelookup_time_us] => 4363
                    [pretransfer_time_us] => 3104398
                    [redirect_time_us] => 0
                    [starttransfer_time_us] => 3139107
                    [total_time_us] => 3139208
                    [request_header] => GET /oauth2/v3/userinfo? HTTP/2
Host: www.googleapis.com
user-agent: Hybridauth, PHP Social Authentication Library (https://github.com/hybridauth/hybridauth)
accept-encoding: identity
accept: */*
cache-control: max-age=0
connection: keep-alive
authorization: Bearer


                )

            [opts] => Array
                (
                    [13] => 30
                    [78] => 30
                    [64] => 
                    [81] => 
                    [19913] => 1
                    [52] => 1
                    [68] => 5
                    [2] => 1
                    [10102] => identity
                    [10018] => Hybridauth, PHP Social Authentication Library (https://github.com/hybridauth/hybridauth)
                    [10002] => https://www.googleapis.com/oauth2/v3/userinfo?
                    [10023] => Array
                        (
                            [0] => Accept: */*
                            [1] => Cache-Control: max-age=0
                            [2] => Connection: keep-alive
                            [3] => Expect: 
                            [4] => Pragma: 
                            [5] => Authorization: Bearer
                        )

                    [20079] => *omitted
                )

        )

)

debug -- ::1 -- 2025-11-08T12:26:49+00:00 -- Initialize Hybridauth\Provider\Google, config: 
Array
(
    [enabled] => 1
    [keys] => Array
        (
            [id] => 523070165573-vragqgmqssr2uos6lffbugjnstj2720a.apps.googleusercontent.com
            [secret] => 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
        )

    [scope] => openid profile email https://www.googleapis.com/auth/userinfo.email https://www.googleapis.com/auth/userinfo.profile
    [debug_mode] => 1
    [debug_file] => C:\laragon\scooby-doo\UnFixed/hybridauth.log
    [callback] => http://localhost:3000/callback.php
)

debug -- ::1 -- 2025-11-08T12:27:04+00:00 -- Hybridauth\HttpClient\Curl::request( https://www.googleapis.com/oauth2/v3/userinfo?, GET ), response:
Array
(
    [request] => Array
        (
            [uri] => https://www.googleapis.com/oauth2/v3/userinfo
            [method] => GET
            [parameters] => Array
                (
                )

            [headers] => Array
                (
                    [Accept] => */*
                    [Cache-Control] => max-age=0
                    [Connection] => keep-alive
                    [Expect] => 
                    [Pragma] => 
                    [Authorization] => Bearer 
                )

        )

    [response] => Array
        (
            [code] => 401
            [headers] => Array
                (
                    [pragma] => no-cache
                    [expires] => Mon, 01 Jan 1990 00:00:00 GMT
                    [date] => Sat, 08 Nov 2025 12:27:03 GMT
                    [cache_control] => no-cache, no-store, max-age=0, must-revalidate
                    [content_type] => application/json; charset=utf-8
                    [vary] => Origin,Accept-Encoding
                    [server] => ESF
                    [x_xss_protection] => 0
                    [x_frame_options] => SAMEORIGIN
                    [x_content_type_options] => nosniff
                    [alt_svc] => h3=":443"; ma=2592000,h3-29=":443"; ma=2592000
                    [accept_ranges] => none
                )

            [body] => {
  "error": "invalid_request",
  "error_description": "Invalid Credentials"
}
        )

    [client] => Array
        (
            [error] => 
            [info] => Array
                (
                    [url] => https://www.googleapis.com/oauth2/v3/userinfo
                    [content_type] => application/json; charset=utf-8
                    [http_code] => 401
                    [header_size] => 455
                    [request_size] => 276
                    [filetime] => -1
                    [ssl_verify_result] => 0
                    [redirect_count] => 0
                    [total_time] => 15.108734
                    [namelookup_time] => 0.001352
                    [connect_time] => 15.033899
                    [pretransfer_time] => 15.074421
                    [size_upload] => 0
                    [size_download] => 78
                    [speed_download] => 5
                    [speed_upload] => 0
                    [download_content_length] => -1
                    [upload_content_length] => 0
                    [starttransfer_time] => 15.108654
                    [redirect_time] => 0
                    [redirect_url] => 
                    [primary_ip] => 142.250.4.95
                    [certinfo] => Array
                        (
                        )

                    [primary_port] => 443
                    [local_ip] => 172.25.4.15
                    [local_port] => 33823
                    [http_version] => 3
                    [protocol] => 2
                    [ssl_verifyresult] => 0
                    [scheme] => HTTPS
                    [appconnect_time_us] => 15074258
                    [connect_time_us] => 15033899
                    [namelookup_time_us] => 1352
                    [pretransfer_time_us] => 15074421
                    [redirect_time_us] => 0
                    [starttransfer_time_us] => 15108654
                    [total_time_us] => 15108734
                    [request_header] => GET /oauth2/v3/userinfo? HTTP/2
Host: www.googleapis.com
user-agent: Hybridauth, PHP Social Authentication Library (https://github.com/hybridauth/hybridauth)
accept-encoding: identity
accept: */*
cache-control: max-age=0
connection: keep-alive
authorization: Bearer


                )

            [opts] => Array
                (
                    [13] => 30
                    [78] => 30
                    [64] => 
                    [81] => 
                    [19913] => 1
                    [52] => 1
                    [68] => 5
                    [2] => 1
                    [10102] => identity
                    [10018] => Hybridauth, PHP Social Authentication Library (https://github.com/hybridauth/hybridauth)
                    [10002] => https://www.googleapis.com/oauth2/v3/userinfo?
                    [10023] => Array
                        (
                            [0] => Accept: */*
                            [1] => Cache-Control: max-age=0
                            [2] => Connection: keep-alive
                            [3] => Expect: 
                            [4] => Pragma: 
                            [5] => Authorization: Bearer
                        )

                    [20079] => *omitted
                )

        )

)

debug -- ::1 -- 2025-11-08T12:27:19+00:00 -- Initialize Hybridauth\Provider\Google, config: 
Array
(
    [enabled] => 1
    [keys] => Array
        (
            [id] => 523070165573-vragqgmqssr2uos6lffbugjnstj2720a.apps.googleusercontent.com
            [secret] => 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
        )

    [scope] => openid profile email https://www.googleapis.com/auth/userinfo.email https://www.googleapis.com/auth/userinfo.profile
    [debug_mode] => 1
    [debug_file] => C:\laragon\scooby-doo\UnFixed/hybridauth.log
    [callback] => http://localhost:3000/callback.php
)

debug -- ::1 -- 2025-11-08T12:27:19+00:00 -- Hybridauth\HttpClient\Curl::request( https://www.googleapis.com/oauth2/v3/userinfo?, GET ), response:
Array
(
    [request] => Array
        (
            [uri] => https://www.googleapis.com/oauth2/v3/userinfo
            [method] => GET
            [parameters] => Array
                (
                )

            [headers] => Array
                (
                    [Accept] => */*
                    [Cache-Control] => max-age=0
                    [Connection] => keep-alive
                    [Expect] => 
                    [Pragma] => 
                    [Authorization] => Bearer 
                )

        )

    [response] => Array
        (
            [code] => 401
            [headers] => Array
                (
                    [cache_control] => no-cache, no-store, max-age=0, must-revalidate
                    [pragma] => no-cache
                    [expires] => Mon, 01 Jan 1990 00:00:00 GMT
                    [date] => Sat, 08 Nov 2025 12:27:19 GMT
                    [content_type] => application/json; charset=utf-8
                    [vary] => Origin,Accept-Encoding
                    [server] => ESF
                    [x_xss_protection] => 0
                    [x_frame_options] => SAMEORIGIN
                    [x_content_type_options] => nosniff
                    [alt_svc] => h3=":443"; ma=2592000,h3-29=":443"; ma=2592000
                    [accept_ranges] => none
                )

            [body] => {
  "error": "invalid_request",
  "error_description": "Invalid Credentials"
}
        )

    [client] => Array
        (
            [error] => 
            [info] => Array
                (
                    [url] => https://www.googleapis.com/oauth2/v3/userinfo
                    [content_type] => application/json; charset=utf-8
                    [http_code] => 401
                    [header_size] => 455
                    [request_size] => 276
                    [filetime] => -1
                    [ssl_verify_result] => 0
                    [redirect_count] => 0
                    [total_time] => 0.108908
                    [namelookup_time] => 0.004263
                    [connect_time] => 0.032646
                    [pretransfer_time] => 0.073026
                    [size_upload] => 0
                    [size_download] => 78
                    [speed_download] => 716
                    [speed_upload] => 0
                    [download_content_length] => -1
                    [upload_content_length] => 0
                    [starttransfer_time] => 0.108828
                    [redirect_time] => 0
                    [redirect_url] => 
                    [primary_ip] => 142.251.12.95
                    [certinfo] => Array
                        (
                        )

                    [primary_port] => 443
                    [local_ip] => 172.25.4.15
                    [local_port] => 11095
                    [http_version] => 3
                    [protocol] => 2
                    [ssl_verifyresult] => 0
                    [scheme] => HTTPS
                    [appconnect_time_us] => 72822
                    [connect_time_us] => 32646
                    [namelookup_time_us] => 4263
                    [pretransfer_time_us] => 73026
                    [redirect_time_us] => 0
                    [starttransfer_time_us] => 108828
                    [total_time_us] => 108908
                    [request_header] => GET /oauth2/v3/userinfo? HTTP/2
Host: www.googleapis.com
user-agent: Hybridauth, PHP Social Authentication Library (https://github.com/hybridauth/hybridauth)
accept-encoding: identity
accept: */*
cache-control: max-age=0
connection: keep-alive
authorization: Bearer


                )

            [opts] => Array
                (
                    [13] => 30
                    [78] => 30
                    [64] => 
                    [81] => 
                    [19913] => 1
                    [52] => 1
                    [68] => 5
                    [2] => 1
                    [10102] => identity
                    [10018] => Hybridauth, PHP Social Authentication Library (https://github.com/hybridauth/hybridauth)
                    [10002] => https://www.googleapis.com/oauth2/v3/userinfo?
                    [10023] => Array
                        (
                            [0] => Accept: */*
                            [1] => Cache-Control: max-age=0
                            [2] => Connection: keep-alive
                            [3] => Expect: 
                            [4] => Pragma: 
                            [5] => Authorization: Bearer
                        )

                    [20079] => *omitted
                )

        )

)

debug -- ::1 -- 2025-11-08T12:27:21+00:00 -- Initialize Hybridauth\Provider\Google, config: 
Array
(
    [enabled] => 1
    [keys] => Array
        (
            [id] => 523070165573-vragqgmqssr2uos6lffbugjnstj2720a.apps.googleusercontent.com
            [secret] => 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
        )

    [scope] => openid profile email https://www.googleapis.com/auth/userinfo.email https://www.googleapis.com/auth/userinfo.profile
    [debug_mode] => 1
    [debug_file] => C:\laragon\scooby-doo\UnFixed/hybridauth.log
    [callback] => http://localhost:3000/callback.php
)

debug -- ::1 -- 2025-11-08T12:27:21+00:00 -- Hybridauth\HttpClient\Curl::request( https://www.googleapis.com/oauth2/v3/userinfo?, GET ), response:
Array
(
    [request] => Array
        (
            [uri] => https://www.googleapis.com/oauth2/v3/userinfo
            [method] => GET
            [parameters] => Array
                (
                )

            [headers] => Array
                (
                    [Accept] => */*
                    [Cache-Control] => max-age=0
                    [Connection] => keep-alive
                    [Expect] => 
                    [Pragma] => 
                    [Authorization] => Bearer 
                )

        )

    [response] => Array
        (
            [code] => 401
            [headers] => Array
                (
                    [cache_control] => no-cache, no-store, max-age=0, must-revalidate
                    [pragma] => no-cache
                    [date] => Sat, 08 Nov 2025 12:27:21 GMT
                    [expires] => Mon, 01 Jan 1990 00:00:00 GMT
                    [content_type] => application/json; charset=utf-8
                    [vary] => Origin,Accept-Encoding
                    [server] => ESF
                    [x_xss_protection] => 0
                    [x_frame_options] => SAMEORIGIN
                    [x_content_type_options] => nosniff
                    [alt_svc] => h3=":443"; ma=2592000,h3-29=":443"; ma=2592000
                    [accept_ranges] => none
                )

            [body] => {
  "error": "invalid_request",
  "error_description": "Invalid Credentials"
}
        )

    [client] => Array
        (
            [error] => 
            [info] => Array
                (
                    [url] => https://www.googleapis.com/oauth2/v3/userinfo
                    [content_type] => application/json; charset=utf-8
                    [http_code] => 401
                    [header_size] => 455
                    [request_size] => 276
                    [filetime] => -1
                    [ssl_verify_result] => 0
                    [redirect_count] => 0
                    [total_time] => 0.104466
                    [namelookup_time] => 0.001469
                    [connect_time] => 0.029078
                    [pretransfer_time] => 0.069591
                    [size_upload] => 0
                    [size_download] => 78
                    [speed_download] => 746
                    [speed_upload] => 0
                    [download_content_length] => -1
                    [upload_content_length] => 0
                    [starttransfer_time] => 0.104368
                    [redirect_time] => 0
                    [redirect_url] => 
                    [primary_ip] => 142.251.12.95
                    [certinfo] => Array
                        (
                        )

                    [primary_port] => 443
                    [local_ip] => 172.25.4.15
                    [local_port] => 1153
                    [http_version] => 3
                    [protocol] => 2
                    [ssl_verifyresult] => 0
                    [scheme] => HTTPS
                    [appconnect_time_us] => 69465
                    [connect_time_us] => 29078
                    [namelookup_time_us] => 1469
                    [pretransfer_time_us] => 69591
                    [redirect_time_us] => 0
                    [starttransfer_time_us] => 104368
                    [total_time_us] => 104466
                    [request_header] => GET /oauth2/v3/userinfo? HTTP/2
Host: www.googleapis.com
user-agent: Hybridauth, PHP Social Authentication Library (https://github.com/hybridauth/hybridauth)
accept-encoding: identity
accept: */*
cache-control: max-age=0
connection: keep-alive
authorization: Bearer


                )

            [opts] => Array
                (
                    [13] => 30
                    [78] => 30
                    [64] => 
                    [81] => 
                    [19913] => 1
                    [52] => 1
                    [68] => 5
                    [2] => 1
                    [10102] => identity
                    [10018] => Hybridauth, PHP Social Authentication Library (https://github.com/hybridauth/hybridauth)
                    [10002] => https://www.googleapis.com/oauth2/v3/userinfo?
                    [10023] => Array
                        (
                            [0] => Accept: */*
                            [1] => Cache-Control: max-age=0
                            [2] => Connection: keep-alive
                            [3] => Expect: 
                            [4] => Pragma: 
                            [5] => Authorization: Bearer
                        )

                    [20079] => *omitted
                )

        )

)

debug -- ::1 -- 2025-11-08T12:27:56+00:00 -- Initialize Hybridauth\Provider\Google, config: 
Array
(
    [enabled] => 1
    [keys] => Array
        (
            [id] => 523070165573-vragqgmqssr2uos6lffbugjnstj2720a.apps.googleusercontent.com
            [secret] => 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
        )

    [scope] => openid profile email https://www.googleapis.com/auth/userinfo.email https://www.googleapis.com/auth/userinfo.profile
    [debug_mode] => 1
    [debug_file] => C:\laragon\scooby-doo\UnFixed/hybridauth.log
    [callback] => http://localhost:3000/callback.php
)

debug -- ::1 -- 2025-11-08T12:27:59+00:00 -- Hybridauth\HttpClient\Curl::request( https://www.googleapis.com/oauth2/v3/userinfo?, GET ), response:
Array
(
    [request] => Array
        (
            [uri] => https://www.googleapis.com/oauth2/v3/userinfo
            [method] => GET
            [parameters] => Array
                (
                )

            [headers] => Array
                (
                    [Accept] => */*
                    [Cache-Control] => max-age=0
                    [Connection] => keep-alive
                    [Expect] => 
                    [Pragma] => 
                    [Authorization] => Bearer 
                )

        )

    [response] => Array
        (
            [code] => 401
            [headers] => Array
                (
                    [cache_control] => no-cache, no-store, max-age=0, must-revalidate
                    [pragma] => no-cache
                    [expires] => Mon, 01 Jan 1990 00:00:00 GMT
                    [date] => Sat, 08 Nov 2025 12:27:59 GMT
                    [content_type] => application/json; charset=utf-8
                    [vary] => Origin,Accept-Encoding
                    [server] => ESF
                    [x_xss_protection] => 0
                    [x_frame_options] => SAMEORIGIN
                    [x_content_type_options] => nosniff
                    [alt_svc] => h3=":443"; ma=2592000,h3-29=":443"; ma=2592000
                    [accept_ranges] => none
                )

            [body] => {
  "error": "invalid_request",
  "error_description": "Invalid Credentials"
}
        )

    [client] => Array
        (
            [error] => 
            [info] => Array
                (
                    [url] => https://www.googleapis.com/oauth2/v3/userinfo
                    [content_type] => application/json; charset=utf-8
                    [http_code] => 401
                    [header_size] => 455
                    [request_size] => 276
                    [filetime] => -1
                    [ssl_verify_result] => 0
                    [redirect_count] => 0
                    [total_time] => 3.16635
                    [namelookup_time] => 0.040613
                    [connect_time] => 3.082798
                    [pretransfer_time] => 3.127051
                    [size_upload] => 0
                    [size_download] => 78
                    [speed_download] => 24
                    [speed_upload] => 0
                    [download_content_length] => -1
                    [upload_content_length] => 0
                    [starttransfer_time] => 3.166273
                    [redirect_time] => 0
                    [redirect_url] => 
                    [primary_ip] => 172.253.118.95
                    [certinfo] => Array
                        (
                        )

                    [primary_port] => 443
                    [local_ip] => 172.25.4.15
                    [local_port] => 42526
                    [http_version] => 3
                    [protocol] => 2
                    [ssl_verifyresult] => 0
                    [scheme] => HTTPS
                    [appconnect_time_us] => 3126912
                    [connect_time_us] => 3082798
                    [namelookup_time_us] => 40613
                    [pretransfer_time_us] => 3127051
                    [redirect_time_us] => 0
                    [starttransfer_time_us] => 3166273
                    [total_time_us] => 3166350
                    [request_header] => GET /oauth2/v3/userinfo? HTTP/2
Host: www.googleapis.com
user-agent: Hybridauth, PHP Social Authentication Library (https://github.com/hybridauth/hybridauth)
accept-encoding: identity
accept: */*
cache-control: max-age=0
connection: keep-alive
authorization: Bearer


                )

            [opts] => Array
                (
                    [13] => 30
                    [78] => 30
                    [64] => 
                    [81] => 
                    [19913] => 1
                    [52] => 1
                    [68] => 5
                    [2] => 1
                    [10102] => identity
                    [10018] => Hybridauth, PHP Social Authentication Library (https://github.com/hybridauth/hybridauth)
                    [10002] => https://www.googleapis.com/oauth2/v3/userinfo?
                    [10023] => Array
                        (
                            [0] => Accept: */*
                            [1] => Cache-Control: max-age=0
                            [2] => Connection: keep-alive
                            [3] => Expect: 
                            [4] => Pragma: 
                            [5] => Authorization: Bearer
                        )

                    [20079] => *omitted
                )

        )

)

debug -- ::1 -- 2025-11-08T12:28:00+00:00 -- Initialize Hybridauth\Provider\Google, config: 
Array
(
    [enabled] => 1
    [keys] => Array
        (
            [id] => 523070165573-vragqgmqssr2uos6lffbugjnstj2720a.apps.googleusercontent.com
            [secret] => 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
        )

    [scope] => openid profile email https://www.googleapis.com/auth/userinfo.email https://www.googleapis.com/auth/userinfo.profile
    [debug_mode] => 1
    [debug_file] => C:\laragon\scooby-doo\UnFixed/hybridauth.log
    [callback] => http://localhost:3000/callback.php
)

debug -- ::1 -- 2025-11-08T12:28:00+00:00 -- Hybridauth\HttpClient\Curl::request( https://www.googleapis.com/oauth2/v3/userinfo?, GET ), response:
Array
(
    [request] => Array
        (
            [uri] => https://www.googleapis.com/oauth2/v3/userinfo
            [method] => GET
            [parameters] => Array
                (
                )

            [headers] => Array
                (
                    [Accept] => */*
                    [Cache-Control] => max-age=0
                    [Connection] => keep-alive
                    [Expect] => 
                    [Pragma] => 
                    [Authorization] => Bearer 
                )

        )

    [response] => Array
        (
            [code] => 401
            [headers] => Array
                (
                    [date] => Sat, 08 Nov 2025 12:28:00 GMT
                    [cache_control] => no-cache, no-store, max-age=0, must-revalidate
                    [pragma] => no-cache
                    [expires] => Mon, 01 Jan 1990 00:00:00 GMT
                    [content_type] => application/json; charset=utf-8
                    [vary] => Origin,Accept-Encoding
                    [server] => ESF
                    [x_xss_protection] => 0
                    [x_frame_options] => SAMEORIGIN
                    [x_content_type_options] => nosniff
                    [alt_svc] => h3=":443"; ma=2592000,h3-29=":443"; ma=2592000
                    [accept_ranges] => none
                )

            [body] => {
  "error": "invalid_request",
  "error_description": "Invalid Credentials"
}
        )

    [client] => Array
        (
            [error] => 
            [info] => Array
                (
                    [url] => https://www.googleapis.com/oauth2/v3/userinfo
                    [content_type] => application/json; charset=utf-8
                    [http_code] => 401
                    [header_size] => 455
                    [request_size] => 276
                    [filetime] => -1
                    [ssl_verify_result] => 0
                    [redirect_count] => 0
                    [total_time] => 0.098092
                    [namelookup_time] => 0.001361
                    [connect_time] => 0.027218
                    [pretransfer_time] => 0.065793
                    [size_upload] => 0
                    [size_download] => 78
                    [speed_download] => 795
                    [speed_upload] => 0
                    [download_content_length] => -1
                    [upload_content_length] => 0
                    [starttransfer_time] => 0.098003
                    [redirect_time] => 0
                    [redirect_url] => 
                    [primary_ip] => 172.253.118.95
                    [certinfo] => Array
                        (
                        )

                    [primary_port] => 443
                    [local_ip] => 172.25.4.15
                    [local_port] => 57684
                    [http_version] => 3
                    [protocol] => 2
                    [ssl_verifyresult] => 0
                    [scheme] => HTTPS
                    [appconnect_time_us] => 65642
                    [connect_time_us] => 27218
                    [namelookup_time_us] => 1361
                    [pretransfer_time_us] => 65793
                    [redirect_time_us] => 0
                    [starttransfer_time_us] => 98003
                    [total_time_us] => 98092
                    [request_header] => GET /oauth2/v3/userinfo? HTTP/2
Host: www.googleapis.com
user-agent: Hybridauth, PHP Social Authentication Library (https://github.com/hybridauth/hybridauth)
accept-encoding: identity
accept: */*
cache-control: max-age=0
connection: keep-alive
authorization: Bearer


                )

            [opts] => Array
                (
                    [13] => 30
                    [78] => 30
                    [64] => 
                    [81] => 
                    [19913] => 1
                    [52] => 1
                    [68] => 5
                    [2] => 1
                    [10102] => identity
                    [10018] => Hybridauth, PHP Social Authentication Library (https://github.com/hybridauth/hybridauth)
                    [10002] => https://www.googleapis.com/oauth2/v3/userinfo?
                    [10023] => Array
                        (
                            [0] => Accept: */*
                            [1] => Cache-Control: max-age=0
                            [2] => Connection: keep-alive
                            [3] => Expect: 
                            [4] => Pragma: 
                            [5] => Authorization: Bearer
                        )

                    [20079] => *omitted
                )

        )

)

debug -- ::1 -- 2025-11-08T12:28:13+00:00 -- Initialize Hybridauth\Provider\Google, config: 
Array
(
    [enabled] => 1
    [keys] => Array
        (
            [id] => 523070165573-vragqgmqssr2uos6lffbugjnstj2720a.apps.googleusercontent.com
            [secret] => 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
        )

    [scope] => openid profile email https://www.googleapis.com/auth/userinfo.email https://www.googleapis.com/auth/userinfo.profile
    [debug_mode] => 1
    [debug_file] => C:\laragon\scooby-doo\UnFixed/hybridauth.log
    [callback] => http://localhost:3000/callback.php
)

debug -- ::1 -- 2025-11-08T12:28:32+00:00 -- Hybridauth\HttpClient\Curl::request( https://www.googleapis.com/oauth2/v3/userinfo?, GET ), response:
Array
(
    [request] => Array
        (
            [uri] => https://www.googleapis.com/oauth2/v3/userinfo
            [method] => GET
            [parameters] => Array
                (
                )

            [headers] => Array
                (
                    [Accept] => */*
                    [Cache-Control] => max-age=0
                    [Connection] => keep-alive
                    [Expect] => 
                    [Pragma] => 
                    [Authorization] => Bearer 
                )

        )

    [response] => Array
        (
            [code] => 401
            [headers] => Array
                (
                    [date] => Sat, 08 Nov 2025 12:28:31 GMT
                    [expires] => Mon, 01 Jan 1990 00:00:00 GMT
                    [pragma] => no-cache
                    [cache_control] => no-cache, no-store, max-age=0, must-revalidate
                    [content_type] => application/json; charset=utf-8
                    [vary] => Origin,Accept-Encoding
                    [server] => ESF
                    [x_xss_protection] => 0
                    [x_frame_options] => SAMEORIGIN
                    [x_content_type_options] => nosniff
                    [alt_svc] => h3=":443"; ma=2592000,h3-29=":443"; ma=2592000
                    [accept_ranges] => none
                )

            [body] => {
  "error": "invalid_request",
  "error_description": "Invalid Credentials"
}
        )

    [client] => Array
        (
            [error] => 
            [info] => Array
                (
                    [url] => https://www.googleapis.com/oauth2/v3/userinfo
                    [content_type] => application/json; charset=utf-8
                    [http_code] => 401
                    [header_size] => 455
                    [request_size] => 276
                    [filetime] => -1
                    [ssl_verify_result] => 0
                    [redirect_count] => 0
                    [total_time] => 18.20264
                    [namelookup_time] => 0.001367
                    [connect_time] => 18.058299
                    [pretransfer_time] => 18.103998
                    [size_upload] => 0
                    [size_download] => 78
                    [speed_download] => 4
                    [speed_upload] => 0
                    [download_content_length] => -1
                    [upload_content_length] => 0
                    [starttransfer_time] => 18.179173
                    [redirect_time] => 0
                    [redirect_url] => 
                    [primary_ip] => 74.125.24.95
                    [certinfo] => Array
                        (
                        )

                    [primary_port] => 443
                    [local_ip] => 172.25.4.15
                    [local_port] => 12164
                    [http_version] => 3
                    [protocol] => 2
                    [ssl_verifyresult] => 0
                    [scheme] => HTTPS
                    [appconnect_time_us] => 18103811
                    [connect_time_us] => 18058299
                    [namelookup_time_us] => 1367
                    [pretransfer_time_us] => 18103998
                    [redirect_time_us] => 0
                    [starttransfer_time_us] => 18179173
                    [total_time_us] => 18202640
                    [request_header] => GET /oauth2/v3/userinfo? HTTP/2
Host: www.googleapis.com
user-agent: Hybridauth, PHP Social Authentication Library (https://github.com/hybridauth/hybridauth)
accept-encoding: identity
accept: */*
cache-control: max-age=0
connection: keep-alive
authorization: Bearer


                )

            [opts] => Array
                (
                    [13] => 30
                    [78] => 30
                    [64] => 
                    [81] => 
                    [19913] => 1
                    [52] => 1
                    [68] => 5
                    [2] => 1
                    [10102] => identity
                    [10018] => Hybridauth, PHP Social Authentication Library (https://github.com/hybridauth/hybridauth)
                    [10002] => https://www.googleapis.com/oauth2/v3/userinfo?
                    [10023] => Array
                        (
                            [0] => Accept: */*
                            [1] => Cache-Control: max-age=0
                            [2] => Connection: keep-alive
                            [3] => Expect: 
                            [4] => Pragma: 
                            [5] => Authorization: Bearer
                        )

                    [20079] => *omitted
                )

        )

)

debug -- ::1 -- 2025-11-08T12:28:32+00:00 -- Initialize Hybridauth\Provider\Google, config: 
Array
(
    [enabled] => 1
    [keys] => Array
        (
            [id] => 523070165573-vragqgmqssr2uos6lffbugjnstj2720a.apps.googleusercontent.com
            [secret] => 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
        )

    [scope] => openid profile email https://www.googleapis.com/auth/userinfo.email https://www.googleapis.com/auth/userinfo.profile
    [debug_mode] => 1
    [debug_file] => C:\laragon\scooby-doo\UnFixed/hybridauth.log
    [callback] => http://localhost:3000/callback.php
)

debug -- ::1 -- 2025-11-08T12:28:54+00:00 -- Hybridauth\HttpClient\Curl::request( https://www.googleapis.com/oauth2/v3/userinfo?, GET ), response:
Array
(
    [request] => Array
        (
            [uri] => https://www.googleapis.com/oauth2/v3/userinfo
            [method] => GET
            [parameters] => Array
                (
                )

            [headers] => Array
                (
                    [Accept] => */*
                    [Cache-Control] => max-age=0
                    [Connection] => keep-alive
                    [Expect] => 
                    [Pragma] => 
                    [Authorization] => Bearer 
                )

        )

    [response] => Array
        (
            [code] => 401
            [headers] => Array
                (
                    [date] => Sat, 08 Nov 2025 12:28:54 GMT
                    [expires] => Mon, 01 Jan 1990 00:00:00 GMT
                    [cache_control] => no-cache, no-store, max-age=0, must-revalidate
                    [pragma] => no-cache
                    [content_type] => application/json; charset=utf-8
                    [vary] => Origin,Accept-Encoding
                    [server] => ESF
                    [x_xss_protection] => 0
                    [x_frame_options] => SAMEORIGIN
                    [x_content_type_options] => nosniff
                    [alt_svc] => h3=":443"; ma=2592000,h3-29=":443"; ma=2592000
                    [accept_ranges] => none
                )

            [body] => {
  "error": "invalid_request",
  "error_description": "Invalid Credentials"
}
        )

    [client] => Array
        (
            [error] => 
            [info] => Array
                (
                    [url] => https://www.googleapis.com/oauth2/v3/userinfo
                    [content_type] => application/json; charset=utf-8
                    [http_code] => 401
                    [header_size] => 455
                    [request_size] => 276
                    [filetime] => -1
                    [ssl_verify_result] => 0
                    [redirect_count] => 0
                    [total_time] => 22.616996
                    [namelookup_time] => 0.00125
                    [connect_time] => 22.539145
                    [pretransfer_time] => 22.580202
                    [size_upload] => 0
                    [size_download] => 78
                    [speed_download] => 3
                    [speed_upload] => 0
                    [download_content_length] => -1
                    [upload_content_length] => 0
                    [starttransfer_time] => 22.616921
                    [redirect_time] => 0
                    [redirect_url] => 
                    [primary_ip] => 142.250.4.95
                    [certinfo] => Array
                        (
                        )

                    [primary_port] => 443
                    [local_ip] => 172.25.4.15
                    [local_port] => 12176
                    [http_version] => 3
                    [protocol] => 2
                    [ssl_verifyresult] => 0
                    [scheme] => HTTPS
                    [appconnect_time_us] => 22579996
                    [connect_time_us] => 22539145
                    [namelookup_time_us] => 1250
                    [pretransfer_time_us] => 22580202
                    [redirect_time_us] => 0
                    [starttransfer_time_us] => 22616921
                    [total_time_us] => 22616996
                    [request_header] => GET /oauth2/v3/userinfo? HTTP/2
Host: www.googleapis.com
user-agent: Hybridauth, PHP Social Authentication Library (https://github.com/hybridauth/hybridauth)
accept-encoding: identity
accept: */*
cache-control: max-age=0
connection: keep-alive
authorization: Bearer


                )

            [opts] => Array
                (
                    [13] => 30
                    [78] => 30
                    [64] => 
                    [81] => 
                    [19913] => 1
                    [52] => 1
                    [68] => 5
                    [2] => 1
                    [10102] => identity
                    [10018] => Hybridauth, PHP Social Authentication Library (https://github.com/hybridauth/hybridauth)
                    [10002] => https://www.googleapis.com/oauth2/v3/userinfo?
                    [10023] => Array
                        (
                            [0] => Accept: */*
                            [1] => Cache-Control: max-age=0
                            [2] => Connection: keep-alive
                            [3] => Expect: 
                            [4] => Pragma: 
                            [5] => Authorization: Bearer
                        )

                    [20079] => *omitted
                )

        )

)

debug -- ::1 -- 2025-11-08T12:29:08+00:00 -- Initialize Hybridauth\Provider\Google, config: 
Array
(
    [enabled] => 1
    [keys] => Array
        (
            [id] => 523070165573-vragqgmqssr2uos6lffbugjnstj2720a.apps.googleusercontent.com
            [secret] => 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
        )

    [scope] => openid profile email https://www.googleapis.com/auth/userinfo.email https://www.googleapis.com/auth/userinfo.profile
    [debug_mode] => 1
    [debug_file] => C:\laragon\scooby-doo\UnFixed/hybridauth.log
    [callback] => http://localhost:3000/callback.php
)

info -- ::1 -- 2025-11-08T12:29:08+00:00 -- Hybridauth\Provider\Google::authenticate()
debug -- ::1 -- 2025-11-08T12:29:08+00:00 -- Hybridauth\Provider\Google::authenticateBegin(), redirecting user to:
Array
(
    [0] => https://accounts.google.com/o/oauth2/v2/auth?response_type=code&client_id=523070165573-vragqgmqssr2uos6lffbugjnstj2720a.apps.googleusercontent.com&redirect_uri=http%3A%2F%2Flocalhost%3A3000%2Fcallback.php&scope=openid+profile+email+https%3A%2F%2Fwww.googleapis.com%2Fauth%2Fuserinfo.email+https%3A%2F%2Fwww.googleapis.com%2Fauth%2Fuserinfo.profile&access_type=offline&prompt=consent&state=HA-6AVURYEBWPKX0C5IQ9SM4O7GHT28JZ3DNF1L
)

debug -- ::1 -- 2025-11-08T12:29:24+00:00 -- Initialize Hybridauth\Provider\Google, config: 
Array
(
    [enabled] => 1
    [keys] => Array
        (
            [id] => 523070165573-vragqgmqssr2uos6lffbugjnstj2720a.apps.googleusercontent.com
            [secret] => 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
        )

    [scope] => openid profile email https://www.googleapis.com/auth/userinfo.email https://www.googleapis.com/auth/userinfo.profile
    [debug_mode] => 1
    [debug_file] => C:\laragon\scooby-doo\UnFixed/hybridauth.log
    [callback] => http://localhost:3000/callback.php
)

info -- ::1 -- 2025-11-08T12:29:24+00:00 -- Hybridauth\Provider\Google::authenticate()
debug -- ::1 -- 2025-11-08T12:29:24+00:00 -- Hybridauth\Provider\Google::authenticateFinish(), callback url:
Array
(
    [0] => http://localhost:3000/callback.php?state=HA-6AVURYEBWPKX0C5IQ9SM4O7GHT28JZ3DNF1L&code=4%2F0Ab32j91HzrLeO6XXY1QxeDpoyxXwVqF-BTv_P6oBbKyXGKVGzMFKCVnuG9eM5YARVBkz5A&scope=email+profile+https%3A%2F%2Fwww.googleapis.com%2Fauth%2Fuserinfo.profile+https%3A%2F%2Fwww.googleapis.com%2Fauth%2Fuserinfo.email+openid&authuser=0&prompt=consent
)

debug -- ::1 -- 2025-11-08T12:29:45+00:00 -- Hybridauth\HttpClient\Curl::request( https://oauth2.googleapis.com/token, POST ), response:
Array
(
    [request] => Array
        (
            [uri] => https://oauth2.googleapis.com/token
            [method] => POST
            [parameters] => Array
                (
                    [client_id] => 523070165573-vragqgmqssr2uos6lffbugjnstj2720a.apps.googleusercontent.com
                    [client_secret] => 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
                    [grant_type] => authorization_code
                    [redirect_uri] => http://localhost:3000/callback.php
                    [code] => 4/0Ab32j91HzrLeO6XXY1QxeDpoyxXwVqF-BTv_P6oBbKyXGKVGzMFKCVnuG9eM5YARVBkz5A
                )

            [headers] => Array
                (
                    [Accept] => */*
                    [Cache-Control] => max-age=0
                    [Connection] => keep-alive
                    [Expect] => 
                    [Pragma] => 
                )

        )

    [response] => Array
        (
            [code] => 0
            [headers] => Array
                (
                )

            [body] => 
        )

    [client] => Array
        (
            [error] => Failed to connect to oauth2.googleapis.com port 443: Timed out
            [info] => Array
                (
                    [url] => https://oauth2.googleapis.com/token
                    [content_type] => 
                    [http_code] => 0
                    [header_size] => 0
                    [request_size] => 0
                    [filetime] => -1
                    [ssl_verify_result] => 0
                    [redirect_count] => 0
                    [total_time] => 21.063615
                    [namelookup_time] => 0.029977
                    [connect_time] => 0
                    [pretransfer_time] => 0
                    [size_upload] => 0
                    [size_download] => 0
                    [speed_download] => 0
                    [speed_upload] => 0
                    [download_content_length] => -1
                    [upload_content_length] => -1
                    [starttransfer_time] => 0
                    [redirect_time] => 0
                    [redirect_url] => 
                    [primary_ip] => 
                    [certinfo] => Array
                        (
                        )

                    [primary_port] => 0
                    [local_ip] => 
                    [local_port] => 0
                    [http_version] => 0
                    [protocol] => 0
                    [ssl_verifyresult] => 0
                    [scheme] => 
                    [appconnect_time_us] => 0
                    [connect_time_us] => 0
                    [namelookup_time_us] => 29977
                    [pretransfer_time_us] => 0
                    [redirect_time_us] => 0
                    [starttransfer_time_us] => 0
                    [total_time_us] => 21063615
                )

            [opts] => Array
                (
                    [13] => 30
                    [78] => 30
                    [64] => 
                    [81] => 
                    [19913] => 1
                    [52] => 1
                    [68] => 5
                    [2] => 1
                    [10102] => identity
                    [10018] => Hybridauth, PHP Social Authentication Library (https://github.com/hybridauth/hybridauth)
                    [47] => 1
                    [10015] => client_id=523070165573-vragqgmqssr2uos6lffbugjnstj2720a.apps.googleusercontent.com&client_secret=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&grant_type=authorization_code&redirect_uri=http%3A%2F%2Flocalhost%3A3000%2Fcallback.php&code=4%2F0Ab32j91HzrLeO6XXY1QxeDpoyxXwVqF-BTv_P6oBbKyXGKVGzMFKCVnuG9eM5YARVBkz5A
                    [10002] => https://oauth2.googleapis.com/token
                    [10023] => Array
                        (
                            [0] => Accept: */*
                            [1] => Cache-Control: max-age=0
                            [2] => Connection: keep-alive
                            [3] => Expect: 
                            [4] => Pragma: 
                        )

                    [20079] => *omitted
                )

        )

)

error -- ::1 -- 2025-11-08T12:29:45+00:00 -- Hybridauth\HttpClient\Curl::request( https://oauth2.googleapis.com/token, POST ), error:
Array
(
    [0] => Failed to connect to oauth2.googleapis.com port 443: Timed out
)

debug -- ::1 -- 2025-11-08T12:29:55+00:00 -- Initialize Hybridauth\Provider\Google, config: 
Array
(
    [enabled] => 1
    [keys] => Array
        (
            [id] => 523070165573-vragqgmqssr2uos6lffbugjnstj2720a.apps.googleusercontent.com
            [secret] => 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
        )

    [scope] => openid profile email https://www.googleapis.com/auth/userinfo.email https://www.googleapis.com/auth/userinfo.profile
    [debug_mode] => 1
    [debug_file] => C:\laragon\scooby-doo\UnFixed/hybridauth.log
    [callback] => http://localhost:3000/callback.php
)

info -- ::1 -- 2025-11-08T12:29:55+00:00 -- Hybridauth\Provider\Google::authenticate()
debug -- ::1 -- 2025-11-08T12:29:55+00:00 -- Hybridauth\Provider\Google::authenticateFinish(), callback url:
Array
(
    [0] => http://localhost:3000/callback.php?state=HA-6AVURYEBWPKX0C5IQ9SM4O7GHT28JZ3DNF1L&code=4%2F0Ab32j91HzrLeO6XXY1QxeDpoyxXwVqF-BTv_P6oBbKyXGKVGzMFKCVnuG9eM5YARVBkz5A&scope=email+profile+https%3A%2F%2Fwww.googleapis.com%2Fauth%2Fuserinfo.profile+https%3A%2F%2Fwww.googleapis.com%2Fauth%2Fuserinfo.email+openid&authuser=0&prompt=consent
)

debug -- ::1 -- 2025-11-08T12:29:55+00:00 -- Initialize Hybridauth\Provider\Google, config: 
Array
(
    [enabled] => 1
    [keys] => Array
        (
            [id] => 523070165573-vragqgmqssr2uos6lffbugjnstj2720a.apps.googleusercontent.com
            [secret] => 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
        )

    [scope] => openid profile email https://www.googleapis.com/auth/userinfo.email https://www.googleapis.com/auth/userinfo.profile
    [debug_mode] => 1
    [debug_file] => C:\laragon\scooby-doo\UnFixed/hybridauth.log
    [callback] => http://localhost:3000/callback.php
)

info -- ::1 -- 2025-11-08T12:29:55+00:00 -- Hybridauth\Provider\Google::authenticate()
debug -- ::1 -- 2025-11-08T12:29:55+00:00 -- Hybridauth\Provider\Google::authenticateFinish(), callback url:
Array
(
    [0] => http://localhost:3000/callback.php?state=HA-6AVURYEBWPKX0C5IQ9SM4O7GHT28JZ3DNF1L&code=4%2F0Ab32j91HzrLeO6XXY1QxeDpoyxXwVqF-BTv_P6oBbKyXGKVGzMFKCVnuG9eM5YARVBkz5A&scope=email+profile+https%3A%2F%2Fwww.googleapis.com%2Fauth%2Fuserinfo.profile+https%3A%2F%2Fwww.googleapis.com%2Fauth%2Fuserinfo.email+openid&authuser=0&prompt=consent
)

debug -- ::1 -- 2025-11-08T12:29:56+00:00 -- Initialize Hybridauth\Provider\Google, config: 
Array
(
    [enabled] => 1
    [keys] => Array
        (
            [id] => 523070165573-vragqgmqssr2uos6lffbugjnstj2720a.apps.googleusercontent.com
            [secret] => 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
        )

    [scope] => openid profile email https://www.googleapis.com/auth/userinfo.email https://www.googleapis.com/auth/userinfo.profile
    [debug_mode] => 1
    [debug_file] => C:\laragon\scooby-doo\UnFixed/hybridauth.log
    [callback] => http://localhost:3000/callback.php
)

info -- ::1 -- 2025-11-08T12:29:56+00:00 -- Hybridauth\Provider\Google::authenticate()
debug -- ::1 -- 2025-11-08T12:29:56+00:00 -- Hybridauth\Provider\Google::authenticateFinish(), callback url:
Array
(
    [0] => http://localhost:3000/callback.php?state=HA-6AVURYEBWPKX0C5IQ9SM4O7GHT28JZ3DNF1L&code=4%2F0Ab32j91HzrLeO6XXY1QxeDpoyxXwVqF-BTv_P6oBbKyXGKVGzMFKCVnuG9eM5YARVBkz5A&scope=email+profile+https%3A%2F%2Fwww.googleapis.com%2Fauth%2Fuserinfo.profile+https%3A%2F%2Fwww.googleapis.com%2Fauth%2Fuserinfo.email+openid&authuser=0&prompt=consent
)

debug -- ::1 -- 2025-11-08T12:29:56+00:00 -- Initialize Hybridauth\Provider\Google, config: 
Array
(
    [enabled] => 1
    [keys] => Array
        (
            [id] => 523070165573-vragqgmqssr2uos6lffbugjnstj2720a.apps.googleusercontent.com
            [secret] => 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
        )

    [scope] => openid profile email https://www.googleapis.com/auth/userinfo.email https://www.googleapis.com/auth/userinfo.profile
    [debug_mode] => 1
    [debug_file] => C:\laragon\scooby-doo\UnFixed/hybridauth.log
    [callback] => http://localhost:3000/callback.php
)

info -- ::1 -- 2025-11-08T12:29:56+00:00 -- Hybridauth\Provider\Google::authenticate()
debug -- ::1 -- 2025-11-08T12:29:56+00:00 -- Hybridauth\Provider\Google::authenticateFinish(), callback url:
Array
(
    [0] => http://localhost:3000/callback.php?state=HA-6AVURYEBWPKX0C5IQ9SM4O7GHT28JZ3DNF1L&code=4%2F0Ab32j91HzrLeO6XXY1QxeDpoyxXwVqF-BTv_P6oBbKyXGKVGzMFKCVnuG9eM5YARVBkz5A&scope=email+profile+https%3A%2F%2Fwww.googleapis.com%2Fauth%2Fuserinfo.profile+https%3A%2F%2Fwww.googleapis.com%2Fauth%2Fuserinfo.email+openid&authuser=0&prompt=consent
)

debug -- ::1 -- 2025-11-08T12:29:56+00:00 -- Initialize Hybridauth\Provider\Google, config: 
Array
(
    [enabled] => 1
    [keys] => Array
        (
            [id] => 523070165573-vragqgmqssr2uos6lffbugjnstj2720a.apps.googleusercontent.com
            [secret] => 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
        )

    [scope] => openid profile email https://www.googleapis.com/auth/userinfo.email https://www.googleapis.com/auth/userinfo.profile
    [debug_mode] => 1
    [debug_file] => C:\laragon\scooby-doo\UnFixed/hybridauth.log
    [callback] => http://localhost:3000/callback.php
)

info -- ::1 -- 2025-11-08T12:29:56+00:00 -- Hybridauth\Provider\Google::authenticate()
debug -- ::1 -- 2025-11-08T12:29:56+00:00 -- Hybridauth\Provider\Google::authenticateFinish(), callback url:
Array
(
    [0] => http://localhost:3000/callback.php?state=HA-6AVURYEBWPKX0C5IQ9SM4O7GHT28JZ3DNF1L&code=4%2F0Ab32j91HzrLeO6XXY1QxeDpoyxXwVqF-BTv_P6oBbKyXGKVGzMFKCVnuG9eM5YARVBkz5A&scope=email+profile+https%3A%2F%2Fwww.googleapis.com%2Fauth%2Fuserinfo.profile+https%3A%2F%2Fwww.googleapis.com%2Fauth%2Fuserinfo.email+openid&authuser=0&prompt=consent
)

debug -- ::1 -- 2025-11-08T12:29:56+00:00 -- Initialize Hybridauth\Provider\Google, config: 
Array
(
    [enabled] => 1
    [keys] => Array
        (
            [id] => 523070165573-vragqgmqssr2uos6lffbugjnstj2720a.apps.googleusercontent.com
            [secret] => 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
        )

    [scope] => openid profile email https://www.googleapis.com/auth/userinfo.email https://www.googleapis.com/auth/userinfo.profile
    [debug_mode] => 1
    [debug_file] => C:\laragon\scooby-doo\UnFixed/hybridauth.log
    [callback] => http://localhost:3000/callback.php
)

info -- ::1 -- 2025-11-08T12:29:56+00:00 -- Hybridauth\Provider\Google::authenticate()
debug -- ::1 -- 2025-11-08T12:29:56+00:00 -- Hybridauth\Provider\Google::authenticateFinish(), callback url:
Array
(
    [0] => http://localhost:3000/callback.php?state=HA-6AVURYEBWPKX0C5IQ9SM4O7GHT28JZ3DNF1L&code=4%2F0Ab32j91HzrLeO6XXY1QxeDpoyxXwVqF-BTv_P6oBbKyXGKVGzMFKCVnuG9eM5YARVBkz5A&scope=email+profile+https%3A%2F%2Fwww.googleapis.com%2Fauth%2Fuserinfo.profile+https%3A%2F%2Fwww.googleapis.com%2Fauth%2Fuserinfo.email+openid&authuser=0&prompt=consent
)

debug -- ::1 -- 2025-11-08T12:29:57+00:00 -- Initialize Hybridauth\Provider\Google, config: 
Array
(
    [enabled] => 1
    [keys] => Array
        (
            [id] => 523070165573-vragqgmqssr2uos6lffbugjnstj2720a.apps.googleusercontent.com
            [secret] => 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
        )

    [scope] => openid profile email https://www.googleapis.com/auth/userinfo.email https://www.googleapis.com/auth/userinfo.profile
    [debug_mode] => 1
    [debug_file] => C:\laragon\scooby-doo\UnFixed/hybridauth.log
    [callback] => http://localhost:3000/callback.php
)

info -- ::1 -- 2025-11-08T12:29:57+00:00 -- Hybridauth\Provider\Google::authenticate()
debug -- ::1 -- 2025-11-08T12:29:57+00:00 -- Hybridauth\Provider\Google::authenticateFinish(), callback url:
Array
(
    [0] => http://localhost:3000/callback.php?state=HA-6AVURYEBWPKX0C5IQ9SM4O7GHT28JZ3DNF1L&code=4%2F0Ab32j91HzrLeO6XXY1QxeDpoyxXwVqF-BTv_P6oBbKyXGKVGzMFKCVnuG9eM5YARVBkz5A&scope=email+profile+https%3A%2F%2Fwww.googleapis.com%2Fauth%2Fuserinfo.profile+https%3A%2F%2Fwww.googleapis.com%2Fauth%2Fuserinfo.email+openid&authuser=0&prompt=consent
)

debug -- ::1 -- 2025-11-08T12:29:57+00:00 -- Initialize Hybridauth\Provider\Google, config: 
Array
(
    [enabled] => 1
    [keys] => Array
        (
            [id] => 523070165573-vragqgmqssr2uos6lffbugjnstj2720a.apps.googleusercontent.com
            [secret] => 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
        )

    [scope] => openid profile email https://www.googleapis.com/auth/userinfo.email https://www.googleapis.com/auth/userinfo.profile
    [debug_mode] => 1
    [debug_file] => C:\laragon\scooby-doo\UnFixed/hybridauth.log
    [callback] => http://localhost:3000/callback.php
)

info -- ::1 -- 2025-11-08T12:29:57+00:00 -- Hybridauth\Provider\Google::authenticate()
debug -- ::1 -- 2025-11-08T12:29:57+00:00 -- Hybridauth\Provider\Google::authenticateFinish(), callback url:
Array
(
    [0] => http://localhost:3000/callback.php?state=HA-6AVURYEBWPKX0C5IQ9SM4O7GHT28JZ3DNF1L&code=4%2F0Ab32j91HzrLeO6XXY1QxeDpoyxXwVqF-BTv_P6oBbKyXGKVGzMFKCVnuG9eM5YARVBkz5A&scope=email+profile+https%3A%2F%2Fwww.googleapis.com%2Fauth%2Fuserinfo.profile+https%3A%2F%2Fwww.googleapis.com%2Fauth%2Fuserinfo.email+openid&authuser=0&prompt=consent
)

debug -- ::1 -- 2025-11-08T12:29:57+00:00 -- Initialize Hybridauth\Provider\Google, config: 
Array
(
    [enabled] => 1
    [keys] => Array
        (
            [id] => 523070165573-vragqgmqssr2uos6lffbugjnstj2720a.apps.googleusercontent.com
            [secret] => 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
        )

    [scope] => openid profile email https://www.googleapis.com/auth/userinfo.email https://www.googleapis.com/auth/userinfo.profile
    [debug_mode] => 1
    [debug_file] => C:\laragon\scooby-doo\UnFixed/hybridauth.log
    [callback] => http://localhost:3000/callback.php
)

info -- ::1 -- 2025-11-08T12:29:57+00:00 -- Hybridauth\Provider\Google::authenticate()
debug -- ::1 -- 2025-11-08T12:29:57+00:00 -- Hybridauth\Provider\Google::authenticateFinish(), callback url:
Array
(
    [0] => http://localhost:3000/callback.php?state=HA-6AVURYEBWPKX0C5IQ9SM4O7GHT28JZ3DNF1L&code=4%2F0Ab32j91HzrLeO6XXY1QxeDpoyxXwVqF-BTv_P6oBbKyXGKVGzMFKCVnuG9eM5YARVBkz5A&scope=email+profile+https%3A%2F%2Fwww.googleapis.com%2Fauth%2Fuserinfo.profile+https%3A%2F%2Fwww.googleapis.com%2Fauth%2Fuserinfo.email+openid&authuser=0&prompt=consent
)

debug -- ::1 -- 2025-11-08T12:29:57+00:00 -- Initialize Hybridauth\Provider\Google, config: 
Array
(
    [enabled] => 1
    [keys] => Array
        (
            [id] => 523070165573-vragqgmqssr2uos6lffbugjnstj2720a.apps.googleusercontent.com
            [secret] => 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
        )

    [scope] => openid profile email https://www.googleapis.com/auth/userinfo.email https://www.googleapis.com/auth/userinfo.profile
    [debug_mode] => 1
    [debug_file] => C:\laragon\scooby-doo\UnFixed/hybridauth.log
    [callback] => http://localhost:3000/callback.php
)

info -- ::1 -- 2025-11-08T12:29:57+00:00 -- Hybridauth\Provider\Google::authenticate()
debug -- ::1 -- 2025-11-08T12:29:57+00:00 -- Hybridauth\Provider\Google::authenticateFinish(), callback url:
Array
(
    [0] => http://localhost:3000/callback.php?state=HA-6AVURYEBWPKX0C5IQ9SM4O7GHT28JZ3DNF1L&code=4%2F0Ab32j91HzrLeO6XXY1QxeDpoyxXwVqF-BTv_P6oBbKyXGKVGzMFKCVnuG9eM5YARVBkz5A&scope=email+profile+https%3A%2F%2Fwww.googleapis.com%2Fauth%2Fuserinfo.profile+https%3A%2F%2Fwww.googleapis.com%2Fauth%2Fuserinfo.email+openid&authuser=0&prompt=consent
)

debug -- ::1 -- 2025-11-08T12:29:57+00:00 -- Initialize Hybridauth\Provider\Google, config: 
Array
(
    [enabled] => 1
    [keys] => Array
        (
            [id] => 523070165573-vragqgmqssr2uos6lffbugjnstj2720a.apps.googleusercontent.com
            [secret] => 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
        )

    [scope] => openid profile email https://www.googleapis.com/auth/userinfo.email https://www.googleapis.com/auth/userinfo.profile
    [debug_mode] => 1
    [debug_file] => C:\laragon\scooby-doo\UnFixed/hybridauth.log
    [callback] => http://localhost:3000/callback.php
)

info -- ::1 -- 2025-11-08T12:29:57+00:00 -- Hybridauth\Provider\Google::authenticate()
debug -- ::1 -- 2025-11-08T12:29:57+00:00 -- Hybridauth\Provider\Google::authenticateFinish(), callback url:
Array
(
    [0] => http://localhost:3000/callback.php?state=HA-6AVURYEBWPKX0C5IQ9SM4O7GHT28JZ3DNF1L&code=4%2F0Ab32j91HzrLeO6XXY1QxeDpoyxXwVqF-BTv_P6oBbKyXGKVGzMFKCVnuG9eM5YARVBkz5A&scope=email+profile+https%3A%2F%2Fwww.googleapis.com%2Fauth%2Fuserinfo.profile+https%3A%2F%2Fwww.googleapis.com%2Fauth%2Fuserinfo.email+openid&authuser=0&prompt=consent
)

debug -- ::1 -- 2025-11-08T12:29:58+00:00 -- Initialize Hybridauth\Provider\Google, config: 
Array
(
    [enabled] => 1
    [keys] => Array
        (
            [id] => 523070165573-vragqgmqssr2uos6lffbugjnstj2720a.apps.googleusercontent.com
            [secret] => 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
        )

    [scope] => openid profile email https://www.googleapis.com/auth/userinfo.email https://www.googleapis.com/auth/userinfo.profile
    [debug_mode] => 1
    [debug_file] => C:\laragon\scooby-doo\UnFixed/hybridauth.log
    [callback] => http://localhost:3000/callback.php
)

info -- ::1 -- 2025-11-08T12:29:58+00:00 -- Hybridauth\Provider\Google::authenticate()
debug -- ::1 -- 2025-11-08T12:29:58+00:00 -- Hybridauth\Provider\Google::authenticateFinish(), callback url:
Array
(
    [0] => http://localhost:3000/callback.php?state=HA-6AVURYEBWPKX0C5IQ9SM4O7GHT28JZ3DNF1L&code=4%2F0Ab32j91HzrLeO6XXY1QxeDpoyxXwVqF-BTv_P6oBbKyXGKVGzMFKCVnuG9eM5YARVBkz5A&scope=email+profile+https%3A%2F%2Fwww.googleapis.com%2Fauth%2Fuserinfo.profile+https%3A%2F%2Fwww.googleapis.com%2Fauth%2Fuserinfo.email+openid&authuser=0&prompt=consent
)

debug -- ::1 -- 2025-11-08T12:29:58+00:00 -- Initialize Hybridauth\Provider\Google, config: 
Array
(
    [enabled] => 1
    [keys] => Array
        (
            [id] => 523070165573-vragqgmqssr2uos6lffbugjnstj2720a.apps.googleusercontent.com
            [secret] => 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
        )

    [scope] => openid profile email https://www.googleapis.com/auth/userinfo.email https://www.googleapis.com/auth/userinfo.profile
    [debug_mode] => 1
    [debug_file] => C:\laragon\scooby-doo\UnFixed/hybridauth.log
    [callback] => http://localhost:3000/callback.php
)

info -- ::1 -- 2025-11-08T12:29:58+00:00 -- Hybridauth\Provider\Google::authenticate()
debug -- ::1 -- 2025-11-08T12:29:58+00:00 -- Hybridauth\Provider\Google::authenticateFinish(), callback url:
Array
(
    [0] => http://localhost:3000/callback.php?state=HA-6AVURYEBWPKX0C5IQ9SM4O7GHT28JZ3DNF1L&code=4%2F0Ab32j91HzrLeO6XXY1QxeDpoyxXwVqF-BTv_P6oBbKyXGKVGzMFKCVnuG9eM5YARVBkz5A&scope=email+profile+https%3A%2F%2Fwww.googleapis.com%2Fauth%2Fuserinfo.profile+https%3A%2F%2Fwww.googleapis.com%2Fauth%2Fuserinfo.email+openid&authuser=0&prompt=consent
)

debug -- ::1 -- 2025-11-08T12:29:58+00:00 -- Initialize Hybridauth\Provider\Google, config: 
Array
(
    [enabled] => 1
    [keys] => Array
        (
            [id] => 523070165573-vragqgmqssr2uos6lffbugjnstj2720a.apps.googleusercontent.com
            [secret] => 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
        )

    [scope] => openid profile email https://www.googleapis.com/auth/userinfo.email https://www.googleapis.com/auth/userinfo.profile
    [debug_mode] => 1
    [debug_file] => C:\laragon\scooby-doo\UnFixed/hybridauth.log
    [callback] => http://localhost:3000/callback.php
)

info -- ::1 -- 2025-11-08T12:29:58+00:00 -- Hybridauth\Provider\Google::authenticate()
debug -- ::1 -- 2025-11-08T12:29:58+00:00 -- Hybridauth\Provider\Google::authenticateFinish(), callback url:
Array
(
    [0] => http://localhost:3000/callback.php?state=HA-6AVURYEBWPKX0C5IQ9SM4O7GHT28JZ3DNF1L&code=4%2F0Ab32j91HzrLeO6XXY1QxeDpoyxXwVqF-BTv_P6oBbKyXGKVGzMFKCVnuG9eM5YARVBkz5A&scope=email+profile+https%3A%2F%2Fwww.googleapis.com%2Fauth%2Fuserinfo.profile+https%3A%2F%2Fwww.googleapis.com%2Fauth%2Fuserinfo.email+openid&authuser=0&prompt=consent
)

debug -- ::1 -- 2025-11-08T12:30:08+00:00 -- Initialize Hybridauth\Provider\Google, config: 
Array
(
    [enabled] => 1
    [keys] => Array
        (
            [id] => 523070165573-vragqgmqssr2uos6lffbugjnstj2720a.apps.googleusercontent.com
            [secret] => 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
        )

    [scope] => openid profile email https://www.googleapis.com/auth/userinfo.email https://www.googleapis.com/auth/userinfo.profile
    [debug_mode] => 1
    [debug_file] => C:\laragon\scooby-doo\UnFixed/hybridauth.log
    [callback] => http://localhost:3000/callback.php
)

info -- ::1 -- 2025-11-08T12:30:08+00:00 -- Hybridauth\Provider\Google::authenticate()
debug -- ::1 -- 2025-11-08T12:30:08+00:00 -- Hybridauth\Provider\Google::authenticateFinish(), callback url:
Array
(
    [0] => http://localhost:3000/callback.php?state=HA-6AVURYEBWPKX0C5IQ9SM4O7GHT28JZ3DNF1L&code=4%2F0Ab32j91HzrLeO6XXY1QxeDpoyxXwVqF-BTv_P6oBbKyXGKVGzMFKCVnuG9eM5YARVBkz5A&scope=email+profile+https%3A%2F%2Fwww.googleapis.com%2Fauth%2Fuserinfo.profile+https%3A%2F%2Fwww.googleapis.com%2Fauth%2Fuserinfo.email+openid&authuser=0&prompt=consent
)

debug -- ::1 -- 2025-11-08T12:30:09+00:00 -- Initialize Hybridauth\Provider\Google, config: 
Array
(
    [enabled] => 1
    [keys] => Array
        (
            [id] => 523070165573-vragqgmqssr2uos6lffbugjnstj2720a.apps.googleusercontent.com
            [secret] => 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
        )

    [scope] => openid profile email https://www.googleapis.com/auth/userinfo.email https://www.googleapis.com/auth/userinfo.profile
    [debug_mode] => 1
    [debug_file] => C:\laragon\scooby-doo\UnFixed/hybridauth.log
    [callback] => http://localhost:3000/callback.php
)

info -- ::1 -- 2025-11-08T12:30:09+00:00 -- Hybridauth\Provider\Google::authenticate()
debug -- ::1 -- 2025-11-08T12:30:09+00:00 -- Hybridauth\Provider\Google::authenticateFinish(), callback url:
Array
(
    [0] => http://localhost:3000/callback.php?state=HA-6AVURYEBWPKX0C5IQ9SM4O7GHT28JZ3DNF1L&code=4%2F0Ab32j91HzrLeO6XXY1QxeDpoyxXwVqF-BTv_P6oBbKyXGKVGzMFKCVnuG9eM5YARVBkz5A&scope=email+profile+https%3A%2F%2Fwww.googleapis.com%2Fauth%2Fuserinfo.profile+https%3A%2F%2Fwww.googleapis.com%2Fauth%2Fuserinfo.email+openid&authuser=0&prompt=consent
)

debug -- ::1 -- 2025-11-08T12:30:09+00:00 -- Initialize Hybridauth\Provider\Google, config: 
Array
(
    [enabled] => 1
    [keys] => Array
        (
            [id] => 523070165573-vragqgmqssr2uos6lffbugjnstj2720a.apps.googleusercontent.com
            [secret] => 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
        )

    [scope] => openid profile email https://www.googleapis.com/auth/userinfo.email https://www.googleapis.com/auth/userinfo.profile
    [debug_mode] => 1
    [debug_file] => C:\laragon\scooby-doo\UnFixed/hybridauth.log
    [callback] => http://localhost:3000/callback.php
)

info -- ::1 -- 2025-11-08T12:30:09+00:00 -- Hybridauth\Provider\Google::authenticate()
debug -- ::1 -- 2025-11-08T12:30:09+00:00 -- Hybridauth\Provider\Google::authenticateFinish(), callback url:
Array
(
    [0] => http://localhost:3000/callback.php?state=HA-6AVURYEBWPKX0C5IQ9SM4O7GHT28JZ3DNF1L&code=4%2F0Ab32j91HzrLeO6XXY1QxeDpoyxXwVqF-BTv_P6oBbKyXGKVGzMFKCVnuG9eM5YARVBkz5A&scope=email+profile+https%3A%2F%2Fwww.googleapis.com%2Fauth%2Fuserinfo.profile+https%3A%2F%2Fwww.googleapis.com%2Fauth%2Fuserinfo.email+openid&authuser=0&prompt=consent
)

debug -- ::1 -- 2025-11-08T12:30:09+00:00 -- Initialize Hybridauth\Provider\Google, config: 
Array
(
    [enabled] => 1
    [keys] => Array
        (
            [id] => 523070165573-vragqgmqssr2uos6lffbugjnstj2720a.apps.googleusercontent.com
            [secret] => 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
        )

    [scope] => openid profile email https://www.googleapis.com/auth/userinfo.email https://www.googleapis.com/auth/userinfo.profile
    [debug_mode] => 1
    [debug_file] => C:\laragon\scooby-doo\UnFixed/hybridauth.log
    [callback] => http://localhost:3000/callback.php
)

info -- ::1 -- 2025-11-08T12:30:09+00:00 -- Hybridauth\Provider\Google::authenticate()
debug -- ::1 -- 2025-11-08T12:30:09+00:00 -- Hybridauth\Provider\Google::authenticateFinish(), callback url:
Array
(
    [0] => http://localhost:3000/callback.php?state=HA-6AVURYEBWPKX0C5IQ9SM4O7GHT28JZ3DNF1L&code=4%2F0Ab32j91HzrLeO6XXY1QxeDpoyxXwVqF-BTv_P6oBbKyXGKVGzMFKCVnuG9eM5YARVBkz5A&scope=email+profile+https%3A%2F%2Fwww.googleapis.com%2Fauth%2Fuserinfo.profile+https%3A%2F%2Fwww.googleapis.com%2Fauth%2Fuserinfo.email+openid&authuser=0&prompt=consent
)

debug -- ::1 -- 2025-11-08T12:30:11+00:00 -- Initialize Hybridauth\Provider\Google, config: 
Array
(
    [enabled] => 1
    [keys] => Array
        (
            [id] => 523070165573-vragqgmqssr2uos6lffbugjnstj2720a.apps.googleusercontent.com
            [secret] => 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
        )

    [scope] => openid profile email https://www.googleapis.com/auth/userinfo.email https://www.googleapis.com/auth/userinfo.profile
    [debug_mode] => 1
    [debug_file] => C:\laragon\scooby-doo\UnFixed/hybridauth.log
    [callback] => http://localhost:3000/callback.php
)

info -- ::1 -- 2025-11-08T12:30:11+00:00 -- Hybridauth\Provider\Google::authenticate()
debug -- ::1 -- 2025-11-08T12:30:11+00:00 -- Hybridauth\Provider\Google::authenticateFinish(), callback url:
Array
(
    [0] => http://localhost:3000/callback.php?state=HA-6AVURYEBWPKX0C5IQ9SM4O7GHT28JZ3DNF1L&code=4%2F0Ab32j91vRu2BzILoPmiNuzlTAEZfbAPoG95jj5P-f3ojJoI7MSfOo5bJ0w-h05LN2nwRRg&scope=email+profile+https%3A%2F%2Fwww.googleapis.com%2Fauth%2Fuserinfo.profile+https%3A%2F%2Fwww.googleapis.com%2Fauth%2Fuserinfo.email+openid&authuser=0&prompt=consent
)

debug -- ::1 -- 2025-11-08T12:30:14+00:00 -- Initialize Hybridauth\Provider\Google, config: 
Array
(
    [enabled] => 1
    [keys] => Array
        (
            [id] => 523070165573-vragqgmqssr2uos6lffbugjnstj2720a.apps.googleusercontent.com
            [secret] => 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
        )

    [scope] => openid profile email https://www.googleapis.com/auth/userinfo.email https://www.googleapis.com/auth/userinfo.profile
    [debug_mode] => 1
    [debug_file] => C:\laragon\scooby-doo\UnFixed/hybridauth.log
    [callback] => http://localhost:3000/callback.php
)

info -- ::1 -- 2025-11-08T12:30:14+00:00 -- Hybridauth\Provider\Google::authenticate()
debug -- ::1 -- 2025-11-08T12:30:14+00:00 -- Hybridauth\Provider\Google::authenticateFinish(), callback url:
Array
(
    [0] => http://localhost:3000/callback.php?state=HA-6AVURYEBWPKX0C5IQ9SM4O7GHT28JZ3DNF1L&code=4%2F0Ab32j91vRu2BzILoPmiNuzlTAEZfbAPoG95jj5P-f3ojJoI7MSfOo5bJ0w-h05LN2nwRRg&scope=email+profile+https%3A%2F%2Fwww.googleapis.com%2Fauth%2Fuserinfo.profile+https%3A%2F%2Fwww.googleapis.com%2Fauth%2Fuserinfo.email+openid&authuser=0&prompt=consent
)

debug -- ::1 -- 2025-11-08T12:30:29+00:00 -- Initialize Hybridauth\Provider\Google, config: 
Array
(
    [enabled] => 1
    [keys] => Array
        (
            [id] => 523070165573-vragqgmqssr2uos6lffbugjnstj2720a.apps.googleusercontent.com
            [secret] => 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
        )

    [scope] => openid profile email https://www.googleapis.com/auth/userinfo.email https://www.googleapis.com/auth/userinfo.profile
    [debug_mode] => 1
    [debug_file] => C:\laragon\scooby-doo\UnFixed/hybridauth.log
    [callback] => http://localhost:3000/callback.php
)

info -- ::1 -- 2025-11-08T12:30:29+00:00 -- Hybridauth\Provider\Google::authenticate()
debug -- ::1 -- 2025-11-08T12:30:29+00:00 -- Hybridauth\Provider\Google::authenticateFinish(), callback url:
Array
(
    [0] => http://localhost:3000/callback.php?state=HA-6AVURYEBWPKX0C5IQ9SM4O7GHT28JZ3DNF1L&code=4%2F0Ab32j91vRu2BzILoPmiNuzlTAEZfbAPoG95jj5P-f3ojJoI7MSfOo5bJ0w-h05LN2nwRRg&scope=email+profile+https%3A%2F%2Fwww.googleapis.com%2Fauth%2Fuserinfo.profile+https%3A%2F%2Fwww.googleapis.com%2Fauth%2Fuserinfo.email+openid&authuser=0&prompt=consent
)

debug -- ::1 -- 2025-11-08T12:30:29+00:00 -- Initialize Hybridauth\Provider\Google, config: 
Array
(
    [enabled] => 1
    [keys] => Array
        (
            [id] => 523070165573-vragqgmqssr2uos6lffbugjnstj2720a.apps.googleusercontent.com
            [secret] => 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
        )

    [scope] => openid profile email https://www.googleapis.com/auth/userinfo.email https://www.googleapis.com/auth/userinfo.profile
    [debug_mode] => 1
    [debug_file] => C:\laragon\scooby-doo\UnFixed/hybridauth.log
    [callback] => http://localhost:3000/callback.php
)

info -- ::1 -- 2025-11-08T12:30:29+00:00 -- Hybridauth\Provider\Google::authenticate()
debug -- ::1 -- 2025-11-08T12:30:29+00:00 -- Hybridauth\Provider\Google::authenticateFinish(), callback url:
Array
(
    [0] => http://localhost:3000/callback.php?state=HA-6AVURYEBWPKX0C5IQ9SM4O7GHT28JZ3DNF1L&code=4%2F0Ab32j91vRu2BzILoPmiNuzlTAEZfbAPoG95jj5P-f3ojJoI7MSfOo5bJ0w-h05LN2nwRRg&scope=email+profile+https%3A%2F%2Fwww.googleapis.com%2Fauth%2Fuserinfo.profile+https%3A%2F%2Fwww.googleapis.com%2Fauth%2Fuserinfo.email+openid&authuser=0&prompt=consent
)

debug -- ::1 -- 2025-11-08T12:30:32+00:00 -- Initialize Hybridauth\Provider\Google, config: 
Array
(
    [enabled] => 1
    [keys] => Array
        (
            [id] => 523070165573-vragqgmqssr2uos6lffbugjnstj2720a.apps.googleusercontent.com
            [secret] => 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
        )

    [scope] => openid profile email https://www.googleapis.com/auth/userinfo.email https://www.googleapis.com/auth/userinfo.profile
    [debug_mode] => 1
    [debug_file] => C:\laragon\scooby-doo\UnFixed/hybridauth.log
    [callback] => http://localhost:3000/callback.php
)

info -- ::1 -- 2025-11-08T12:30:32+00:00 -- Hybridauth\Provider\Google::authenticate()
debug -- ::1 -- 2025-11-08T12:30:32+00:00 -- Hybridauth\Provider\Google::authenticateFinish(), callback url:
Array
(
    [0] => http://localhost:3000/callback.php?state=HA-6AVURYEBWPKX0C5IQ9SM4O7GHT28JZ3DNF1L&code=4%2F0Ab32j92v7wmf1beuI6vWzsqggk4PIbherZwe2V8eyMiilKEPdIgpl5_YiVnP_jBrt_xeGg&scope=email+profile+https%3A%2F%2Fwww.googleapis.com%2Fauth%2Fuserinfo.profile+https%3A%2F%2Fwww.googleapis.com%2Fauth%2Fuserinfo.email+openid&authuser=0&prompt=consent
)

debug -- ::1 -- 2025-11-08T12:30:36+00:00 -- Initialize Hybridauth\Provider\Google, config: 
Array
(
    [enabled] => 1
    [keys] => Array
        (
            [id] => 523070165573-vragqgmqssr2uos6lffbugjnstj2720a.apps.googleusercontent.com
            [secret] => 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
        )

    [scope] => openid profile email https://www.googleapis.com/auth/userinfo.email https://www.googleapis.com/auth/userinfo.profile
    [debug_mode] => 1
    [debug_file] => C:\laragon\scooby-doo\UnFixed/hybridauth.log
    [callback] => http://localhost:3000/callback.php
)

info -- ::1 -- 2025-11-08T12:30:36+00:00 -- Hybridauth\Provider\Google::authenticate()
debug -- ::1 -- 2025-11-08T12:30:36+00:00 -- Hybridauth\Provider\Google::authenticateBegin(), redirecting user to:
Array
(
    [0] => https://accounts.google.com/o/oauth2/v2/auth?response_type=code&client_id=523070165573-vragqgmqssr2uos6lffbugjnstj2720a.apps.googleusercontent.com&redirect_uri=http%3A%2F%2Flocalhost%3A3000%2Fcallback.php&scope=openid+profile+email+https%3A%2F%2Fwww.googleapis.com%2Fauth%2Fuserinfo.email+https%3A%2F%2Fwww.googleapis.com%2Fauth%2Fuserinfo.profile&access_type=offline&prompt=consent&state=HA-572FA3DWSGVE69MXPIYQ8RUK01LBCJHN4TOZ
)

debug -- ::1 -- 2025-11-08T12:30:42+00:00 -- Initialize Hybridauth\Provider\Google, config: 
Array
(
    [enabled] => 1
    [keys] => Array
        (
            [id] => 523070165573-vragqgmqssr2uos6lffbugjnstj2720a.apps.googleusercontent.com
            [secret] => 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
        )

    [scope] => openid profile email https://www.googleapis.com/auth/userinfo.email https://www.googleapis.com/auth/userinfo.profile
    [debug_mode] => 1
    [debug_file] => C:\laragon\scooby-doo\UnFixed/hybridauth.log
    [callback] => http://localhost:3000/callback.php
)

info -- ::1 -- 2025-11-08T12:30:42+00:00 -- Hybridauth\Provider\Google::authenticate()
debug -- ::1 -- 2025-11-08T12:30:42+00:00 -- Hybridauth\Provider\Google::authenticateFinish(), callback url:
Array
(
    [0] => http://localhost:3000/callback.php?state=HA-572FA3DWSGVE69MXPIYQ8RUK01LBCJHN4TOZ&code=4%2F0Ab32j93ceEobxXjlcoqNXSpqjMygfREw2w_aSzepDxbp0X86mChQJ8ESuY39QpemH_mjDA&scope=email+profile+https%3A%2F%2Fwww.googleapis.com%2Fauth%2Fuserinfo.profile+https%3A%2F%2Fwww.googleapis.com%2Fauth%2Fuserinfo.email+openid&authuser=0&prompt=consent
)

debug -- ::1 -- 2025-11-08T12:31:03+00:00 -- Hybridauth\HttpClient\Curl::request( https://oauth2.googleapis.com/token, POST ), response:
Array
(
    [request] => Array
        (
            [uri] => https://oauth2.googleapis.com/token
            [method] => POST
            [parameters] => Array
                (
                    [client_id] => 523070165573-vragqgmqssr2uos6lffbugjnstj2720a.apps.googleusercontent.com
                    [client_secret] => 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
                    [grant_type] => authorization_code
                    [redirect_uri] => http://localhost:3000/callback.php
                    [code] => 4/0Ab32j93ceEobxXjlcoqNXSpqjMygfREw2w_aSzepDxbp0X86mChQJ8ESuY39QpemH_mjDA
                )

            [headers] => Array
                (
                    [Accept] => */*
                    [Cache-Control] => max-age=0
                    [Connection] => keep-alive
                    [Expect] => 
                    [Pragma] => 
                )

        )

    [response] => Array
        (
            [code] => 0
            [headers] => Array
                (
                )

            [body] => 
        )

    [client] => Array
        (
            [error] => Failed to connect to oauth2.googleapis.com port 443: Timed out
            [info] => Array
                (
                    [url] => https://oauth2.googleapis.com/token
                    [content_type] => 
                    [http_code] => 0
                    [header_size] => 0
                    [request_size] => 0
                    [filetime] => -1
                    [ssl_verify_result] => 0
                    [redirect_count] => 0
                    [total_time] => 21.035932
                    [namelookup_time] => 0.00527
                    [connect_time] => 0
                    [pretransfer_time] => 0
                    [size_upload] => 0
                    [size_download] => 0
                    [speed_download] => 0
                    [speed_upload] => 0
                    [download_content_length] => -1
                    [upload_content_length] => -1
                    [starttransfer_time] => 0
                    [redirect_time] => 0
                    [redirect_url] => 
                    [primary_ip] => 
                    [certinfo] => Array
                        (
                        )

                    [primary_port] => 0
                    [local_ip] => 
                    [local_port] => 0
                    [http_version] => 0
                    [protocol] => 0
                    [ssl_verifyresult] => 0
                    [scheme] => 
                    [appconnect_time_us] => 0
                    [connect_time_us] => 0
                    [namelookup_time_us] => 5270
                    [pretransfer_time_us] => 0
                    [redirect_time_us] => 0
                    [starttransfer_time_us] => 0
                    [total_time_us] => 21035932
                )

            [opts] => Array
                (
                    [13] => 30
                    [78] => 30
                    [64] => 
                    [81] => 
                    [19913] => 1
                    [52] => 1
                    [68] => 5
                    [2] => 1
                    [10102] => identity
                    [10018] => Hybridauth, PHP Social Authentication Library (https://github.com/hybridauth/hybridauth)
                    [47] => 1
                    [10015] => client_id=523070165573-vragqgmqssr2uos6lffbugjnstj2720a.apps.googleusercontent.com&client_secret=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&grant_type=authorization_code&redirect_uri=http%3A%2F%2Flocalhost%3A3000%2Fcallback.php&code=4%2F0Ab32j93ceEobxXjlcoqNXSpqjMygfREw2w_aSzepDxbp0X86mChQJ8ESuY39QpemH_mjDA
                    [10002] => https://oauth2.googleapis.com/token
                    [10023] => Array
                        (
                            [0] => Accept: */*
                            [1] => Cache-Control: max-age=0
                            [2] => Connection: keep-alive
                            [3] => Expect: 
                            [4] => Pragma: 
                        )

                    [20079] => *omitted
                )

        )

)

error -- ::1 -- 2025-11-08T12:31:03+00:00 -- Hybridauth\HttpClient\Curl::request( https://oauth2.googleapis.com/token, POST ), error:
Array
(
    [0] => Failed to connect to oauth2.googleapis.com port 443: Timed out
)

debug -- ::1 -- 2025-11-08T12:31:19+00:00 -- Initialize Hybridauth\Provider\Google, config: 
Array
(
    [enabled] => 1
    [keys] => Array
        (
            [id] => 523070165573-vragqgmqssr2uos6lffbugjnstj2720a.apps.googleusercontent.com
            [secret] => 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
        )

    [scope] => openid profile email https://www.googleapis.com/auth/userinfo.email https://www.googleapis.com/auth/userinfo.profile
    [debug_mode] => 1
    [debug_file] => C:\laragon\scooby-doo\UnFixed/hybridauth.log
    [callback] => http://localhost:3000/callback.php
)

info -- ::1 -- 2025-11-08T12:31:19+00:00 -- Hybridauth\Provider\Google::authenticate()
debug -- ::1 -- 2025-11-08T12:31:19+00:00 -- Hybridauth\Provider\Google::authenticateFinish(), callback url:
Array
(
    [0] => http://localhost:3000/callback.php?state=HA-572FA3DWSGVE69MXPIYQ8RUK01LBCJHN4TOZ&code=4%2F0Ab32j93ceEobxXjlcoqNXSpqjMygfREw2w_aSzepDxbp0X86mChQJ8ESuY39QpemH_mjDA&scope=email+profile+https%3A%2F%2Fwww.googleapis.com%2Fauth%2Fuserinfo.profile+https%3A%2F%2Fwww.googleapis.com%2Fauth%2Fuserinfo.email+openid&authuser=0&prompt=consent
)

debug -- ::1 -- 2025-11-08T12:31:20+00:00 -- Initialize Hybridauth\Provider\Google, config: 
Array
(
    [enabled] => 1
    [keys] => Array
        (
            [id] => 523070165573-vragqgmqssr2uos6lffbugjnstj2720a.apps.googleusercontent.com
            [secret] => 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
        )

    [scope] => openid profile email https://www.googleapis.com/auth/userinfo.email https://www.googleapis.com/auth/userinfo.profile
    [debug_mode] => 1
    [debug_file] => C:\laragon\scooby-doo\UnFixed/hybridauth.log
    [callback] => http://localhost:3000/callback.php
)

info -- ::1 -- 2025-11-08T12:31:20+00:00 -- Hybridauth\Provider\Google::authenticate()
debug -- ::1 -- 2025-11-08T12:31:20+00:00 -- Hybridauth\Provider\Google::authenticateFinish(), callback url:
Array
(
    [0] => http://localhost:3000/callback.php?state=HA-572FA3DWSGVE69MXPIYQ8RUK01LBCJHN4TOZ&code=4%2F0Ab32j93ceEobxXjlcoqNXSpqjMygfREw2w_aSzepDxbp0X86mChQJ8ESuY39QpemH_mjDA&scope=email+profile+https%3A%2F%2Fwww.googleapis.com%2Fauth%2Fuserinfo.profile+https%3A%2F%2Fwww.googleapis.com%2Fauth%2Fuserinfo.email+openid&authuser=0&prompt=consent
)

debug -- ::1 -- 2025-11-08T12:31:20+00:00 -- Initialize Hybridauth\Provider\Google, config: 
Array
(
    [enabled] => 1
    [keys] => Array
        (
            [id] => 523070165573-vragqgmqssr2uos6lffbugjnstj2720a.apps.googleusercontent.com
            [secret] => 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
        )

    [scope] => openid profile email https://www.googleapis.com/auth/userinfo.email https://www.googleapis.com/auth/userinfo.profile
    [debug_mode] => 1
    [debug_file] => C:\laragon\scooby-doo\UnFixed/hybridauth.log
    [callback] => http://localhost:3000/callback.php
)

info -- ::1 -- 2025-11-08T12:31:20+00:00 -- Hybridauth\Provider\Google::authenticate()
debug -- ::1 -- 2025-11-08T12:31:20+00:00 -- Hybridauth\Provider\Google::authenticateFinish(), callback url:
Array
(
    [0] => http://localhost:3000/callback.php?state=HA-572FA3DWSGVE69MXPIYQ8RUK01LBCJHN4TOZ&code=4%2F0Ab32j93ceEobxXjlcoqNXSpqjMygfREw2w_aSzepDxbp0X86mChQJ8ESuY39QpemH_mjDA&scope=email+profile+https%3A%2F%2Fwww.googleapis.com%2Fauth%2Fuserinfo.profile+https%3A%2F%2Fwww.googleapis.com%2Fauth%2Fuserinfo.email+openid&authuser=0&prompt=consent
)

debug -- ::1 -- 2025-11-08T12:31:20+00:00 -- Initialize Hybridauth\Provider\Google, config: 
Array
(
    [enabled] => 1
    [keys] => Array
        (
            [id] => 523070165573-vragqgmqssr2uos6lffbugjnstj2720a.apps.googleusercontent.com
            [secret] => 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
        )

    [scope] => openid profile email https://www.googleapis.com/auth/userinfo.email https://www.googleapis.com/auth/userinfo.profile
    [debug_mode] => 1
    [debug_file] => C:\laragon\scooby-doo\UnFixed/hybridauth.log
    [callback] => http://localhost:3000/callback.php
)

info -- ::1 -- 2025-11-08T12:31:20+00:00 -- Hybridauth\Provider\Google::authenticate()
debug -- ::1 -- 2025-11-08T12:31:20+00:00 -- Hybridauth\Provider\Google::authenticateFinish(), callback url:
Array
(
    [0] => http://localhost:3000/callback.php?state=HA-572FA3DWSGVE69MXPIYQ8RUK01LBCJHN4TOZ&code=4%2F0Ab32j93ceEobxXjlcoqNXSpqjMygfREw2w_aSzepDxbp0X86mChQJ8ESuY39QpemH_mjDA&scope=email+profile+https%3A%2F%2Fwww.googleapis.com%2Fauth%2Fuserinfo.profile+https%3A%2F%2Fwww.googleapis.com%2Fauth%2Fuserinfo.email+openid&authuser=0&prompt=consent
)

debug -- ::1 -- 2025-11-08T12:31:21+00:00 -- Initialize Hybridauth\Provider\Google, config: 
Array
(
    [enabled] => 1
    [keys] => Array
        (
            [id] => 523070165573-vragqgmqssr2uos6lffbugjnstj2720a.apps.googleusercontent.com
            [secret] => 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
        )

    [scope] => openid profile email https://www.googleapis.com/auth/userinfo.email https://www.googleapis.com/auth/userinfo.profile
    [debug_mode] => 1
    [debug_file] => C:\laragon\scooby-doo\UnFixed/hybridauth.log
    [callback] => http://localhost:3000/callback.php
)

info -- ::1 -- 2025-11-08T12:31:21+00:00 -- Hybridauth\Provider\Google::authenticate()
debug -- ::1 -- 2025-11-08T12:31:21+00:00 -- Hybridauth\Provider\Google::authenticateFinish(), callback url:
Array
(
    [0] => http://localhost:3000/callback.php?state=HA-572FA3DWSGVE69MXPIYQ8RUK01LBCJHN4TOZ&code=4%2F0Ab32j93ceEobxXjlcoqNXSpqjMygfREw2w_aSzepDxbp0X86mChQJ8ESuY39QpemH_mjDA&scope=email+profile+https%3A%2F%2Fwww.googleapis.com%2Fauth%2Fuserinfo.profile+https%3A%2F%2Fwww.googleapis.com%2Fauth%2Fuserinfo.email+openid&authuser=0&prompt=consent
)

debug -- ::1 -- 2025-11-08T12:32:49+00:00 -- Initialize Hybridauth\Provider\Google, config: 
Array
(
    [enabled] => 1
    [keys] => Array
        (
            [id] => 523070165573-vragqgmqssr2uos6lffbugjnstj2720a.apps.googleusercontent.com
            [secret] => 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
        )

    [scope] => openid profile email https://www.googleapis.com/auth/userinfo.email https://www.googleapis.com/auth/userinfo.profile
    [debug_mode] => 1
    [debug_file] => C:\laragon\scooby-doo\UnFixed/hybridauth.log
    [callback] => http://localhost:3000/callback.php
)

info -- ::1 -- 2025-11-08T12:32:49+00:00 -- Hybridauth\Provider\Google::authenticate()
debug -- ::1 -- 2025-11-08T12:32:49+00:00 -- Hybridauth\Provider\Google::authenticateBegin(), redirecting user to:
Array
(
    [0] => https://accounts.google.com/o/oauth2/v2/auth?response_type=code&client_id=523070165573-vragqgmqssr2uos6lffbugjnstj2720a.apps.googleusercontent.com&redirect_uri=http%3A%2F%2Flocalhost%3A3000%2Fcallback.php&scope=openid+profile+email+https%3A%2F%2Fwww.googleapis.com%2Fauth%2Fuserinfo.email+https%3A%2F%2Fwww.googleapis.com%2Fauth%2Fuserinfo.profile&access_type=offline&prompt=consent&state=HA-UHL5ODRC13PZBKV2I7QTFXAJW08E49NSG6YM
)

debug -- ::1 -- 2025-11-08T12:32:54+00:00 -- Initialize Hybridauth\Provider\Google, config: 
Array
(
    [enabled] => 1
    [keys] => Array
        (
            [id] => 523070165573-vragqgmqssr2uos6lffbugjnstj2720a.apps.googleusercontent.com
            [secret] => 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
        )

    [scope] => openid profile email https://www.googleapis.com/auth/userinfo.email https://www.googleapis.com/auth/userinfo.profile
    [debug_mode] => 1
    [debug_file] => C:\laragon\scooby-doo\UnFixed/hybridauth.log
    [callback] => http://localhost:3000/callback.php
)

info -- ::1 -- 2025-11-08T12:32:54+00:00 -- Hybridauth\Provider\Google::authenticate()
debug -- ::1 -- 2025-11-08T12:32:54+00:00 -- Hybridauth\Provider\Google::authenticateFinish(), callback url:
Array
(
    [0] => http://localhost:3000/callback.php?state=HA-UHL5ODRC13PZBKV2I7QTFXAJW08E49NSG6YM&code=4%2F0Ab32j90y0RfmCa2Xo0Swk_yf9-0mWJw2FTIoioDowGgSzNFWsY7yt_rbev271kEktDYj9A&scope=email+profile+https%3A%2F%2Fwww.googleapis.com%2Fauth%2Fuserinfo.profile+https%3A%2F%2Fwww.googleapis.com%2Fauth%2Fuserinfo.email+openid&authuser=0&prompt=consent
)

debug -- ::1 -- 2025-11-08T12:33:02+00:00 -- Hybridauth\HttpClient\Curl::request( https://oauth2.googleapis.com/token, POST ), response:
Array
(
    [request] => Array
        (
            [uri] => https://oauth2.googleapis.com/token
            [method] => POST
            [parameters] => Array
                (
                    [client_id] => 523070165573-vragqgmqssr2uos6lffbugjnstj2720a.apps.googleusercontent.com
                    [client_secret] => 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
                    [grant_type] => authorization_code
                    [redirect_uri] => http://localhost:3000/callback.php
                    [code] => 4/0Ab32j90y0RfmCa2Xo0Swk_yf9-0mWJw2FTIoioDowGgSzNFWsY7yt_rbev271kEktDYj9A
                )

            [headers] => Array
                (
                    [Accept] => */*
                    [Cache-Control] => max-age=0
                    [Connection] => keep-alive
                    [Expect] => 
                    [Pragma] => 
                )

        )

    [response] => Array
        (
            [code] => 200
            [headers] => Array
                (
                    [cache_control] => no-cache, no-store, max-age=0, must-revalidate
                    [expires] => Mon, 01 Jan 1990 00:00:00 GMT
                    [pragma] => no-cache
                    [date] => Sat, 08 Nov 2025 12:33:01 GMT
                    [content_type] => application/json; charset=utf-8
                    [vary] => Origin,Accept-Encoding
                    [server] => scaffolding on HTTPServer2
                    [x_xss_protection] => 0
                    [x_frame_options] => SAMEORIGIN
                    [x_content_type_options] => nosniff
                    [alt_svc] => h3=":443"; ma=2592000,h3-29=":443"; ma=2592000
                    [accept_ranges] => none
                )

            [body] => {
  "access_token": "ya29.a0ATi6K2tKZ853EY3plHykK1NZ4HPiv3ZMqy5kqkRsM5yU-0Gkr7LdCBp4XrkOaOkkVauXDhDOJkeVZZ_NhYn2Xlq70b1Wxxhut4RDJjSqFvSwMMwNLVB5m48IeAAL8BaDRf-t21X05IoRFomRpDotCYZRzcO5jRUWvicb4CQYYmVGDupzubAoXOXcO4p9QrPep7B2XYAaCgYKAaISARQSFQHGX2MiSmug0Vjk1Zz51F9ixVJ-YQ0206",
  "expires_in": 3599,
  "refresh_token": "1//0gTHS1KkjzWSaCgYIARAAGBASNwF-L9IrAVHyuHjs8vELAizsS8jztEPqJ7NyGEBD45yrmB7dForHOaAHHnyPkkKvlXvqK47AK_M",
  "scope": "https://www.googleapis.com/auth/userinfo.email https://www.googleapis.com/auth/userinfo.profile openid",
  "token_type": "Bearer",
  "id_token": "eyJhbGciOiJSUzI1NiIsImtpZCI6ImI1ZTQ0MGFlOTQxZTk5ODFlZTJmYTEzNzZkNDJjNDZkNzMxZGVlM2YiLCJ0eXAiOiJKV1QifQ.eyJpc3MiOiJodHRwczovL2FjY291bnRzLmdvb2dsZS5jb20iLCJhenAiOiI1MjMwNzAxNjU1NzMtdnJhZ3FnbXFzc3IydW9zNmxmZmJ1Z2puc3RqMjcyMGEuYXBwcy5nb29nbGV1c2VyY29udGVudC5jb20iLCJhdWQiOiI1MjMwNzAxNjU1NzMtdnJhZ3FnbXFzc3IydW9zNmxmZmJ1Z2puc3RqMjcyMGEuYXBwcy5nb29nbGV1c2VyY29udGVudC5jb20iLCJzdWIiOiIxMDYxMjI1OTM0ODUyMDA4MjI5ODciLCJlbWFpbCI6ImpmZXJ4aWljQGdtYWlsLmNvbSIsImVtYWlsX3ZlcmlmaWVkIjp0cnVlLCJhdF9oYXNoIjoiZ0ozcDIzM3N0eEN1UG1wckFpZVpnZyIsIm5hbWUiOiJKIEZlcnhpaWMiLCJwaWN0dXJlIjoiaHR0cHM6Ly9saDMuZ29vZ2xldXNlcmNvbnRlbnQuY29tL2EvQUNnOG9jSWo2bmVaQUxIM21OMVd2V2tmNFNqUVRvOHBGVVV2LW5xcjNrWmRRTjBlTlM4SHhSYz1zOTYtYyIsImdpdmVuX25hbWUiOiJKIiwiZmFtaWx5X25hbWUiOiJGZXJ4aWljIiwiaWF0IjoxNzYyNjA1MTgxLCJleHAiOjE3NjI2MDg3ODF9.J51E-XEeL1uQMdgTsmLutAioFOd45g3F_RMjSUkfYduzMa5wm1N6a-R-4e0RvOUKwZyRwp-M588B73Ol4AIvnirjaYVVv9tjBxVnq6SH269B1Aji6FxNm4E9ufp-ZxXred0LbZtwukRVsQW9bWaqfTORjfRKNtuEEnoFvAZRD_VyywZamZ0iVoW0Hlt_jxNziuW1AHU-srSfHhsDZGApBj7bFkCUTOrGu6-d8jEFartBTAm5P8ss-ynBSk99BGscvnUewvxpg8eINWugyvfogO_dkVLHjsD9RcY0uVSwPfJOlrYvfZqD9XUAoS0WGLJY7MSTzGVTvYX6bJygXXeCDg"
}
        )

    [client] => Array
        (
            [error] => 
            [info] => Array
                (
                    [url] => https://oauth2.googleapis.com/token
                    [content_type] => application/json; charset=utf-8
                    [http_code] => 200
                    [header_size] => 478
                    [request_size] => 313
                    [filetime] => -1
                    [ssl_verify_result] => 0
                    [redirect_count] => 0
                    [total_time] => 7.229388
                    [namelookup_time] => 0.001234
                    [connect_time] => 7.046565
                    [pretransfer_time] => 7.087126
                    [size_upload] => 301
                    [size_download] => 1724
                    [speed_download] => 238
                    [speed_upload] => 41
                    [download_content_length] => -1
                    [upload_content_length] => 301
                    [starttransfer_time] => 7.087138
                    [redirect_time] => 0
                    [redirect_url] => 
                    [primary_ip] => 74.125.130.95
                    [certinfo] => Array
                        (
                        )

                    [primary_port] => 443
                    [local_ip] => 172.25.4.15
                    [local_port] => 1734
                    [http_version] => 3
                    [protocol] => 2
                    [ssl_verifyresult] => 0
                    [scheme] => HTTPS
                    [appconnect_time_us] => 7086930
                    [connect_time_us] => 7046565
                    [namelookup_time_us] => 1234
                    [pretransfer_time_us] => 7087126
                    [redirect_time_us] => 0
                    [starttransfer_time_us] => 7087138
                    [total_time_us] => 7229388
                    [request_header] => POST /token HTTP/2
Host: oauth2.googleapis.com
user-agent: Hybridauth, PHP Social Authentication Library (https://github.com/hybridauth/hybridauth)
accept-encoding: identity
accept: */*
cache-control: max-age=0
connection: keep-alive
content-length: 301
content-type: application/x-www-form-urlencoded


                )

            [opts] => Array
                (
                    [13] => 30
                    [78] => 30
                    [64] => 
                    [81] => 
                    [19913] => 1
                    [52] => 1
                    [68] => 5
                    [2] => 1
                    [10102] => identity
                    [10018] => Hybridauth, PHP Social Authentication Library (https://github.com/hybridauth/hybridauth)
                    [47] => 1
                    [10015] => client_id=523070165573-vragqgmqssr2uos6lffbugjnstj2720a.apps.googleusercontent.com&client_secret=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&grant_type=authorization_code&redirect_uri=http%3A%2F%2Flocalhost%3A3000%2Fcallback.php&code=4%2F0Ab32j90y0RfmCa2Xo0Swk_yf9-0mWJw2FTIoioDowGgSzNFWsY7yt_rbev271kEktDYj9A
                    [10002] => https://oauth2.googleapis.com/token
                    [10023] => Array
                        (
                            [0] => Accept: */*
                            [1] => Cache-Control: max-age=0
                            [2] => Connection: keep-alive
                            [3] => Expect: 
                            [4] => Pragma: 
                        )

                    [20079] => *omitted
                )

        )

)

debug -- ::1 -- 2025-11-08T12:33:24+00:00 -- Hybridauth\HttpClient\Curl::request( https://www.googleapis.com/oauth2/v3/userinfo?, GET ), response:
Array
(
    [request] => Array
        (
            [uri] => https://www.googleapis.com/oauth2/v3/userinfo
            [method] => GET
            [parameters] => Array
                (
                )

            [headers] => Array
                (
                    [Accept] => */*
                    [Cache-Control] => max-age=0
                    [Connection] => keep-alive
                    [Expect] => 
                    [Pragma] => 
                    [Authorization] => Bearer ya29.a0ATi6K2tKZ853EY3plHykK1NZ4HPiv3ZMqy5kqkRsM5yU-0Gkr7LdCBp4XrkOaOkkVauXDhDOJkeVZZ_NhYn2Xlq70b1Wxxhut4RDJjSqFvSwMMwNLVB5m48IeAAL8BaDRf-t21X05IoRFomRpDotCYZRzcO5jRUWvicb4CQYYmVGDupzubAoXOXcO4p9QrPep7B2XYAaCgYKAaISARQSFQHGX2MiSmug0Vjk1Zz51F9ixVJ-YQ0206
                )

        )

    [response] => Array
        (
            [code] => 200
            [headers] => Array
                (
                    [cache_control] => no-cache, no-store, max-age=0, must-revalidate
                    [expires] => Mon, 01 Jan 1990 00:00:00 GMT
                    [pragma] => no-cache
                    [date] => Sat, 08 Nov 2025 12:33:24 GMT
                    [content_type] => application/json; charset=utf-8
                    [vary] => Origin,Accept-Encoding
                    [server] => ESF
                    [x_xss_protection] => 0
                    [x_frame_options] => SAMEORIGIN
                    [x_content_type_options] => nosniff
                    [alt_svc] => h3=":443"; ma=2592000,h3-29=":443"; ma=2592000
                    [accept_ranges] => none
                )

            [body] => {
  "sub": "106122593485200822987",
  "name": "J Ferxiic",
  "given_name": "J",
  "family_name": "Ferxiic",
  "picture": "https://lh3.googleusercontent.com/a/ACg8ocIj6neZALH3mN1WvWkf4SjQTo8pFUUv-nqr3kZdQN0eNS8HxRc\u003ds96-c",
  "email": "jferxiic@gmail.com",
  "email_verified": true
}
        )

    [client] => Array
        (
            [error] => 
            [info] => Array
                (
                    [url] => https://www.googleapis.com/oauth2/v3/userinfo
                    [content_type] => application/json; charset=utf-8
                    [http_code] => 200
                    [header_size] => 455
                    [request_size] => 530
                    [filetime] => -1
                    [ssl_verify_result] => 0
                    [redirect_count] => 0
                    [total_time] => 22.663682
                    [namelookup_time] => 0.03835
                    [connect_time] => 22.558823
                    [pretransfer_time] => 22.599163
                    [size_upload] => 0
                    [size_download] => 286
                    [speed_download] => 12
                    [speed_upload] => 0
                    [download_content_length] => -1
                    [upload_content_length] => 0
                    [starttransfer_time] => 22.663612
                    [redirect_time] => 0
                    [redirect_url] => 
                    [primary_ip] => 74.125.130.95
                    [certinfo] => Array
                        (
                        )

                    [primary_port] => 443
                    [local_ip] => 172.25.4.15
                    [local_port] => 22629
                    [http_version] => 3
                    [protocol] => 2
                    [ssl_verifyresult] => 0
                    [scheme] => HTTPS
                    [appconnect_time_us] => 22599034
                    [connect_time_us] => 22558823
                    [namelookup_time_us] => 38350
                    [pretransfer_time_us] => 22599163
                    [redirect_time_us] => 0
                    [starttransfer_time_us] => 22663612
                    [total_time_us] => 22663682
                    [request_header] => GET /oauth2/v3/userinfo? HTTP/2
Host: www.googleapis.com
user-agent: Hybridauth, PHP Social Authentication Library (https://github.com/hybridauth/hybridauth)
accept-encoding: identity
accept: */*
cache-control: max-age=0
connection: keep-alive
authorization: Bearer ya29.a0ATi6K2tKZ853EY3plHykK1NZ4HPiv3ZMqy5kqkRsM5yU-0Gkr7LdCBp4XrkOaOkkVauXDhDOJkeVZZ_NhYn2Xlq70b1Wxxhut4RDJjSqFvSwMMwNLVB5m48IeAAL8BaDRf-t21X05IoRFomRpDotCYZRzcO5jRUWvicb4CQYYmVGDupzubAoXOXcO4p9QrPep7B2XYAaCgYKAaISARQSFQHGX2MiSmug0Vjk1Zz51F9ixVJ-YQ0206


                )

            [opts] => Array
                (
                    [13] => 30
                    [78] => 30
                    [64] => 
                    [81] => 
                    [19913] => 1
                    [52] => 1
                    [68] => 5
                    [2] => 1
                    [10102] => identity
                    [10018] => Hybridauth, PHP Social Authentication Library (https://github.com/hybridauth/hybridauth)
                    [10002] => https://www.googleapis.com/oauth2/v3/userinfo?
                    [10023] => Array
                        (
                            [0] => Accept: */*
                            [1] => Cache-Control: max-age=0
                            [2] => Connection: keep-alive
                            [3] => Expect: 
                            [4] => Pragma: 
                            [5] => Authorization: Bearer ya29.a0ATi6K2tKZ853EY3plHykK1NZ4HPiv3ZMqy5kqkRsM5yU-0Gkr7LdCBp4XrkOaOkkVauXDhDOJkeVZZ_NhYn2Xlq70b1Wxxhut4RDJjSqFvSwMMwNLVB5m48IeAAL8BaDRf-t21X05IoRFomRpDotCYZRzcO5jRUWvicb4CQYYmVGDupzubAoXOXcO4p9QrPep7B2XYAaCgYKAaISARQSFQHGX2MiSmug0Vjk1Zz51F9ixVJ-YQ0206
                        )

                    [20079] => *omitted
                )

        )

)

debug -- ::1 -- 2025-11-08T12:33:24+00:00 -- Initialize Hybridauth\Provider\Google, config: 
Array
(
    [enabled] => 1
    [keys] => Array
        (
            [id] => 523070165573-vragqgmqssr2uos6lffbugjnstj2720a.apps.googleusercontent.com
            [secret] => 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
        )

    [scope] => openid profile email https://www.googleapis.com/auth/userinfo.email https://www.googleapis.com/auth/userinfo.profile
    [debug_mode] => 1
    [debug_file] => C:\laragon\scooby-doo\UnFixed/hybridauth.log
    [callback] => http://localhost:3000/callback.php
)

info -- ::1 -- 2025-11-08T12:33:24+00:00 -- Hybridauth\Provider\Google::authenticate()
debug -- ::1 -- 2025-11-08T12:33:43+00:00 -- Initialize Hybridauth\Provider\Google, config: 
Array
(
    [enabled] => 1
    [keys] => Array
        (
            [id] => 523070165573-vragqgmqssr2uos6lffbugjnstj2720a.apps.googleusercontent.com
            [secret] => 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
        )

    [scope] => openid profile email https://www.googleapis.com/auth/userinfo.email https://www.googleapis.com/auth/userinfo.profile
    [debug_mode] => 1
    [debug_file] => C:\laragon\scooby-doo\UnFixed/hybridauth.log
    [callback] => http://localhost:3000/callback.php
)

info -- ::1 -- 2025-11-08T12:33:43+00:00 -- Hybridauth\Provider\Google::authenticate()
debug -- ::1 -- 2025-11-08T12:33:57+00:00 -- Initialize Hybridauth\Provider\Google, config: 
Array
(
    [enabled] => 1
    [keys] => Array
        (
            [id] => 523070165573-vragqgmqssr2uos6lffbugjnstj2720a.apps.googleusercontent.com
            [secret] => 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
        )

    [scope] => openid profile email https://www.googleapis.com/auth/userinfo.email https://www.googleapis.com/auth/userinfo.profile
    [debug_mode] => 1
    [debug_file] => C:\laragon\scooby-doo\UnFixed/hybridauth.log
    [callback] => http://localhost:3000/callback.php
)

info -- ::1 -- 2025-11-08T12:33:57+00:00 -- Hybridauth\Provider\Google::authenticate()
debug -- ::1 -- 2025-11-08T12:34:01+00:00 -- Initialize Hybridauth\Provider\Google, config: 
Array
(
    [enabled] => 1
    [keys] => Array
        (
            [id] => 523070165573-vragqgmqssr2uos6lffbugjnstj2720a.apps.googleusercontent.com
            [secret] => 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
        )

    [scope] => openid profile email https://www.googleapis.com/auth/userinfo.email https://www.googleapis.com/auth/userinfo.profile
    [debug_mode] => 1
    [debug_file] => C:\laragon\scooby-doo\UnFixed/hybridauth.log
    [callback] => http://localhost:3000/callback.php
)

info -- ::1 -- 2025-11-08T12:34:01+00:00 -- Hybridauth\Provider\Google::authenticate()
debug -- ::1 -- 2025-11-08T12:34:01+00:00 -- Hybridauth\Provider\Google::authenticateFinish(), callback url:
Array
(
    [0] => http://localhost:3000/callback.php?state=HA-UHL5ODRC13PZBKV2I7QTFXAJW08E49NSG6YM&code=4%2F0Ab32j91d99eeOSe1Fut-CdoivoHgormSFkgir9B5z8q3Qg5i1rOEenAgtQo6guwwNdFiBQ&scope=email+profile+https%3A%2F%2Fwww.googleapis.com%2Fauth%2Fuserinfo.profile+https%3A%2F%2Fwww.googleapis.com%2Fauth%2Fuserinfo.email+openid&authuser=0&prompt=consent
)

debug -- ::1 -- 2025-11-08T12:34:08+00:00 -- Initialize Hybridauth\Provider\Google, config: 
Array
(
    [enabled] => 1
    [keys] => Array
        (
            [id] => 523070165573-vragqgmqssr2uos6lffbugjnstj2720a.apps.googleusercontent.com
            [secret] => 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
        )

    [scope] => openid profile email https://www.googleapis.com/auth/userinfo.email https://www.googleapis.com/auth/userinfo.profile
    [debug_mode] => 1
    [debug_file] => C:\laragon\scooby-doo\UnFixed/hybridauth.log
    [callback] => http://localhost:3000/callback.php
)

info -- ::1 -- 2025-11-08T12:34:08+00:00 -- Hybridauth\Provider\Google::authenticate()
debug -- ::1 -- 2025-11-08T12:34:08+00:00 -- Hybridauth\Provider\Google::authenticateFinish(), callback url:
Array
(
    [0] => http://localhost:3000/callback.php?state=HA-UHL5ODRC13PZBKV2I7QTFXAJW08E49NSG6YM&code=4%2F0Ab32j91LExCZcMVLGk6KFQ59a6Dd8d2ldXqHZUw5ljaE-WJEYtyGyv1e33NpLk7Af4Rq6g&scope=email+profile+https%3A%2F%2Fwww.googleapis.com%2Fauth%2Fuserinfo.profile+https%3A%2F%2Fwww.googleapis.com%2Fauth%2Fuserinfo.email+openid&authuser=0&prompt=consent
)

debug -- ::1 -- 2025-11-08T12:34:14+00:00 -- Initialize Hybridauth\Provider\Google, config: 
Array
(
    [enabled] => 1
    [keys] => Array
        (
            [id] => 523070165573-vragqgmqssr2uos6lffbugjnstj2720a.apps.googleusercontent.com
            [secret] => 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
        )

    [scope] => openid profile email https://www.googleapis.com/auth/userinfo.email https://www.googleapis.com/auth/userinfo.profile
    [debug_mode] => 1
    [debug_file] => C:\laragon\scooby-doo\UnFixed/hybridauth.log
    [callback] => http://localhost:3000/callback.php
)

info -- ::1 -- 2025-11-08T12:34:14+00:00 -- Hybridauth\Provider\Google::authenticate()
debug -- ::1 -- 2025-11-08T12:34:14+00:00 -- Hybridauth\Provider\Google::authenticateFinish(), callback url:
Array
(
    [0] => http://localhost:3000/callback.php?state=HA-UHL5ODRC13PZBKV2I7QTFXAJW08E49NSG6YM&code=4%2F0Ab32j91LExCZcMVLGk6KFQ59a6Dd8d2ldXqHZUw5ljaE-WJEYtyGyv1e33NpLk7Af4Rq6g&scope=email+profile+https%3A%2F%2Fwww.googleapis.com%2Fauth%2Fuserinfo.profile+https%3A%2F%2Fwww.googleapis.com%2Fauth%2Fuserinfo.email+openid&authuser=0&prompt=consent
)

debug -- ::1 -- 2025-11-08T12:34:15+00:00 -- Initialize Hybridauth\Provider\Google, config: 
Array
(
    [enabled] => 1
    [keys] => Array
        (
            [id] => 523070165573-vragqgmqssr2uos6lffbugjnstj2720a.apps.googleusercontent.com
            [secret] => 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
        )

    [scope] => openid profile email https://www.googleapis.com/auth/userinfo.email https://www.googleapis.com/auth/userinfo.profile
    [debug_mode] => 1
    [debug_file] => C:\laragon\scooby-doo\UnFixed/hybridauth.log
    [callback] => http://localhost:3000/callback.php
)

info -- ::1 -- 2025-11-08T12:34:15+00:00 -- Hybridauth\Provider\Google::authenticate()
debug -- ::1 -- 2025-11-08T12:34:15+00:00 -- Hybridauth\Provider\Google::authenticateFinish(), callback url:
Array
(
    [0] => http://localhost:3000/callback.php?state=HA-UHL5ODRC13PZBKV2I7QTFXAJW08E49NSG6YM&code=4%2F0Ab32j91LExCZcMVLGk6KFQ59a6Dd8d2ldXqHZUw5ljaE-WJEYtyGyv1e33NpLk7Af4Rq6g&scope=email+profile+https%3A%2F%2Fwww.googleapis.com%2Fauth%2Fuserinfo.profile+https%3A%2F%2Fwww.googleapis.com%2Fauth%2Fuserinfo.email+openid&authuser=0&prompt=consent
)

debug -- ::1 -- 2025-11-08T12:34:15+00:00 -- Initialize Hybridauth\Provider\Google, config: 
Array
(
    [enabled] => 1
    [keys] => Array
        (
            [id] => 523070165573-vragqgmqssr2uos6lffbugjnstj2720a.apps.googleusercontent.com
            [secret] => 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
        )

    [scope] => openid profile email https://www.googleapis.com/auth/userinfo.email https://www.googleapis.com/auth/userinfo.profile
    [debug_mode] => 1
    [debug_file] => C:\laragon\scooby-doo\UnFixed/hybridauth.log
    [callback] => http://localhost:3000/callback.php
)

info -- ::1 -- 2025-11-08T12:34:15+00:00 -- Hybridauth\Provider\Google::authenticate()
debug -- ::1 -- 2025-11-08T12:34:15+00:00 -- Hybridauth\Provider\Google::authenticateFinish(), callback url:
Array
(
    [0] => http://localhost:3000/callback.php?state=HA-UHL5ODRC13PZBKV2I7QTFXAJW08E49NSG6YM&code=4%2F0Ab32j91LExCZcMVLGk6KFQ59a6Dd8d2ldXqHZUw5ljaE-WJEYtyGyv1e33NpLk7Af4Rq6g&scope=email+profile+https%3A%2F%2Fwww.googleapis.com%2Fauth%2Fuserinfo.profile+https%3A%2F%2Fwww.googleapis.com%2Fauth%2Fuserinfo.email+openid&authuser=0&prompt=consent
)

debug -- ::1 -- 2025-11-08T12:34:18+00:00 -- Initialize Hybridauth\Provider\Google, config: 
Array
(
    [enabled] => 1
    [keys] => Array
        (
            [id] => 523070165573-vragqgmqssr2uos6lffbugjnstj2720a.apps.googleusercontent.com
            [secret] => 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
        )

    [scope] => openid profile email https://www.googleapis.com/auth/userinfo.email https://www.googleapis.com/auth/userinfo.profile
    [debug_mode] => 1
    [debug_file] => C:\laragon\scooby-doo\UnFixed/hybridauth.log
    [callback] => http://localhost:3000/callback.php
)

info -- ::1 -- 2025-11-08T12:34:18+00:00 -- Hybridauth\Provider\Google::authenticate()
debug -- ::1 -- 2025-11-08T12:34:18+00:00 -- Hybridauth\Provider\Google::authenticateFinish(), callback url:
Array
(
    [0] => http://localhost:3000/callback.php?state=HA-UHL5ODRC13PZBKV2I7QTFXAJW08E49NSG6YM&code=4%2F0Ab32j90-I5WlBIR6DxicOAFeXZ8zm67KAqdOzAMLyloRVn-POfQrenb8bKteN0sUvlofaA&scope=email+profile+https%3A%2F%2Fwww.googleapis.com%2Fauth%2Fuserinfo.profile+https%3A%2F%2Fwww.googleapis.com%2Fauth%2Fuserinfo.email+openid&authuser=0&prompt=consent
)

debug -- ::1 -- 2025-11-08T12:34:23+00:00 -- Initialize Hybridauth\Provider\Google, config: 
Array
(
    [enabled] => 1
    [keys] => Array
        (
            [id] => 523070165573-vragqgmqssr2uos6lffbugjnstj2720a.apps.googleusercontent.com
            [secret] => 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
        )

    [scope] => openid profile email https://www.googleapis.com/auth/userinfo.email https://www.googleapis.com/auth/userinfo.profile
    [debug_mode] => 1
    [debug_file] => C:\laragon\scooby-doo\UnFixed/hybridauth.log
    [callback] => http://localhost:3000/callback.php
)

info -- ::1 -- 2025-11-08T12:34:23+00:00 -- Hybridauth\Provider\Google::authenticate()
debug -- ::1 -- 2025-11-08T12:34:23+00:00 -- Hybridauth\Provider\Google::authenticateFinish(), callback url:
Array
(
    [0] => http://localhost:3000/callback.php?state=HA-UHL5ODRC13PZBKV2I7QTFXAJW08E49NSG6YM&code=4%2F0Ab32j90-I5WlBIR6DxicOAFeXZ8zm67KAqdOzAMLyloRVn-POfQrenb8bKteN0sUvlofaA&scope=email+profile+https%3A%2F%2Fwww.googleapis.com%2Fauth%2Fuserinfo.profile+https%3A%2F%2Fwww.googleapis.com%2Fauth%2Fuserinfo.email+openid&authuser=0&prompt=consent
)

debug -- ::1 -- 2025-11-08T12:34:23+00:00 -- Initialize Hybridauth\Provider\Google, config: 
Array
(
    [enabled] => 1
    [keys] => Array
        (
            [id] => 523070165573-vragqgmqssr2uos6lffbugjnstj2720a.apps.googleusercontent.com
            [secret] => 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
        )

    [scope] => openid profile email https://www.googleapis.com/auth/userinfo.email https://www.googleapis.com/auth/userinfo.profile
    [debug_mode] => 1
    [debug_file] => C:\laragon\scooby-doo\UnFixed/hybridauth.log
    [callback] => http://localhost:3000/callback.php
)

info -- ::1 -- 2025-11-08T12:34:23+00:00 -- Hybridauth\Provider\Google::authenticate()
debug -- ::1 -- 2025-11-08T12:34:23+00:00 -- Hybridauth\Provider\Google::authenticateFinish(), callback url:
Array
(
    [0] => http://localhost:3000/callback.php?state=HA-UHL5ODRC13PZBKV2I7QTFXAJW08E49NSG6YM&code=4%2F0Ab32j90-I5WlBIR6DxicOAFeXZ8zm67KAqdOzAMLyloRVn-POfQrenb8bKteN0sUvlofaA&scope=email+profile+https%3A%2F%2Fwww.googleapis.com%2Fauth%2Fuserinfo.profile+https%3A%2F%2Fwww.googleapis.com%2Fauth%2Fuserinfo.email+openid&authuser=0&prompt=consent
)

debug -- ::1 -- 2025-11-08T12:34:23+00:00 -- Initialize Hybridauth\Provider\Google, config: 
Array
(
    [enabled] => 1
    [keys] => Array
        (
            [id] => 523070165573-vragqgmqssr2uos6lffbugjnstj2720a.apps.googleusercontent.com
            [secret] => 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
        )

    [scope] => openid profile email https://www.googleapis.com/auth/userinfo.email https://www.googleapis.com/auth/userinfo.profile
    [debug_mode] => 1
    [debug_file] => C:\laragon\scooby-doo\UnFixed/hybridauth.log
    [callback] => http://localhost:3000/callback.php
)

info -- ::1 -- 2025-11-08T12:34:23+00:00 -- Hybridauth\Provider\Google::authenticate()
debug -- ::1 -- 2025-11-08T12:34:23+00:00 -- Hybridauth\Provider\Google::authenticateFinish(), callback url:
Array
(
    [0] => http://localhost:3000/callback.php?state=HA-UHL5ODRC13PZBKV2I7QTFXAJW08E49NSG6YM&code=4%2F0Ab32j90-I5WlBIR6DxicOAFeXZ8zm67KAqdOzAMLyloRVn-POfQrenb8bKteN0sUvlofaA&scope=email+profile+https%3A%2F%2Fwww.googleapis.com%2Fauth%2Fuserinfo.profile+https%3A%2F%2Fwww.googleapis.com%2Fauth%2Fuserinfo.email+openid&authuser=0&prompt=consent
)

debug -- ::1 -- 2025-11-08T12:34:33+00:00 -- Initialize Hybridauth\Provider\Google, config: 
Array
(
    [enabled] => 1
    [keys] => Array
        (
            [id] => 523070165573-vragqgmqssr2uos6lffbugjnstj2720a.apps.googleusercontent.com
            [secret] => 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
        )

    [scope] => openid profile email https://www.googleapis.com/auth/userinfo.email https://www.googleapis.com/auth/userinfo.profile
    [debug_mode] => 1
    [debug_file] => C:\laragon\scooby-doo\UnFixed/hybridauth.log
    [callback] => http://localhost:3000/callback.php
)

info -- ::1 -- 2025-11-08T12:34:33+00:00 -- Hybridauth\Provider\Google::authenticate()
debug -- ::1 -- 2025-11-08T12:34:33+00:00 -- Hybridauth\Provider\Google::authenticateBegin(), redirecting user to:
Array
(
    [0] => https://accounts.google.com/o/oauth2/v2/auth?response_type=code&client_id=523070165573-vragqgmqssr2uos6lffbugjnstj2720a.apps.googleusercontent.com&redirect_uri=http%3A%2F%2Flocalhost%3A3000%2Fcallback.php&scope=openid+profile+email+https%3A%2F%2Fwww.googleapis.com%2Fauth%2Fuserinfo.email+https%3A%2F%2Fwww.googleapis.com%2Fauth%2Fuserinfo.profile&access_type=offline&prompt=consent&state=HA-LNTXPKRDG4F782JBI0MQSA35UZ1HWVE9YCO6
)

debug -- ::1 -- 2025-11-08T12:34:38+00:00 -- Initialize Hybridauth\Provider\Google, config: 
Array
(
    [enabled] => 1
    [keys] => Array
        (
            [id] => 523070165573-vragqgmqssr2uos6lffbugjnstj2720a.apps.googleusercontent.com
            [secret] => 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
        )

    [scope] => openid profile email https://www.googleapis.com/auth/userinfo.email https://www.googleapis.com/auth/userinfo.profile
    [debug_mode] => 1
    [debug_file] => C:\laragon\scooby-doo\UnFixed/hybridauth.log
    [callback] => http://localhost:3000/callback.php
)

info -- ::1 -- 2025-11-08T12:34:38+00:00 -- Hybridauth\Provider\Google::authenticate()
debug -- ::1 -- 2025-11-08T12:34:38+00:00 -- Hybridauth\Provider\Google::authenticateFinish(), callback url:
Array
(
    [0] => http://localhost:3000/callback.php?state=HA-LNTXPKRDG4F782JBI0MQSA35UZ1HWVE9YCO6&code=4%2F0Ab32j904hjZrf8AH-5qWTspJS7LFgMWrU0lgY6W_8w9MSitvXlgAQDqYIMT3VHwhiD2IQg&scope=email+profile+https%3A%2F%2Fwww.googleapis.com%2Fauth%2Fuserinfo.profile+https%3A%2F%2Fwww.googleapis.com%2Fauth%2Fuserinfo.email+openid&authuser=0&prompt=consent
)

debug -- ::1 -- 2025-11-08T12:34:38+00:00 -- Hybridauth\HttpClient\Curl::request( https://oauth2.googleapis.com/token, POST ), response:
Array
(
    [request] => Array
        (
            [uri] => https://oauth2.googleapis.com/token
            [method] => POST
            [parameters] => Array
                (
                    [client_id] => 523070165573-vragqgmqssr2uos6lffbugjnstj2720a.apps.googleusercontent.com
                    [client_secret] => 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
                    [grant_type] => authorization_code
                    [redirect_uri] => http://localhost:3000/callback.php
                    [code] => 4/0Ab32j904hjZrf8AH-5qWTspJS7LFgMWrU0lgY6W_8w9MSitvXlgAQDqYIMT3VHwhiD2IQg
                )

            [headers] => Array
                (
                    [Accept] => */*
                    [Cache-Control] => max-age=0
                    [Connection] => keep-alive
                    [Expect] => 
                    [Pragma] => 
                )

        )

    [response] => Array
        (
            [code] => 200
            [headers] => Array
                (
                    [pragma] => no-cache
                    [expires] => Mon, 01 Jan 1990 00:00:00 GMT
                    [date] => Sat, 08 Nov 2025 12:34:38 GMT
                    [cache_control] => no-cache, no-store, max-age=0, must-revalidate
                    [content_type] => application/json; charset=utf-8
                    [vary] => Origin,Accept-Encoding
                    [server] => scaffolding on HTTPServer2
                    [x_xss_protection] => 0
                    [x_frame_options] => SAMEORIGIN
                    [x_content_type_options] => nosniff
                    [alt_svc] => h3=":443"; ma=2592000,h3-29=":443"; ma=2592000
                    [accept_ranges] => none
                )

            [body] => {
  "access_token": "ya29.a0ATi6K2s6eLvA11nXOFs_7BkPSpYXsjYvCeZy6UexJvyVy4wQpOsS4DtjEsfURUTZTqxdqZl5eFwU932J-jCkM-khbslUneynSRSod5QrQsvkpWNfTmxJQICMkvIBeJ1T07CEztzQIrKDK_ahqMPZT57fk1t_hIFTKbEDF8GNdvUqWLdppTgC81TQjJ1tMbnirY_Z8tYaCgYKAQgSARQSFQHGX2MiRHWgZLYEw-mo5sh5ZO2Z3w0206",
  "expires_in": 3599,
  "refresh_token": "1//0g0j7sRaFYi5SCgYIARAAGBASNwF-L9IrKiOdSvc4oHHNQtEPN1YFenHxWGzEXEhyMmAvPr1ymdrlw_99Nupaq3p5UpLeCDzW0ss",
  "scope": "https://www.googleapis.com/auth/userinfo.profile openid https://www.googleapis.com/auth/userinfo.email",
  "token_type": "Bearer",
  "id_token": "eyJhbGciOiJSUzI1NiIsImtpZCI6ImI1ZTQ0MGFlOTQxZTk5ODFlZTJmYTEzNzZkNDJjNDZkNzMxZGVlM2YiLCJ0eXAiOiJKV1QifQ.eyJpc3MiOiJodHRwczovL2FjY291bnRzLmdvb2dsZS5jb20iLCJhenAiOiI1MjMwNzAxNjU1NzMtdnJhZ3FnbXFzc3IydW9zNmxmZmJ1Z2puc3RqMjcyMGEuYXBwcy5nb29nbGV1c2VyY29udGVudC5jb20iLCJhdWQiOiI1MjMwNzAxNjU1NzMtdnJhZ3FnbXFzc3IydW9zNmxmZmJ1Z2puc3RqMjcyMGEuYXBwcy5nb29nbGV1c2VyY29udGVudC5jb20iLCJzdWIiOiIxMDYxMjI1OTM0ODUyMDA4MjI5ODciLCJlbWFpbCI6ImpmZXJ4aWljQGdtYWlsLmNvbSIsImVtYWlsX3ZlcmlmaWVkIjp0cnVlLCJhdF9oYXNoIjoiNUt1ekhOTXMtZTcwOWF3V3MwZnJiUSIsIm5hbWUiOiJKIEZlcnhpaWMiLCJwaWN0dXJlIjoiaHR0cHM6Ly9saDMuZ29vZ2xldXNlcmNvbnRlbnQuY29tL2EvQUNnOG9jSWo2bmVaQUxIM21OMVd2V2tmNFNqUVRvOHBGVVV2LW5xcjNrWmRRTjBlTlM4SHhSYz1zOTYtYyIsImdpdmVuX25hbWUiOiJKIiwiZmFtaWx5X25hbWUiOiJGZXJ4aWljIiwiaWF0IjoxNzYyNjA1Mjc4LCJleHAiOjE3NjI2MDg4Nzh9.GX996qMl9xeoXMLHcKqsos7YBesJEVMUrOvt_3vfUyWbN2Y4e6nXNXfcfJCp30TnlGzJqfYnbk-RDPENu80mcCRqmWSS6OIHiXhVHdkdxIdjb0tqTyBi2qYWo9CyJGnhU3LfdYaUqTWDExtTMLzFbe1z41FyiWEpZD29Am6StAJfTh4Hog6wwgbCfBnKr-EWOVolywpugie-tGq34o58rVhOyv7dMH7vZ_BFgn9NdNJBgA0NupmgaFxAfLkgD2_P1ft8WVF_vCNZPTe5Pw4DafVu7jSRUerGtEpRza_-hCt-s1zl8eYIXuiJABl4vnWEW3YcMvOwDBwZdZjRstwM4w"
}
        )

    [client] => Array
        (
            [error] => 
            [info] => Array
                (
                    [url] => https://oauth2.googleapis.com/token
                    [content_type] => application/json; charset=utf-8
                    [http_code] => 200
                    [header_size] => 478
                    [request_size] => 313
                    [filetime] => -1
                    [ssl_verify_result] => 0
                    [redirect_count] => 0
                    [total_time] => 0.225138
                    [namelookup_time] => 0.032378
                    [connect_time] => 0.060169
                    [pretransfer_time] => 0.101271
                    [size_upload] => 301
                    [size_download] => 1724
                    [speed_download] => 7657
                    [speed_upload] => 1336
                    [download_content_length] => -1
                    [upload_content_length] => 301
                    [starttransfer_time] => 0.101281
                    [redirect_time] => 0
                    [redirect_url] => 
                    [primary_ip] => 74.125.130.95
                    [certinfo] => Array
                        (
                        )

                    [primary_port] => 443
                    [local_ip] => 172.25.4.15
                    [local_port] => 41282
                    [http_version] => 3
                    [protocol] => 2
                    [ssl_verifyresult] => 0
                    [scheme] => HTTPS
                    [appconnect_time_us] => 101116
                    [connect_time_us] => 60169
                    [namelookup_time_us] => 32378
                    [pretransfer_time_us] => 101271
                    [redirect_time_us] => 0
                    [starttransfer_time_us] => 101281
                    [total_time_us] => 225138
                    [request_header] => POST /token HTTP/2
Host: oauth2.googleapis.com
user-agent: Hybridauth, PHP Social Authentication Library (https://github.com/hybridauth/hybridauth)
accept-encoding: identity
accept: */*
cache-control: max-age=0
connection: keep-alive
content-length: 301
content-type: application/x-www-form-urlencoded


                )

            [opts] => Array
                (
                    [13] => 30
                    [78] => 30
                    [64] => 
                    [81] => 
                    [19913] => 1
                    [52] => 1
                    [68] => 5
                    [2] => 1
                    [10102] => identity
                    [10018] => Hybridauth, PHP Social Authentication Library (https://github.com/hybridauth/hybridauth)
                    [47] => 1
                    [10015] => client_id=523070165573-vragqgmqssr2uos6lffbugjnstj2720a.apps.googleusercontent.com&client_secret=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&grant_type=authorization_code&redirect_uri=http%3A%2F%2Flocalhost%3A3000%2Fcallback.php&code=4%2F0Ab32j904hjZrf8AH-5qWTspJS7LFgMWrU0lgY6W_8w9MSitvXlgAQDqYIMT3VHwhiD2IQg
                    [10002] => https://oauth2.googleapis.com/token
                    [10023] => Array
                        (
                            [0] => Accept: */*
                            [1] => Cache-Control: max-age=0
                            [2] => Connection: keep-alive
                            [3] => Expect: 
                            [4] => Pragma: 
                        )

                    [20079] => *omitted
                )

        )

)

debug -- ::1 -- 2025-11-08T12:34:38+00:00 -- Hybridauth\HttpClient\Curl::request( https://www.googleapis.com/oauth2/v3/userinfo?, GET ), response:
Array
(
    [request] => Array
        (
            [uri] => https://www.googleapis.com/oauth2/v3/userinfo
            [method] => GET
            [parameters] => Array
                (
                )

            [headers] => Array
                (
                    [Accept] => */*
                    [Cache-Control] => max-age=0
                    [Connection] => keep-alive
                    [Expect] => 
                    [Pragma] => 
                    [Authorization] => Bearer ya29.a0ATi6K2s6eLvA11nXOFs_7BkPSpYXsjYvCeZy6UexJvyVy4wQpOsS4DtjEsfURUTZTqxdqZl5eFwU932J-jCkM-khbslUneynSRSod5QrQsvkpWNfTmxJQICMkvIBeJ1T07CEztzQIrKDK_ahqMPZT57fk1t_hIFTKbEDF8GNdvUqWLdppTgC81TQjJ1tMbnirY_Z8tYaCgYKAQgSARQSFQHGX2MiRHWgZLYEw-mo5sh5ZO2Z3w0206
                )

        )

    [response] => Array
        (
            [code] => 200
            [headers] => Array
                (
                    [pragma] => no-cache
                    [expires] => Mon, 01 Jan 1990 00:00:00 GMT
                    [date] => Sat, 08 Nov 2025 12:34:38 GMT
                    [cache_control] => no-cache, no-store, max-age=0, must-revalidate
                    [content_type] => application/json; charset=utf-8
                    [vary] => Origin,Accept-Encoding
                    [server] => ESF
                    [x_xss_protection] => 0
                    [x_frame_options] => SAMEORIGIN
                    [x_content_type_options] => nosniff
                    [alt_svc] => h3=":443"; ma=2592000,h3-29=":443"; ma=2592000
                    [accept_ranges] => none
                )

            [body] => {
  "sub": "106122593485200822987",
  "name": "J Ferxiic",
  "given_name": "J",
  "family_name": "Ferxiic",
  "picture": "https://lh3.googleusercontent.com/a/ACg8ocIj6neZALH3mN1WvWkf4SjQTo8pFUUv-nqr3kZdQN0eNS8HxRc\u003ds96-c",
  "email": "jferxiic@gmail.com",
  "email_verified": true
}
        )

    [client] => Array
        (
            [error] => 
            [info] => Array
                (
                    [url] => https://www.googleapis.com/oauth2/v3/userinfo
                    [content_type] => application/json; charset=utf-8
                    [http_code] => 200
                    [header_size] => 455
                    [request_size] => 530
                    [filetime] => -1
                    [ssl_verify_result] => 0
                    [redirect_count] => 0
                    [total_time] => 0.132824
                    [namelookup_time] => 0.001381
                    [connect_time] => 0.029091
                    [pretransfer_time] => 0.06755
                    [size_upload] => 0
                    [size_download] => 286
                    [speed_download] => 2153
                    [speed_upload] => 0
                    [download_content_length] => -1
                    [upload_content_length] => 0
                    [starttransfer_time] => 0.132747
                    [redirect_time] => 0
                    [redirect_url] => 
                    [primary_ip] => 142.251.12.95
                    [certinfo] => Array
                        (
                        )

                    [primary_port] => 443
                    [local_ip] => 172.25.4.15
                    [local_port] => 41285
                    [http_version] => 3
                    [protocol] => 2
                    [ssl_verifyresult] => 0
                    [scheme] => HTTPS
                    [appconnect_time_us] => 67422
                    [connect_time_us] => 29091
                    [namelookup_time_us] => 1381
                    [pretransfer_time_us] => 67550
                    [redirect_time_us] => 0
                    [starttransfer_time_us] => 132747
                    [total_time_us] => 132824
                    [request_header] => GET /oauth2/v3/userinfo? HTTP/2
Host: www.googleapis.com
user-agent: Hybridauth, PHP Social Authentication Library (https://github.com/hybridauth/hybridauth)
accept-encoding: identity
accept: */*
cache-control: max-age=0
connection: keep-alive
authorization: Bearer ya29.a0ATi6K2s6eLvA11nXOFs_7BkPSpYXsjYvCeZy6UexJvyVy4wQpOsS4DtjEsfURUTZTqxdqZl5eFwU932J-jCkM-khbslUneynSRSod5QrQsvkpWNfTmxJQICMkvIBeJ1T07CEztzQIrKDK_ahqMPZT57fk1t_hIFTKbEDF8GNdvUqWLdppTgC81TQjJ1tMbnirY_Z8tYaCgYKAQgSARQSFQHGX2MiRHWgZLYEw-mo5sh5ZO2Z3w0206


                )

            [opts] => Array
                (
                    [13] => 30
                    [78] => 30
                    [64] => 
                    [81] => 
                    [19913] => 1
                    [52] => 1
                    [68] => 5
                    [2] => 1
                    [10102] => identity
                    [10018] => Hybridauth, PHP Social Authentication Library (https://github.com/hybridauth/hybridauth)
                    [10002] => https://www.googleapis.com/oauth2/v3/userinfo?
                    [10023] => Array
                        (
                            [0] => Accept: */*
                            [1] => Cache-Control: max-age=0
                            [2] => Connection: keep-alive
                            [3] => Expect: 
                            [4] => Pragma: 
                            [5] => Authorization: Bearer ya29.a0ATi6K2s6eLvA11nXOFs_7BkPSpYXsjYvCeZy6UexJvyVy4wQpOsS4DtjEsfURUTZTqxdqZl5eFwU932J-jCkM-khbslUneynSRSod5QrQsvkpWNfTmxJQICMkvIBeJ1T07CEztzQIrKDK_ahqMPZT57fk1t_hIFTKbEDF8GNdvUqWLdppTgC81TQjJ1tMbnirY_Z8tYaCgYKAQgSARQSFQHGX2MiRHWgZLYEw-mo5sh5ZO2Z3w0206
                        )

                    [20079] => *omitted
                )

        )

)

debug -- ::1 -- 2025-11-08T12:34:44+00:00 -- Initialize Hybridauth\Provider\Google, config: 
Array
(
    [enabled] => 1
    [keys] => Array
        (
            [id] => 523070165573-vragqgmqssr2uos6lffbugjnstj2720a.apps.googleusercontent.com
            [secret] => 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
        )

    [scope] => openid profile email https://www.googleapis.com/auth/userinfo.email https://www.googleapis.com/auth/userinfo.profile
    [debug_mode] => 1
    [debug_file] => C:\laragon\scooby-doo\UnFixed/hybridauth.log
    [callback] => http://localhost:3000/callback.php
)

info -- ::1 -- 2025-11-08T12:34:44+00:00 -- Hybridauth\Provider\Google::authenticate()
debug -- ::1 -- 2025-11-08T12:34:44+00:00 -- Hybridauth\Provider\Google::authenticateBegin(), redirecting user to:
Array
(
    [0] => https://accounts.google.com/o/oauth2/v2/auth?response_type=code&client_id=523070165573-vragqgmqssr2uos6lffbugjnstj2720a.apps.googleusercontent.com&redirect_uri=http%3A%2F%2Flocalhost%3A3000%2Fcallback.php&scope=openid+profile+email+https%3A%2F%2Fwww.googleapis.com%2Fauth%2Fuserinfo.email+https%3A%2F%2Fwww.googleapis.com%2Fauth%2Fuserinfo.profile&access_type=offline&prompt=consent&state=HA-KOXAYH4PG2WN9MV1RDS8JIEQT7Z3F5U6LCB0
)

debug -- ::1 -- 2025-11-08T12:34:50+00:00 -- Initialize Hybridauth\Provider\Google, config: 
Array
(
    [enabled] => 1
    [keys] => Array
        (
            [id] => 523070165573-vragqgmqssr2uos6lffbugjnstj2720a.apps.googleusercontent.com
            [secret] => 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
        )

    [scope] => openid profile email https://www.googleapis.com/auth/userinfo.email https://www.googleapis.com/auth/userinfo.profile
    [debug_mode] => 1
    [debug_file] => C:\laragon\scooby-doo\UnFixed/hybridauth.log
    [callback] => http://localhost:3000/callback.php
)

info -- ::1 -- 2025-11-08T12:34:50+00:00 -- Hybridauth\Provider\Google::authenticate()
debug -- ::1 -- 2025-11-08T12:34:50+00:00 -- Hybridauth\Provider\Google::authenticateBegin(), redirecting user to:
Array
(
    [0] => https://accounts.google.com/o/oauth2/v2/auth?response_type=code&client_id=523070165573-vragqgmqssr2uos6lffbugjnstj2720a.apps.googleusercontent.com&redirect_uri=http%3A%2F%2Flocalhost%3A3000%2Fcallback.php&scope=openid+profile+email+https%3A%2F%2Fwww.googleapis.com%2Fauth%2Fuserinfo.email+https%3A%2F%2Fwww.googleapis.com%2Fauth%2Fuserinfo.profile&access_type=offline&prompt=consent&state=HA-2JUCYB0ITLGNRHEO7VZM8KP3AQW64S9D51FX
)

debug -- ::1 -- 2025-11-08T12:35:30+00:00 -- Initialize Hybridauth\Provider\Google, config: 
Array
(
    [enabled] => 1
    [keys] => Array
        (
            [id] => 523070165573-vragqgmqssr2uos6lffbugjnstj2720a.apps.googleusercontent.com
            [secret] => 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
        )

    [scope] => openid profile email https://www.googleapis.com/auth/userinfo.email https://www.googleapis.com/auth/userinfo.profile
    [debug_mode] => 1
    [debug_file] => C:\laragon\scooby-doo\UnFixed/hybridauth.log
    [callback] => http://localhost:3000/callback.php
)

info -- ::1 -- 2025-11-08T12:35:30+00:00 -- Hybridauth\Provider\Google::authenticate()
debug -- ::1 -- 2025-11-08T12:35:30+00:00 -- Hybridauth\Provider\Google::authenticateFinish(), callback url:
Array
(
    [0] => http://localhost:3000/callback.php?state=HA-2JUCYB0ITLGNRHEO7VZM8KP3AQW64S9D51FX&code=4%2F0Ab32j90n3LxC09A35yFtwG-JnNnbKzuovDceeGJ3Fru7rgKh4WzgdDnXOq6mn0tL2OQQgQ&scope=email+profile+https%3A%2F%2Fwww.googleapis.com%2Fauth%2Fuserinfo.profile+https%3A%2F%2Fwww.googleapis.com%2Fauth%2Fuserinfo.email+openid&authuser=0&prompt=consent
)

debug -- ::1 -- 2025-11-08T12:35:30+00:00 -- Hybridauth\HttpClient\Curl::request( https://oauth2.googleapis.com/token, POST ), response:
Array
(
    [request] => Array
        (
            [uri] => https://oauth2.googleapis.com/token
            [method] => POST
            [parameters] => Array
                (
                    [client_id] => 523070165573-vragqgmqssr2uos6lffbugjnstj2720a.apps.googleusercontent.com
                    [client_secret] => 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
                    [grant_type] => authorization_code
                    [redirect_uri] => http://localhost:3000/callback.php
                    [code] => 4/0Ab32j90n3LxC09A35yFtwG-JnNnbKzuovDceeGJ3Fru7rgKh4WzgdDnXOq6mn0tL2OQQgQ
                )

            [headers] => Array
                (
                    [Accept] => */*
                    [Cache-Control] => max-age=0
                    [Connection] => keep-alive
                    [Expect] => 
                    [Pragma] => 
                )

        )

    [response] => Array
        (
            [code] => 200
            [headers] => Array
                (
                    [expires] => Mon, 01 Jan 1990 00:00:00 GMT
                    [cache_control] => no-cache, no-store, max-age=0, must-revalidate
                    [date] => Sat, 08 Nov 2025 12:35:30 GMT
                    [pragma] => no-cache
                    [content_type] => application/json; charset=utf-8
                    [vary] => Origin,Accept-Encoding
                    [server] => scaffolding on HTTPServer2
                    [x_xss_protection] => 0
                    [x_frame_options] => SAMEORIGIN
                    [x_content_type_options] => nosniff
                    [alt_svc] => h3=":443"; ma=2592000,h3-29=":443"; ma=2592000
                    [accept_ranges] => none
                )

            [body] => {
  "access_token": "ya29.a0ATi6K2tzcCDRtELfCeGumrho3CVH-ffeDSjVTUj-POazAf_--pqqc2YCoB8Y5RUsU32VLmwcjpmZmbnoMyDRMWhc-IuBIbokjHDqAkc-nTqv1lrV7nCkA8d71yyb6SPqqLwFC7SCYbZWElBAWVQd9pdTtaI_G5p5c5ezkTykwiNtbuoiExrQ5oLjRaNDJWyg0rX1RqoaCgYKAQwSARQSFQHGX2Mi2Rs-pQ6TDiLvWYJm1FTFPA0206",
  "expires_in": 3599,
  "refresh_token": "1//0gI2H8z5IWPwKCgYIARAAGBASNwF-L9Ir24_vUTEWGc88HC4BFxvgPOUKIqXdkBXqMRJBL2anE3WTdk2R68-FPPbbI4FOS3AMBWg",
  "scope": "https://www.googleapis.com/auth/userinfo.email https://www.googleapis.com/auth/userinfo.profile openid",
  "token_type": "Bearer",
  "id_token": "eyJhbGciOiJSUzI1NiIsImtpZCI6ImI1ZTQ0MGFlOTQxZTk5ODFlZTJmYTEzNzZkNDJjNDZkNzMxZGVlM2YiLCJ0eXAiOiJKV1QifQ.eyJpc3MiOiJodHRwczovL2FjY291bnRzLmdvb2dsZS5jb20iLCJhenAiOiI1MjMwNzAxNjU1NzMtdnJhZ3FnbXFzc3IydW9zNmxmZmJ1Z2puc3RqMjcyMGEuYXBwcy5nb29nbGV1c2VyY29udGVudC5jb20iLCJhdWQiOiI1MjMwNzAxNjU1NzMtdnJhZ3FnbXFzc3IydW9zNmxmZmJ1Z2puc3RqMjcyMGEuYXBwcy5nb29nbGV1c2VyY29udGVudC5jb20iLCJzdWIiOiIxMDYxMjI1OTM0ODUyMDA4MjI5ODciLCJlbWFpbCI6ImpmZXJ4aWljQGdtYWlsLmNvbSIsImVtYWlsX3ZlcmlmaWVkIjp0cnVlLCJhdF9oYXNoIjoieDltaE00NzB0akNBZGNla09lRGptdyIsIm5hbWUiOiJKIEZlcnhpaWMiLCJwaWN0dXJlIjoiaHR0cHM6Ly9saDMuZ29vZ2xldXNlcmNvbnRlbnQuY29tL2EvQUNnOG9jSWo2bmVaQUxIM21OMVd2V2tmNFNqUVRvOHBGVVV2LW5xcjNrWmRRTjBlTlM4SHhSYz1zOTYtYyIsImdpdmVuX25hbWUiOiJKIiwiZmFtaWx5X25hbWUiOiJGZXJ4aWljIiwiaWF0IjoxNzYyNjA1MzMwLCJleHAiOjE3NjI2MDg5MzB9.M2C0KQcjckGfJRkQSPeqvLKR3TIkAHVuJ4V4Huogy_FvbWLgKPvtVqQhSKZ7yR9_PUWosZGqETqvsl9g--68DvZvdxh3DLg0qRjiju_Po_7Op-bXshtcyF9BTigtMkLFAWZaGkCG5hxUYBVwy5lIlyRUkkZXzeUt_6NhSHE4TGsZcBRf4ujMZNaSePkFfUgOvL8zj6Gyh75QF7n8UFC67jhRERPZPgiH2tjcAJdRqEiPRADjQpqjshBnDk8bXb5Bt9oZIYNbom-DT-EkdVJ6uZ-TowjKJf4X8eUd8tUFocaofFRLmqiOxCg3uTXr86h05P5SrCnjhUUBYo9lT6ZNog"
}
        )

    [client] => Array
        (
            [error] => 
            [info] => Array
                (
                    [url] => https://oauth2.googleapis.com/token
                    [content_type] => application/json; charset=utf-8
                    [http_code] => 200
                    [header_size] => 478
                    [request_size] => 313
                    [filetime] => -1
                    [ssl_verify_result] => 0
                    [redirect_count] => 0
                    [total_time] => 0.203096
                    [namelookup_time] => 0.001283
                    [connect_time] => 0.027195
                    [pretransfer_time] => 0.066498
                    [size_upload] => 301
                    [size_download] => 1724
                    [speed_download] => 8488
                    [speed_upload] => 1482
                    [download_content_length] => -1
                    [upload_content_length] => 301
                    [starttransfer_time] => 0.066505
                    [redirect_time] => 0
                    [redirect_url] => 
                    [primary_ip] => 74.125.130.95
                    [certinfo] => Array
                        (
                        )

                    [primary_port] => 443
                    [local_ip] => 172.25.4.15
                    [local_port] => 12810
                    [http_version] => 3
                    [protocol] => 2
                    [ssl_verifyresult] => 0
                    [scheme] => HTTPS
                    [appconnect_time_us] => 66355
                    [connect_time_us] => 27195
                    [namelookup_time_us] => 1283
                    [pretransfer_time_us] => 66498
                    [redirect_time_us] => 0
                    [starttransfer_time_us] => 66505
                    [total_time_us] => 203096
                    [request_header] => POST /token HTTP/2
Host: oauth2.googleapis.com
user-agent: Hybridauth, PHP Social Authentication Library (https://github.com/hybridauth/hybridauth)
accept-encoding: identity
accept: */*
cache-control: max-age=0
connection: keep-alive
content-length: 301
content-type: application/x-www-form-urlencoded


                )

            [opts] => Array
                (
                    [13] => 30
                    [78] => 30
                    [64] => 
                    [81] => 
                    [19913] => 1
                    [52] => 1
                    [68] => 5
                    [2] => 1
                    [10102] => identity
                    [10018] => Hybridauth, PHP Social Authentication Library (https://github.com/hybridauth/hybridauth)
                    [47] => 1
                    [10015] => client_id=523070165573-vragqgmqssr2uos6lffbugjnstj2720a.apps.googleusercontent.com&client_secret=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&grant_type=authorization_code&redirect_uri=http%3A%2F%2Flocalhost%3A3000%2Fcallback.php&code=4%2F0Ab32j90n3LxC09A35yFtwG-JnNnbKzuovDceeGJ3Fru7rgKh4WzgdDnXOq6mn0tL2OQQgQ
                    [10002] => https://oauth2.googleapis.com/token
                    [10023] => Array
                        (
                            [0] => Accept: */*
                            [1] => Cache-Control: max-age=0
                            [2] => Connection: keep-alive
                            [3] => Expect: 
                            [4] => Pragma: 
                        )

                    [20079] => *omitted
                )

        )

)

debug -- ::1 -- 2025-11-08T12:35:30+00:00 -- Hybridauth\HttpClient\Curl::request( https://www.googleapis.com/oauth2/v3/userinfo?, GET ), response:
Array
(
    [request] => Array
        (
            [uri] => https://www.googleapis.com/oauth2/v3/userinfo
            [method] => GET
            [parameters] => Array
                (
                )

            [headers] => Array
                (
                    [Accept] => */*
                    [Cache-Control] => max-age=0
                    [Connection] => keep-alive
                    [Expect] => 
                    [Pragma] => 
                    [Authorization] => Bearer ya29.a0ATi6K2tzcCDRtELfCeGumrho3CVH-ffeDSjVTUj-POazAf_--pqqc2YCoB8Y5RUsU32VLmwcjpmZmbnoMyDRMWhc-IuBIbokjHDqAkc-nTqv1lrV7nCkA8d71yyb6SPqqLwFC7SCYbZWElBAWVQd9pdTtaI_G5p5c5ezkTykwiNtbuoiExrQ5oLjRaNDJWyg0rX1RqoaCgYKAQwSARQSFQHGX2Mi2Rs-pQ6TDiLvWYJm1FTFPA0206
                )

        )

    [response] => Array
        (
            [code] => 200
            [headers] => Array
                (
                    [expires] => Mon, 01 Jan 1990 00:00:00 GMT
                    [cache_control] => no-cache, no-store, max-age=0, must-revalidate
                    [date] => Sat, 08 Nov 2025 12:35:30 GMT
                    [pragma] => no-cache
                    [content_type] => application/json; charset=utf-8
                    [vary] => Origin,Accept-Encoding
                    [server] => ESF
                    [x_xss_protection] => 0
                    [x_frame_options] => SAMEORIGIN
                    [x_content_type_options] => nosniff
                    [alt_svc] => h3=":443"; ma=2592000,h3-29=":443"; ma=2592000
                    [accept_ranges] => none
                )

            [body] => {
  "sub": "106122593485200822987",
  "name": "J Ferxiic",
  "given_name": "J",
  "family_name": "Ferxiic",
  "picture": "https://lh3.googleusercontent.com/a/ACg8ocIj6neZALH3mN1WvWkf4SjQTo8pFUUv-nqr3kZdQN0eNS8HxRc\u003ds96-c",
  "email": "jferxiic@gmail.com",
  "email_verified": true
}
        )

    [client] => Array
        (
            [error] => 
            [info] => Array
                (
                    [url] => https://www.googleapis.com/oauth2/v3/userinfo
                    [content_type] => application/json; charset=utf-8
                    [http_code] => 200
                    [header_size] => 455
                    [request_size] => 530
                    [filetime] => -1
                    [ssl_verify_result] => 0
                    [redirect_count] => 0
                    [total_time] => 0.168309
                    [namelookup_time] => 0.001315
                    [connect_time] => 0.027237
                    [pretransfer_time] => 0.065006
                    [size_upload] => 0
                    [size_download] => 286
                    [speed_download] => 1699
                    [speed_upload] => 0
                    [download_content_length] => -1
                    [upload_content_length] => 0
                    [starttransfer_time] => 0.16823
                    [redirect_time] => 0
                    [redirect_url] => 
                    [primary_ip] => 142.251.12.95
                    [certinfo] => Array
                        (
                        )

                    [primary_port] => 443
                    [local_ip] => 172.25.4.15
                    [local_port] => 12813
                    [http_version] => 3
                    [protocol] => 2
                    [ssl_verifyresult] => 0
                    [scheme] => HTTPS
                    [appconnect_time_us] => 64788
                    [connect_time_us] => 27237
                    [namelookup_time_us] => 1315
                    [pretransfer_time_us] => 65006
                    [redirect_time_us] => 0
                    [starttransfer_time_us] => 168230
                    [total_time_us] => 168309
                    [request_header] => GET /oauth2/v3/userinfo? HTTP/2
Host: www.googleapis.com
user-agent: Hybridauth, PHP Social Authentication Library (https://github.com/hybridauth/hybridauth)
accept-encoding: identity
accept: */*
cache-control: max-age=0
connection: keep-alive
authorization: Bearer ya29.a0ATi6K2tzcCDRtELfCeGumrho3CVH-ffeDSjVTUj-POazAf_--pqqc2YCoB8Y5RUsU32VLmwcjpmZmbnoMyDRMWhc-IuBIbokjHDqAkc-nTqv1lrV7nCkA8d71yyb6SPqqLwFC7SCYbZWElBAWVQd9pdTtaI_G5p5c5ezkTykwiNtbuoiExrQ5oLjRaNDJWyg0rX1RqoaCgYKAQwSARQSFQHGX2Mi2Rs-pQ6TDiLvWYJm1FTFPA0206


                )

            [opts] => Array
                (
                    [13] => 30
                    [78] => 30
                    [64] => 
                    [81] => 
                    [19913] => 1
                    [52] => 1
                    [68] => 5
                    [2] => 1
                    [10102] => identity
                    [10018] => Hybridauth, PHP Social Authentication Library (https://github.com/hybridauth/hybridauth)
                    [10002] => https://www.googleapis.com/oauth2/v3/userinfo?
                    [10023] => Array
                        (
                            [0] => Accept: */*
                            [1] => Cache-Control: max-age=0
                            [2] => Connection: keep-alive
                            [3] => Expect: 
                            [4] => Pragma: 
                            [5] => Authorization: Bearer ya29.a0ATi6K2tzcCDRtELfCeGumrho3CVH-ffeDSjVTUj-POazAf_--pqqc2YCoB8Y5RUsU32VLmwcjpmZmbnoMyDRMWhc-IuBIbokjHDqAkc-nTqv1lrV7nCkA8d71yyb6SPqqLwFC7SCYbZWElBAWVQd9pdTtaI_G5p5c5ezkTykwiNtbuoiExrQ5oLjRaNDJWyg0rX1RqoaCgYKAQwSARQSFQHGX2Mi2Rs-pQ6TDiLvWYJm1FTFPA0206
                        )

                    [20079] => *omitted
                )

        )

)

debug -- ::1 -- 2025-11-08T12:40:32+00:00 -- Initialize Hybridauth\Provider\Google, config: 
Array
(
    [enabled] => 1
    [keys] => Array
        (
            [id] => 523070165573-vragqgmqssr2uos6lffbugjnstj2720a.apps.googleusercontent.com
            [secret] => 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
        )

    [scope] => openid profile email https://www.googleapis.com/auth/userinfo.email https://www.googleapis.com/auth/userinfo.profile
    [debug_mode] => 1
    [debug_file] => C:\laragon\scooby-doo\UnFixed/hybridauth.log
    [callback] => http://localhost:3000/callback.php
)

info -- ::1 -- 2025-11-08T12:40:32+00:00 -- Hybridauth\Provider\Google::authenticate()
debug -- ::1 -- 2025-11-08T12:40:32+00:00 -- Hybridauth\Provider\Google::authenticateBegin(), redirecting user to:
Array
(
    [0] => https://accounts.google.com/o/oauth2/v2/auth?response_type=code&client_id=523070165573-vragqgmqssr2uos6lffbugjnstj2720a.apps.googleusercontent.com&redirect_uri=http%3A%2F%2Flocalhost%3A3000%2Fcallback.php&scope=openid+profile+email+https%3A%2F%2Fwww.googleapis.com%2Fauth%2Fuserinfo.email+https%3A%2F%2Fwww.googleapis.com%2Fauth%2Fuserinfo.profile&access_type=offline&prompt=consent&state=HA-3LABHGKISN52Z08FVDYTM9OEJ4QCU1WR6X7P
)

debug -- ::1 -- 2025-11-08T12:40:37+00:00 -- Initialize Hybridauth\Provider\Google, config: 
Array
(
    [enabled] => 1
    [keys] => Array
        (
            [id] => 523070165573-vragqgmqssr2uos6lffbugjnstj2720a.apps.googleusercontent.com
            [secret] => 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
        )

    [scope] => openid profile email https://www.googleapis.com/auth/userinfo.email https://www.googleapis.com/auth/userinfo.profile
    [debug_mode] => 1
    [debug_file] => C:\laragon\scooby-doo\UnFixed/hybridauth.log
    [callback] => http://localhost:3000/callback.php
)

info -- ::1 -- 2025-11-08T12:40:37+00:00 -- Hybridauth\Provider\Google::authenticate()
debug -- ::1 -- 2025-11-08T12:40:37+00:00 -- Hybridauth\Provider\Google::authenticateFinish(), callback url:
Array
(
    [0] => http://localhost:3000/callback.php?state=HA-3LABHGKISN52Z08FVDYTM9OEJ4QCU1WR6X7P&code=4%2F0Ab32j92WUmIZ7QrnghSgY-KpzSpnwd5pTu7WQAehjaK24dMJspPi3VXqfeB8POxJOqSeyA&scope=email+profile+https%3A%2F%2Fwww.googleapis.com%2Fauth%2Fuserinfo.profile+https%3A%2F%2Fwww.googleapis.com%2Fauth%2Fuserinfo.email+openid&authuser=0&prompt=consent
)

debug -- ::1 -- 2025-11-08T12:40:39+00:00 -- Hybridauth\HttpClient\Curl::request( https://oauth2.googleapis.com/token, POST ), response:
Array
(
    [request] => Array
        (
            [uri] => https://oauth2.googleapis.com/token
            [method] => POST
            [parameters] => Array
                (
                    [client_id] => 523070165573-vragqgmqssr2uos6lffbugjnstj2720a.apps.googleusercontent.com
                    [client_secret] => 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
                    [grant_type] => authorization_code
                    [redirect_uri] => http://localhost:3000/callback.php
                    [code] => 4/0Ab32j92WUmIZ7QrnghSgY-KpzSpnwd5pTu7WQAehjaK24dMJspPi3VXqfeB8POxJOqSeyA
                )

            [headers] => Array
                (
                    [Accept] => */*
                    [Cache-Control] => max-age=0
                    [Connection] => keep-alive
                    [Expect] => 
                    [Pragma] => 
                )

        )

    [response] => Array
        (
            [code] => 200
            [headers] => Array
                (
                    [date] => Sat, 08 Nov 2025 12:40:38 GMT
                    [expires] => Mon, 01 Jan 1990 00:00:00 GMT
                    [pragma] => no-cache
                    [cache_control] => no-cache, no-store, max-age=0, must-revalidate
                    [content_type] => application/json; charset=utf-8
                    [vary] => Origin,Accept-Encoding
                    [server] => scaffolding on HTTPServer2
                    [x_xss_protection] => 0
                    [x_frame_options] => SAMEORIGIN
                    [x_content_type_options] => nosniff
                    [alt_svc] => h3=":443"; ma=2592000,h3-29=":443"; ma=2592000
                    [accept_ranges] => none
                )

            [body] => {
  "access_token": "ya29.a0ATi6K2t74L9oaUegUaK0ntpyqcRaHstLAHHj2_GkyznC7C4MDz5qyeJVSJQ1ZtoYc_o-krRqHbtsL8SYOwO16nUStJ2E8mvr9Z0A0A0tmsIknQ7U7564SDo3ZZ1RuBQMlVPHn_5-HQEQNrmYqz8UaDxk9DEXtLc3vC80c8zAU5RSH1Q2hYkY-ICxjZWCKNl_y9zRdIIaCgYKAQsSARQSFQHGX2MiFBvHh5_SELimXIvDDuHK_A0206",
  "expires_in": 3599,
  "refresh_token": "1//0gcXtISiBnNUQCgYIARAAGBASNwF-L9IriqA5G3tepGEX7ly-EnUbEyjWbLzyPeQNaP6m1aa8sEcX8xLRgv2B0YFvwuvvPzji6FM",
  "scope": "https://www.googleapis.com/auth/userinfo.email https://www.googleapis.com/auth/userinfo.profile openid",
  "token_type": "Bearer",
  "id_token": "eyJhbGciOiJSUzI1NiIsImtpZCI6ImI1ZTQ0MGFlOTQxZTk5ODFlZTJmYTEzNzZkNDJjNDZkNzMxZGVlM2YiLCJ0eXAiOiJKV1QifQ.eyJpc3MiOiJodHRwczovL2FjY291bnRzLmdvb2dsZS5jb20iLCJhenAiOiI1MjMwNzAxNjU1NzMtdnJhZ3FnbXFzc3IydW9zNmxmZmJ1Z2puc3RqMjcyMGEuYXBwcy5nb29nbGV1c2VyY29udGVudC5jb20iLCJhdWQiOiI1MjMwNzAxNjU1NzMtdnJhZ3FnbXFzc3IydW9zNmxmZmJ1Z2puc3RqMjcyMGEuYXBwcy5nb29nbGV1c2VyY29udGVudC5jb20iLCJzdWIiOiIxMDYxMjI1OTM0ODUyMDA4MjI5ODciLCJlbWFpbCI6ImpmZXJ4aWljQGdtYWlsLmNvbSIsImVtYWlsX3ZlcmlmaWVkIjp0cnVlLCJhdF9oYXNoIjoiRFZVUnhlYTROY0ZMaFRDZGZ6akxjQSIsIm5hbWUiOiJKIEZlcnhpaWMiLCJwaWN0dXJlIjoiaHR0cHM6Ly9saDMuZ29vZ2xldXNlcmNvbnRlbnQuY29tL2EvQUNnOG9jSWo2bmVaQUxIM21OMVd2V2tmNFNqUVRvOHBGVVV2LW5xcjNrWmRRTjBlTlM4SHhSYz1zOTYtYyIsImdpdmVuX25hbWUiOiJKIiwiZmFtaWx5X25hbWUiOiJGZXJ4aWljIiwiaWF0IjoxNzYyNjA1NjM4LCJleHAiOjE3NjI2MDkyMzh9.iuOUjWSlh4SoOvK6NcCPps_Mp90Je2ETAgxfBsLV5V6-XtGzJUtfgzivSS20LBe6WVblvyqhdmG8-YvflSmto99qZbpj3dR5R0tTcWBgRHwMA0NAYIfLhqmOVCzVe0YyzMIrJm6IFb9Ogys0cQkwd4TOdqR3yQRQrFfv8fNpjM4w5Q4u1no0prSW0R3th_IxYY-pWbLOWVl7TndGNvTlBtSAh0t50YZ67zb76Fxiy2mGCv6YSkZxOokaVs_RQK-CusFgEgJ-Cake-pmczR-7E8R8XBhlhnOD7EwOQfzweRcaFKNungr9fvGcY6AHirQLOvB9Ukh_8rIkgzCYzD7nrw"
}
        )

    [client] => Array
        (
            [error] => 
            [info] => Array
                (
                    [url] => https://oauth2.googleapis.com/token
                    [content_type] => application/json; charset=utf-8
                    [http_code] => 200
                    [header_size] => 478
                    [request_size] => 313
                    [filetime] => -1
                    [ssl_verify_result] => 0
                    [redirect_count] => 0
                    [total_time] => 1.195382
                    [namelookup_time] => 0.040175
                    [connect_time] => 1.081122
                    [pretransfer_time] => 1.123579
                    [size_upload] => 301
                    [size_download] => 1724
                    [speed_download] => 1442
                    [speed_upload] => 251
                    [download_content_length] => -1
                    [upload_content_length] => 301
                    [starttransfer_time] => 1.123588
                    [redirect_time] => 0
                    [redirect_url] => 
                    [primary_ip] => 74.125.130.95
                    [certinfo] => Array
                        (
                        )

                    [primary_port] => 443
                    [local_ip] => 172.25.4.15
                    [local_port] => 44403
                    [http_version] => 3
                    [protocol] => 2
                    [ssl_verifyresult] => 0
                    [scheme] => HTTPS
                    [appconnect_time_us] => 1123437
                    [connect_time_us] => 1081122
                    [namelookup_time_us] => 40175
                    [pretransfer_time_us] => 1123579
                    [redirect_time_us] => 0
                    [starttransfer_time_us] => 1123588
                    [total_time_us] => 1195382
                    [request_header] => POST /token HTTP/2
Host: oauth2.googleapis.com
user-agent: Hybridauth, PHP Social Authentication Library (https://github.com/hybridauth/hybridauth)
accept-encoding: identity
accept: */*
cache-control: max-age=0
connection: keep-alive
content-length: 301
content-type: application/x-www-form-urlencoded


                )

            [opts] => Array
                (
                    [13] => 30
                    [78] => 30
                    [64] => 
                    [81] => 
                    [19913] => 1
                    [52] => 1
                    [68] => 5
                    [2] => 1
                    [10102] => identity
                    [10018] => Hybridauth, PHP Social Authentication Library (https://github.com/hybridauth/hybridauth)
                    [47] => 1
                    [10015] => client_id=523070165573-vragqgmqssr2uos6lffbugjnstj2720a.apps.googleusercontent.com&client_secret=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&grant_type=authorization_code&redirect_uri=http%3A%2F%2Flocalhost%3A3000%2Fcallback.php&code=4%2F0Ab32j92WUmIZ7QrnghSgY-KpzSpnwd5pTu7WQAehjaK24dMJspPi3VXqfeB8POxJOqSeyA
                    [10002] => https://oauth2.googleapis.com/token
                    [10023] => Array
                        (
                            [0] => Accept: */*
                            [1] => Cache-Control: max-age=0
                            [2] => Connection: keep-alive
                            [3] => Expect: 
                            [4] => Pragma: 
                        )

                    [20079] => *omitted
                )

        )

)

debug -- ::1 -- 2025-11-08T12:40:39+00:00 -- Hybridauth\HttpClient\Curl::request( https://www.googleapis.com/oauth2/v3/userinfo?, GET ), response:
Array
(
    [request] => Array
        (
            [uri] => https://www.googleapis.com/oauth2/v3/userinfo
            [method] => GET
            [parameters] => Array
                (
                )

            [headers] => Array
                (
                    [Accept] => */*
                    [Cache-Control] => max-age=0
                    [Connection] => keep-alive
                    [Expect] => 
                    [Pragma] => 
                    [Authorization] => Bearer ya29.a0ATi6K2t74L9oaUegUaK0ntpyqcRaHstLAHHj2_GkyznC7C4MDz5qyeJVSJQ1ZtoYc_o-krRqHbtsL8SYOwO16nUStJ2E8mvr9Z0A0A0tmsIknQ7U7564SDo3ZZ1RuBQMlVPHn_5-HQEQNrmYqz8UaDxk9DEXtLc3vC80c8zAU5RSH1Q2hYkY-ICxjZWCKNl_y9zRdIIaCgYKAQsSARQSFQHGX2MiFBvHh5_SELimXIvDDuHK_A0206
                )

        )

    [response] => Array
        (
            [code] => 200
            [headers] => Array
                (
                    [date] => Sat, 08 Nov 2025 12:40:38 GMT
                    [expires] => Mon, 01 Jan 1990 00:00:00 GMT
                    [pragma] => no-cache
                    [cache_control] => no-cache, no-store, max-age=0, must-revalidate
                    [content_type] => application/json; charset=utf-8
                    [vary] => Origin,Accept-Encoding
                    [server] => ESF
                    [x_xss_protection] => 0
                    [x_frame_options] => SAMEORIGIN
                    [x_content_type_options] => nosniff
                    [alt_svc] => h3=":443"; ma=2592000,h3-29=":443"; ma=2592000
                    [accept_ranges] => none
                )

            [body] => {
  "sub": "106122593485200822987",
  "name": "J Ferxiic",
  "given_name": "J",
  "family_name": "Ferxiic",
  "picture": "https://lh3.googleusercontent.com/a/ACg8ocIj6neZALH3mN1WvWkf4SjQTo8pFUUv-nqr3kZdQN0eNS8HxRc\u003ds96-c",
  "email": "jferxiic@gmail.com",
  "email_verified": true
}
        )

    [client] => Array
        (
            [error] => 
            [info] => Array
                (
                    [url] => https://www.googleapis.com/oauth2/v3/userinfo
                    [content_type] => application/json; charset=utf-8
                    [http_code] => 200
                    [header_size] => 455
                    [request_size] => 530
                    [filetime] => -1
                    [ssl_verify_result] => 0
                    [redirect_count] => 0
                    [total_time] => 0.120213
                    [namelookup_time] => 0.005841
                    [connect_time] => 0.032791
                    [pretransfer_time] => 0.070173
                    [size_upload] => 0
                    [size_download] => 286
                    [speed_download] => 2379
                    [speed_upload] => 0
                    [download_content_length] => -1
                    [upload_content_length] => 0
                    [starttransfer_time] => 0.120116
                    [redirect_time] => 0
                    [redirect_url] => 
                    [primary_ip] => 74.125.130.95
                    [certinfo] => Array
                        (
                        )

                    [primary_port] => 443
                    [local_ip] => 172.25.4.15
                    [local_port] => 44406
                    [http_version] => 3
                    [protocol] => 2
                    [ssl_verifyresult] => 0
                    [scheme] => HTTPS
                    [appconnect_time_us] => 70028
                    [connect_time_us] => 32791
                    [namelookup_time_us] => 5841
                    [pretransfer_time_us] => 70173
                    [redirect_time_us] => 0
                    [starttransfer_time_us] => 120116
                    [total_time_us] => 120213
                    [request_header] => GET /oauth2/v3/userinfo? HTTP/2
Host: www.googleapis.com
user-agent: Hybridauth, PHP Social Authentication Library (https://github.com/hybridauth/hybridauth)
accept-encoding: identity
accept: */*
cache-control: max-age=0
connection: keep-alive
authorization: Bearer ya29.a0ATi6K2t74L9oaUegUaK0ntpyqcRaHstLAHHj2_GkyznC7C4MDz5qyeJVSJQ1ZtoYc_o-krRqHbtsL8SYOwO16nUStJ2E8mvr9Z0A0A0tmsIknQ7U7564SDo3ZZ1RuBQMlVPHn_5-HQEQNrmYqz8UaDxk9DEXtLc3vC80c8zAU5RSH1Q2hYkY-ICxjZWCKNl_y9zRdIIaCgYKAQsSARQSFQHGX2MiFBvHh5_SELimXIvDDuHK_A0206


                )

            [opts] => Array
                (
                    [13] => 30
                    [78] => 30
                    [64] => 
                    [81] => 
                    [19913] => 1
                    [52] => 1
                    [68] => 5
                    [2] => 1
                    [10102] => identity
                    [10018] => Hybridauth, PHP Social Authentication Library (https://github.com/hybridauth/hybridauth)
                    [10002] => https://www.googleapis.com/oauth2/v3/userinfo?
                    [10023] => Array
                        (
                            [0] => Accept: */*
                            [1] => Cache-Control: max-age=0
                            [2] => Connection: keep-alive
                            [3] => Expect: 
                            [4] => Pragma: 
                            [5] => Authorization: Bearer ya29.a0ATi6K2t74L9oaUegUaK0ntpyqcRaHstLAHHj2_GkyznC7C4MDz5qyeJVSJQ1ZtoYc_o-krRqHbtsL8SYOwO16nUStJ2E8mvr9Z0A0A0tmsIknQ7U7564SDo3ZZ1RuBQMlVPHn_5-HQEQNrmYqz8UaDxk9DEXtLc3vC80c8zAU5RSH1Q2hYkY-ICxjZWCKNl_y9zRdIIaCgYKAQsSARQSFQHGX2MiFBvHh5_SELimXIvDDuHK_A0206
                        )

                    [20079] => *omitted
                )

        )

)

debug -- ::1 -- 2025-11-10T13:48:46+00:00 -- Initialize Hybridauth\Provider\Google, config: 
Array
(
    [enabled] => 1
    [keys] => Array
        (
            [id] => 523070165573-vragqgmqssr2uos6lffbugjnstj2720a.apps.googleusercontent.com
            [secret] => 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
        )

    [scope] => openid profile email https://www.googleapis.com/auth/userinfo.email https://www.googleapis.com/auth/userinfo.profile
    [debug_mode] => 1
    [debug_file] => C:\laragon\scooby-doo\UnFixed/hybridauth.log
    [callback] => http://localhost:3000/callback.php
)

info -- ::1 -- 2025-11-10T13:48:46+00:00 -- Hybridauth\Provider\Google::authenticate()
debug -- ::1 -- 2025-11-10T13:48:46+00:00 -- Hybridauth\Provider\Google::authenticateBegin(), redirecting user to:
Array
(
    [0] => https://accounts.google.com/o/oauth2/v2/auth?response_type=code&client_id=523070165573-vragqgmqssr2uos6lffbugjnstj2720a.apps.googleusercontent.com&redirect_uri=http%3A%2F%2Flocalhost%3A3000%2Fcallback.php&scope=openid+profile+email+https%3A%2F%2Fwww.googleapis.com%2Fauth%2Fuserinfo.email+https%3A%2F%2Fwww.googleapis.com%2Fauth%2Fuserinfo.profile&access_type=offline&prompt=consent&state=HA-BTY793DMKEX81N2VQ6ZUWIPGORCSHL40JAF5
)

debug -- ::1 -- 2025-11-10T13:48:52+00:00 -- Initialize Hybridauth\Provider\Google, config: 
Array
(
    [enabled] => 1
    [keys] => Array
        (
            [id] => 523070165573-vragqgmqssr2uos6lffbugjnstj2720a.apps.googleusercontent.com
            [secret] => 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
        )

    [scope] => openid profile email https://www.googleapis.com/auth/userinfo.email https://www.googleapis.com/auth/userinfo.profile
    [debug_mode] => 1
    [debug_file] => C:\laragon\scooby-doo\UnFixed/hybridauth.log
    [callback] => http://localhost:3000/callback.php
)

info -- ::1 -- 2025-11-10T13:48:52+00:00 -- Hybridauth\Provider\Google::authenticate()
debug -- ::1 -- 2025-11-10T13:48:52+00:00 -- Hybridauth\Provider\Google::authenticateFinish(), callback url:
Array
(
    [0] => http://localhost:3000/callback.php?state=HA-BTY793DMKEX81N2VQ6ZUWIPGORCSHL40JAF5&code=4%2F0Ab32j93Fgn6zWcLFgmaScN3HrBqzR-eWJD1iyPPHf6tbvktF0C63n6MqgaCY_kCVahaMFA&scope=email+profile+https%3A%2F%2Fwww.googleapis.com%2Fauth%2Fuserinfo.profile+https%3A%2F%2Fwww.googleapis.com%2Fauth%2Fuserinfo.email+openid&authuser=0&prompt=consent
)

debug -- ::1 -- 2025-11-10T13:48:52+00:00 -- Hybridauth\HttpClient\Curl::request( https://oauth2.googleapis.com/token, POST ), response:
Array
(
    [request] => Array
        (
            [uri] => https://oauth2.googleapis.com/token
            [method] => POST
            [parameters] => Array
                (
                    [client_id] => 523070165573-vragqgmqssr2uos6lffbugjnstj2720a.apps.googleusercontent.com
                    [client_secret] => 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
                    [grant_type] => authorization_code
                    [redirect_uri] => http://localhost:3000/callback.php
                    [code] => 4/0Ab32j93Fgn6zWcLFgmaScN3HrBqzR-eWJD1iyPPHf6tbvktF0C63n6MqgaCY_kCVahaMFA
                )

            [headers] => Array
                (
                    [Accept] => */*
                    [Cache-Control] => max-age=0
                    [Connection] => keep-alive
                    [Expect] => 
                    [Pragma] => 
                )

        )

    [response] => Array
        (
            [code] => 200
            [headers] => Array
                (
                    [cache_control] => no-cache, no-store, max-age=0, must-revalidate
                    [expires] => Mon, 01 Jan 1990 00:00:00 GMT
                    [date] => Mon, 10 Nov 2025 13:48:52 GMT
                    [pragma] => no-cache
                    [content_type] => application/json; charset=utf-8
                    [vary] => Origin,Accept-Encoding
                    [server] => scaffolding on HTTPServer2
                    [x_xss_protection] => 0
                    [x_frame_options] => SAMEORIGIN
                    [x_content_type_options] => nosniff
                    [alt_svc] => h3=":443"; ma=2592000,h3-29=":443"; ma=2592000
                    [accept_ranges] => none
                )

            [body] => {
  "access_token": "ya29.a0ATi6K2v8dPv0jVjR_FRlru6Rj5tr4A6g_gH2-j9_MrpYhpMB-upwISXe7APbwG5SergKamnEcaaegvKYEYdUMFXgS5h2YVZDYr1rUycftESNG-koWdNo6m1WyygVjqwXeQvAFy-lMT_7EmOEh5RrId7ejnHMKWlFmI772jf2wapNx7PuhB8gr3bG86sKnt7azEfuUbgaCgYKAVESARQSFQHGX2MiiQIV8OcWb5fF8GzoaWzwyQ0206",
  "expires_in": 3599,
  "refresh_token": "1//0gMpWKMethtnYCgYIARAAGBASNwF-L9IrRFULo5B16rjvY68Myf6di1nIhHmvnQJHxRlFYYS8_0IJWd8zwI1MGrefaODy7ltAmx8",
  "scope": "openid https://www.googleapis.com/auth/userinfo.email https://www.googleapis.com/auth/userinfo.profile",
  "token_type": "Bearer",
  "id_token": "eyJhbGciOiJSUzI1NiIsImtpZCI6IjRmZWI0NGYwZjdhN2UyN2M3YzQwMzM3OWFmZjIwYWY1YzhjZjUyZGMiLCJ0eXAiOiJKV1QifQ.eyJpc3MiOiJodHRwczovL2FjY291bnRzLmdvb2dsZS5jb20iLCJhenAiOiI1MjMwNzAxNjU1NzMtdnJhZ3FnbXFzc3IydW9zNmxmZmJ1Z2puc3RqMjcyMGEuYXBwcy5nb29nbGV1c2VyY29udGVudC5jb20iLCJhdWQiOiI1MjMwNzAxNjU1NzMtdnJhZ3FnbXFzc3IydW9zNmxmZmJ1Z2puc3RqMjcyMGEuYXBwcy5nb29nbGV1c2VyY29udGVudC5jb20iLCJzdWIiOiIxMDYxMjI1OTM0ODUyMDA4MjI5ODciLCJlbWFpbCI6ImpmZXJ4aWljQGdtYWlsLmNvbSIsImVtYWlsX3ZlcmlmaWVkIjp0cnVlLCJhdF9oYXNoIjoiSG5UWnRfM2NXYy1WTzlCQ011NGRBZyIsIm5hbWUiOiJKIEZlcnhpaWMiLCJwaWN0dXJlIjoiaHR0cHM6Ly9saDMuZ29vZ2xldXNlcmNvbnRlbnQuY29tL2EvQUNnOG9jSWo2bmVaQUxIM21OMVd2V2tmNFNqUVRvOHBGVVV2LW5xcjNrWmRRTjBlTlM4SHhSYz1zOTYtYyIsImdpdmVuX25hbWUiOiJKIiwiZmFtaWx5X25hbWUiOiJGZXJ4aWljIiwiaWF0IjoxNzYyNzgyNTMyLCJleHAiOjE3NjI3ODYxMzJ9.nJI9LlebFHLpp1Wy-rwbCXKdnRXbgdv5BXDcpWQ9MjB8GXTe-jFDjA0byT7h97-0Za16hwjljSQ6v9745PDsc9sVc-ErMPDKOrTnAnPZq0_GqTLJRbhYgRf45-i4lxgFaE3CquOoE5bFdBTgj04CsZKtU7HDhn1EBh_EQQmbNkHy6ZwO7OzfwY-3ThcFHj0G8V3K9ZQTnasO26fKeRBQWf9vq1bLivsAQmczRoBFuG_3JnoC6BsWO43cssk7E4C5QZ95Jw46DQFXm9TyTnWgjTUBDeVu4i-56ZXKUPheKZii85MujmZ9bWma6lvFX2m3n69PIKmpp-tnHv-2ksGsuA"
}
        )

    [client] => Array
        (
            [error] => 
            [info] => Array
                (
                    [url] => https://oauth2.googleapis.com/token
                    [content_type] => application/json; charset=utf-8
                    [http_code] => 200
                    [header_size] => 478
                    [request_size] => 313
                    [filetime] => -1
                    [ssl_verify_result] => 0
                    [redirect_count] => 0
                    [total_time] => 0.181642
                    [namelookup_time] => 0.02335
                    [connect_time] => 0.036128
                    [pretransfer_time] => 0.119422
                    [size_upload] => 301
                    [size_download] => 1724
                    [speed_download] => 9491
                    [speed_upload] => 1657
                    [download_content_length] => -1
                    [upload_content_length] => 301
                    [starttransfer_time] => 0.11944
                    [redirect_time] => 0
                    [redirect_url] => 
                    [primary_ip] => 172.253.118.95
                    [certinfo] => Array
                        (
                        )

                    [primary_port] => 443
                    [local_ip] => 192.168.100.13
                    [local_port] => 45924
                    [http_version] => 3
                    [protocol] => 2
                    [ssl_verifyresult] => 0
                    [scheme] => HTTPS
                    [appconnect_time_us] => 118080
                    [connect_time_us] => 36128
                    [namelookup_time_us] => 23350
                    [pretransfer_time_us] => 119422
                    [redirect_time_us] => 0
                    [starttransfer_time_us] => 119440
                    [total_time_us] => 181642
                    [request_header] => POST /token HTTP/2
Host: oauth2.googleapis.com
user-agent: Hybridauth, PHP Social Authentication Library (https://github.com/hybridauth/hybridauth)
accept-encoding: identity
accept: */*
cache-control: max-age=0
connection: keep-alive
content-length: 301
content-type: application/x-www-form-urlencoded


                )

            [opts] => Array
                (
                    [13] => 30
                    [78] => 30
                    [64] => 
                    [81] => 
                    [19913] => 1
                    [52] => 1
                    [68] => 5
                    [2] => 1
                    [10102] => identity
                    [10018] => Hybridauth, PHP Social Authentication Library (https://github.com/hybridauth/hybridauth)
                    [47] => 1
                    [10015] => client_id=523070165573-vragqgmqssr2uos6lffbugjnstj2720a.apps.googleusercontent.com&client_secret=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&grant_type=authorization_code&redirect_uri=http%3A%2F%2Flocalhost%3A3000%2Fcallback.php&code=4%2F0Ab32j93Fgn6zWcLFgmaScN3HrBqzR-eWJD1iyPPHf6tbvktF0C63n6MqgaCY_kCVahaMFA
                    [10002] => https://oauth2.googleapis.com/token
                    [10023] => Array
                        (
                            [0] => Accept: */*
                            [1] => Cache-Control: max-age=0
                            [2] => Connection: keep-alive
                            [3] => Expect: 
                            [4] => Pragma: 
                        )

                    [20079] => *omitted
                )

        )

)

debug -- ::1 -- 2025-11-10T13:48:52+00:00 -- Hybridauth\HttpClient\Curl::request( https://www.googleapis.com/oauth2/v3/userinfo?, GET ), response:
Array
(
    [request] => Array
        (
            [uri] => https://www.googleapis.com/oauth2/v3/userinfo
            [method] => GET
            [parameters] => Array
                (
                )

            [headers] => Array
                (
                    [Accept] => */*
                    [Cache-Control] => max-age=0
                    [Connection] => keep-alive
                    [Expect] => 
                    [Pragma] => 
                    [Authorization] => Bearer ya29.a0ATi6K2v8dPv0jVjR_FRlru6Rj5tr4A6g_gH2-j9_MrpYhpMB-upwISXe7APbwG5SergKamnEcaaegvKYEYdUMFXgS5h2YVZDYr1rUycftESNG-koWdNo6m1WyygVjqwXeQvAFy-lMT_7EmOEh5RrId7ejnHMKWlFmI772jf2wapNx7PuhB8gr3bG86sKnt7azEfuUbgaCgYKAVESARQSFQHGX2MiiQIV8OcWb5fF8GzoaWzwyQ0206
                )

        )

    [response] => Array
        (
            [code] => 200
            [headers] => Array
                (
                    [cache_control] => no-cache, no-store, max-age=0, must-revalidate
                    [expires] => Mon, 01 Jan 1990 00:00:00 GMT
                    [date] => Mon, 10 Nov 2025 13:48:52 GMT
                    [pragma] => no-cache
                    [content_type] => application/json; charset=utf-8
                    [vary] => Origin,Accept-Encoding
                    [server] => ESF
                    [x_xss_protection] => 0
                    [x_frame_options] => SAMEORIGIN
                    [x_content_type_options] => nosniff
                    [alt_svc] => h3=":443"; ma=2592000,h3-29=":443"; ma=2592000
                    [accept_ranges] => none
                )

            [body] => {
  "sub": "106122593485200822987",
  "name": "J Ferxiic",
  "given_name": "J",
  "family_name": "Ferxiic",
  "picture": "https://lh3.googleusercontent.com/a/ACg8ocIj6neZALH3mN1WvWkf4SjQTo8pFUUv-nqr3kZdQN0eNS8HxRc\u003ds96-c",
  "email": "jferxiic@gmail.com",
  "email_verified": true
}
        )

    [client] => Array
        (
            [error] => 
            [info] => Array
                (
                    [url] => https://www.googleapis.com/oauth2/v3/userinfo
                    [content_type] => application/json; charset=utf-8
                    [http_code] => 200
                    [header_size] => 455
                    [request_size] => 530
                    [filetime] => -1
                    [ssl_verify_result] => 0
                    [redirect_count] => 0
                    [total_time] => 0.129377
                    [namelookup_time] => 0.013048
                    [connect_time] => 0.036739
                    [pretransfer_time] => 0.080292
                    [size_upload] => 0
                    [size_download] => 286
                    [speed_download] => 2210
                    [speed_upload] => 0
                    [download_content_length] => -1
                    [upload_content_length] => 0
                    [starttransfer_time] => 0.129251
                    [redirect_time] => 0
                    [redirect_url] => 
                    [primary_ip] => 172.217.194.95
                    [certinfo] => Array
                        (
                        )

                    [primary_port] => 443
                    [local_ip] => 192.168.100.13
                    [local_port] => 45927
                    [http_version] => 3
                    [protocol] => 2
                    [ssl_verifyresult] => 0
                    [scheme] => HTTPS
                    [appconnect_time_us] => 80035
                    [connect_time_us] => 36739
                    [namelookup_time_us] => 13048
                    [pretransfer_time_us] => 80292
                    [redirect_time_us] => 0
                    [starttransfer_time_us] => 129251
                    [total_time_us] => 129377
                    [request_header] => GET /oauth2/v3/userinfo? HTTP/2
Host: www.googleapis.com
user-agent: Hybridauth, PHP Social Authentication Library (https://github.com/hybridauth/hybridauth)
accept-encoding: identity
accept: */*
cache-control: max-age=0
connection: keep-alive
authorization: Bearer ya29.a0ATi6K2v8dPv0jVjR_FRlru6Rj5tr4A6g_gH2-j9_MrpYhpMB-upwISXe7APbwG5SergKamnEcaaegvKYEYdUMFXgS5h2YVZDYr1rUycftESNG-koWdNo6m1WyygVjqwXeQvAFy-lMT_7EmOEh5RrId7ejnHMKWlFmI772jf2wapNx7PuhB8gr3bG86sKnt7azEfuUbgaCgYKAVESARQSFQHGX2MiiQIV8OcWb5fF8GzoaWzwyQ0206


                )

            [opts] => Array
                (
                    [13] => 30
                    [78] => 30
                    [64] => 
                    [81] => 
                    [19913] => 1
                    [52] => 1
                    [68] => 5
                    [2] => 1
                    [10102] => identity
                    [10018] => Hybridauth, PHP Social Authentication Library (https://github.com/hybridauth/hybridauth)
                    [10002] => https://www.googleapis.com/oauth2/v3/userinfo?
                    [10023] => Array
                        (
                            [0] => Accept: */*
                            [1] => Cache-Control: max-age=0
                            [2] => Connection: keep-alive
                            [3] => Expect: 
                            [4] => Pragma: 
                            [5] => Authorization: Bearer ya29.a0ATi6K2v8dPv0jVjR_FRlru6Rj5tr4A6g_gH2-j9_MrpYhpMB-upwISXe7APbwG5SergKamnEcaaegvKYEYdUMFXgS5h2YVZDYr1rUycftESNG-koWdNo6m1WyygVjqwXeQvAFy-lMT_7EmOEh5RrId7ejnHMKWlFmI772jf2wapNx7PuhB8gr3bG86sKnt7azEfuUbgaCgYKAVESARQSFQHGX2MiiQIV8OcWb5fF8GzoaWzwyQ0206
                        )

                    [20079] => *omitted
                )

        )

)

debug -- ::1 -- 2025-11-10T14:43:52+00:00 -- Initialize Hybridauth\Provider\Google, config: 
Array
(
    [enabled] => 1
    [keys] => Array
        (
            [id] => 523070165573-vragqgmqssr2uos6lffbugjnstj2720a.apps.googleusercontent.com
            [secret] => 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
        )

    [scope] => openid profile email https://www.googleapis.com/auth/userinfo.email https://www.googleapis.com/auth/userinfo.profile
    [debug_mode] => 1
    [debug_file] => C:\laragon\scooby-doo\UnFixed/hybridauth.log
    [callback] => http://localhost:3000/callback.php
)

info -- ::1 -- 2025-11-10T14:43:52+00:00 -- Hybridauth\Provider\Google::authenticate()
debug -- ::1 -- 2025-11-10T14:43:52+00:00 -- Hybridauth\Provider\Google::authenticateBegin(), redirecting user to:
Array
(
    [0] => https://accounts.google.com/o/oauth2/v2/auth?response_type=code&client_id=523070165573-vragqgmqssr2uos6lffbugjnstj2720a.apps.googleusercontent.com&redirect_uri=http%3A%2F%2Flocalhost%3A3000%2Fcallback.php&scope=openid+profile+email+https%3A%2F%2Fwww.googleapis.com%2Fauth%2Fuserinfo.email+https%3A%2F%2Fwww.googleapis.com%2Fauth%2Fuserinfo.profile&access_type=offline&prompt=consent&state=HA-F9ZDXJ5YI84CMULBN3EHW1PK0AGRSTQ6V7O2
)

debug -- ::1 -- 2025-11-10T14:52:10+00:00 -- Initialize Hybridauth\Provider\Google, config: 
Array
(
    [enabled] => 1
    [keys] => Array
        (
            [id] => 523070165573-vragqgmqssr2uos6lffbugjnstj2720a.apps.googleusercontent.com
            [secret] => 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
        )

    [scope] => openid profile email https://www.googleapis.com/auth/userinfo.email https://www.googleapis.com/auth/userinfo.profile
    [debug_mode] => 1
    [debug_file] => C:\laragon\scooby-doo\UnFixed/hybridauth.log
    [callback] => http://localhost:3000/callback.php
)

info -- ::1 -- 2025-11-10T14:52:10+00:00 -- Hybridauth\Provider\Google::authenticate()
debug -- ::1 -- 2025-11-10T14:52:10+00:00 -- Hybridauth\Provider\Google::authenticateBegin(), redirecting user to:
Array
(
    [0] => https://accounts.google.com/o/oauth2/v2/auth?response_type=code&client_id=523070165573-vragqgmqssr2uos6lffbugjnstj2720a.apps.googleusercontent.com&redirect_uri=http%3A%2F%2Flocalhost%3A3000%2Fcallback.php&scope=openid+profile+email+https%3A%2F%2Fwww.googleapis.com%2Fauth%2Fuserinfo.email+https%3A%2F%2Fwww.googleapis.com%2Fauth%2Fuserinfo.profile&access_type=offline&prompt=consent&state=HA-JOMFX5Z98BT2Q3HPVG7US0NR6CYAED1LIKW4
)

debug -- ::1 -- 2025-11-10T14:52:15+00:00 -- Initialize Hybridauth\Provider\Google, config: 
Array
(
    [enabled] => 1
    [keys] => Array
        (
            [id] => 523070165573-vragqgmqssr2uos6lffbugjnstj2720a.apps.googleusercontent.com
            [secret] => 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
        )

    [scope] => openid profile email https://www.googleapis.com/auth/userinfo.email https://www.googleapis.com/auth/userinfo.profile
    [debug_mode] => 1
    [debug_file] => C:\laragon\scooby-doo\UnFixed/hybridauth.log
    [callback] => http://localhost:3000/callback.php
)

info -- ::1 -- 2025-11-10T14:52:15+00:00 -- Hybridauth\Provider\Google::authenticate()
debug -- ::1 -- 2025-11-10T14:52:15+00:00 -- Hybridauth\Provider\Google::authenticateFinish(), callback url:
Array
(
    [0] => http://localhost:3000/callback.php?state=HA-JOMFX5Z98BT2Q3HPVG7US0NR6CYAED1LIKW4&code=4%2F0Ab32j91P1yh_-ko_ZuaEPUrpz0a-gvbwHCjV-vvMbiIh85eYxOvvFfSFcnccey_DiSCI1g&scope=email+profile+https%3A%2F%2Fwww.googleapis.com%2Fauth%2Fuserinfo.profile+https%3A%2F%2Fwww.googleapis.com%2Fauth%2Fuserinfo.email+openid&authuser=0&prompt=consent
)

debug -- ::1 -- 2025-11-10T14:52:16+00:00 -- Hybridauth\HttpClient\Curl::request( https://oauth2.googleapis.com/token, POST ), response:
Array
(
    [request] => Array
        (
            [uri] => https://oauth2.googleapis.com/token
            [method] => POST
            [parameters] => Array
                (
                    [client_id] => 523070165573-vragqgmqssr2uos6lffbugjnstj2720a.apps.googleusercontent.com
                    [client_secret] => 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
                    [grant_type] => authorization_code
                    [redirect_uri] => http://localhost:3000/callback.php
                    [code] => 4/0Ab32j91P1yh_-ko_ZuaEPUrpz0a-gvbwHCjV-vvMbiIh85eYxOvvFfSFcnccey_DiSCI1g
                )

            [headers] => Array
                (
                    [Accept] => */*
                    [Cache-Control] => max-age=0
                    [Connection] => keep-alive
                    [Expect] => 
                    [Pragma] => 
                )

        )

    [response] => Array
        (
            [code] => 200
            [headers] => Array
                (
                    [pragma] => no-cache
                    [date] => Mon, 10 Nov 2025 14:52:16 GMT
                    [cache_control] => no-cache, no-store, max-age=0, must-revalidate
                    [expires] => Mon, 01 Jan 1990 00:00:00 GMT
                    [content_type] => application/json; charset=utf-8
                    [vary] => Origin,Accept-Encoding
                    [server] => scaffolding on HTTPServer2
                    [x_xss_protection] => 0
                    [x_frame_options] => SAMEORIGIN
                    [x_content_type_options] => nosniff
                    [alt_svc] => h3=":443"; ma=2592000,h3-29=":443"; ma=2592000
                    [accept_ranges] => none
                )

            [body] => {
  "access_token": "ya29.a0ATi6K2vT1U7IJ1i0vzNNmVotbpFm2Zsl1jEj3Pb4QQQHvHqC07EKYgc0QkGilI0_JL1rP9cm89gNRL9dLB-3FnpxWP7kBlvgbFKYbbMGGJX6Tiknk-w7YOBPmrNfdUKX-Q9X3SV5zcb6TK4YgDSnnc1jj85sDcYvfLGh2B9YFw3_4KPQ6HLLq50m707_uHD8cMLFZzEaCgYKAeoSARQSFQHGX2MiWpFoQBBCNk86smrt76tcyg0206",
  "expires_in": 3599,
  "refresh_token": "1//0gRY5B0gkhrFzCgYIARAAGBASNwF-L9IrPiDzBvOVHgzY9_WVycPBv38SH9mIiUalJycy0nUVXt1VodOI7MQhEX5XVImkAD0OQIs",
  "scope": "https://www.googleapis.com/auth/userinfo.email https://www.googleapis.com/auth/userinfo.profile openid",
  "token_type": "Bearer",
  "id_token": "eyJhbGciOiJSUzI1NiIsImtpZCI6IjRmZWI0NGYwZjdhN2UyN2M3YzQwMzM3OWFmZjIwYWY1YzhjZjUyZGMiLCJ0eXAiOiJKV1QifQ.eyJpc3MiOiJodHRwczovL2FjY291bnRzLmdvb2dsZS5jb20iLCJhenAiOiI1MjMwNzAxNjU1NzMtdnJhZ3FnbXFzc3IydW9zNmxmZmJ1Z2puc3RqMjcyMGEuYXBwcy5nb29nbGV1c2VyY29udGVudC5jb20iLCJhdWQiOiI1MjMwNzAxNjU1NzMtdnJhZ3FnbXFzc3IydW9zNmxmZmJ1Z2puc3RqMjcyMGEuYXBwcy5nb29nbGV1c2VyY29udGVudC5jb20iLCJzdWIiOiIxMDYxMjI1OTM0ODUyMDA4MjI5ODciLCJlbWFpbCI6ImpmZXJ4aWljQGdtYWlsLmNvbSIsImVtYWlsX3ZlcmlmaWVkIjp0cnVlLCJhdF9oYXNoIjoiUzNndGw1MGgteE9nM2lXQnhNWnRmUSIsIm5hbWUiOiJKIEZlcnhpaWMiLCJwaWN0dXJlIjoiaHR0cHM6Ly9saDMuZ29vZ2xldXNlcmNvbnRlbnQuY29tL2EvQUNnOG9jSWo2bmVaQUxIM21OMVd2V2tmNFNqUVRvOHBGVVV2LW5xcjNrWmRRTjBlTlM4SHhSYz1zOTYtYyIsImdpdmVuX25hbWUiOiJKIiwiZmFtaWx5X25hbWUiOiJGZXJ4aWljIiwiaWF0IjoxNzYyNzg2MzM2LCJleHAiOjE3NjI3ODk5MzZ9.pfj8mFbAyudA8XdZvezlwa24EsKB9133MwaudAgrOycbwYPP-GmbWhr6wyTBjrk6NglkVbf8ZukuLKNJ2Dj8ouFstOr3ROqGfARkUQzjh478-VXu5TPD8HuDm3JqH3QK3cB1E-Pfu_5CDFdSOOBXle-XOoYZUh_4FrBWPNUyo_OztS1AYv2x1bjOvgGbVwlZ4_fDqG0omLXn9CepIFrWKcTanyD9zbkZhOKcY0stDQFS0Z6EEvMxPYgaYyfdMQguuudt4xTg1UwjWoQD5J_H2EgA7oCFGg5VhwSiixQYwLErBy-BD2N5zVH6Ga4bblkjIrYeRbkJ3df-mn569kZ8SQ"
}
        )

    [client] => Array
        (
            [error] => 
            [info] => Array
                (
                    [url] => https://oauth2.googleapis.com/token
                    [content_type] => application/json; charset=utf-8
                    [http_code] => 200
                    [header_size] => 478
                    [request_size] => 313
                    [filetime] => -1
                    [ssl_verify_result] => 0
                    [redirect_count] => 0
                    [total_time] => 0.425293
                    [namelookup_time] => 0.017746
                    [connect_time] => 0.04855
                    [pretransfer_time] => 0.100837
                    [size_upload] => 301
                    [size_download] => 1724
                    [speed_download] => 4053
                    [speed_upload] => 707
                    [download_content_length] => -1
                    [upload_content_length] => 301
                    [starttransfer_time] => 0.100852
                    [redirect_time] => 0
                    [redirect_url] => 
                    [primary_ip] => 74.125.68.95
                    [certinfo] => Array
                        (
                        )

                    [primary_port] => 443
                    [local_ip] => 192.168.100.13
                    [local_port] => 14426
                    [http_version] => 3
                    [protocol] => 2
                    [ssl_verifyresult] => 0
                    [scheme] => HTTPS
                    [appconnect_time_us] => 100514
                    [connect_time_us] => 48550
                    [namelookup_time_us] => 17746
                    [pretransfer_time_us] => 100837
                    [redirect_time_us] => 0
                    [starttransfer_time_us] => 100852
                    [total_time_us] => 425293
                    [request_header] => POST /token HTTP/2
Host: oauth2.googleapis.com
user-agent: Hybridauth, PHP Social Authentication Library (https://github.com/hybridauth/hybridauth)
accept-encoding: identity
accept: */*
cache-control: max-age=0
connection: keep-alive
content-length: 301
content-type: application/x-www-form-urlencoded


                )

            [opts] => Array
                (
                    [13] => 30
                    [78] => 30
                    [64] => 
                    [81] => 
                    [19913] => 1
                    [52] => 1
                    [68] => 5
                    [2] => 1
                    [10102] => identity
                    [10018] => Hybridauth, PHP Social Authentication Library (https://github.com/hybridauth/hybridauth)
                    [47] => 1
                    [10015] => client_id=523070165573-vragqgmqssr2uos6lffbugjnstj2720a.apps.googleusercontent.com&client_secret=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&grant_type=authorization_code&redirect_uri=http%3A%2F%2Flocalhost%3A3000%2Fcallback.php&code=4%2F0Ab32j91P1yh_-ko_ZuaEPUrpz0a-gvbwHCjV-vvMbiIh85eYxOvvFfSFcnccey_DiSCI1g
                    [10002] => https://oauth2.googleapis.com/token
                    [10023] => Array
                        (
                            [0] => Accept: */*
                            [1] => Cache-Control: max-age=0
                            [2] => Connection: keep-alive
                            [3] => Expect: 
                            [4] => Pragma: 
                        )

                    [20079] => *omitted
                )

        )

)

debug -- ::1 -- 2025-11-10T14:52:16+00:00 -- Hybridauth\HttpClient\Curl::request( https://www.googleapis.com/oauth2/v3/userinfo?, GET ), response:
Array
(
    [request] => Array
        (
            [uri] => https://www.googleapis.com/oauth2/v3/userinfo
            [method] => GET
            [parameters] => Array
                (
                )

            [headers] => Array
                (
                    [Accept] => */*
                    [Cache-Control] => max-age=0
                    [Connection] => keep-alive
                    [Expect] => 
                    [Pragma] => 
                    [Authorization] => Bearer ya29.a0ATi6K2vT1U7IJ1i0vzNNmVotbpFm2Zsl1jEj3Pb4QQQHvHqC07EKYgc0QkGilI0_JL1rP9cm89gNRL9dLB-3FnpxWP7kBlvgbFKYbbMGGJX6Tiknk-w7YOBPmrNfdUKX-Q9X3SV5zcb6TK4YgDSnnc1jj85sDcYvfLGh2B9YFw3_4KPQ6HLLq50m707_uHD8cMLFZzEaCgYKAeoSARQSFQHGX2MiWpFoQBBCNk86smrt76tcyg0206
                )

        )

    [response] => Array
        (
            [code] => 200
            [headers] => Array
                (
                    [pragma] => no-cache
                    [date] => Mon, 10 Nov 2025 14:52:16 GMT
                    [cache_control] => no-cache, no-store, max-age=0, must-revalidate
                    [expires] => Mon, 01 Jan 1990 00:00:00 GMT
                    [content_type] => application/json; charset=utf-8
                    [vary] => Origin,Accept-Encoding
                    [server] => ESF
                    [x_xss_protection] => 0
                    [x_frame_options] => SAMEORIGIN
                    [x_content_type_options] => nosniff
                    [alt_svc] => h3=":443"; ma=2592000,h3-29=":443"; ma=2592000
                    [accept_ranges] => none
                )

            [body] => {
  "sub": "106122593485200822987",
  "name": "J Ferxiic",
  "given_name": "J",
  "family_name": "Ferxiic",
  "picture": "https://lh3.googleusercontent.com/a/ACg8ocIj6neZALH3mN1WvWkf4SjQTo8pFUUv-nqr3kZdQN0eNS8HxRc\u003ds96-c",
  "email": "jferxiic@gmail.com",
  "email_verified": true
}
        )

    [client] => Array
        (
            [error] => 
            [info] => Array
                (
                    [url] => https://www.googleapis.com/oauth2/v3/userinfo
                    [content_type] => application/json; charset=utf-8
                    [http_code] => 200
                    [header_size] => 455
                    [request_size] => 530
                    [filetime] => -1
                    [ssl_verify_result] => 0
                    [redirect_count] => 0
                    [total_time] => 0.111075
                    [namelookup_time] => 0.017488
                    [connect_time] => 0.034237
                    [pretransfer_time] => 0.072463
                    [size_upload] => 0
                    [size_download] => 286
                    [speed_download] => 2574
                    [speed_upload] => 0
                    [download_content_length] => -1
                    [upload_content_length] => 0
                    [starttransfer_time] => 0.110878
                    [redirect_time] => 0
                    [redirect_url] => 
                    [primary_ip] => 74.125.200.95
                    [certinfo] => Array
                        (
                        )

                    [primary_port] => 443
                    [local_ip] => 192.168.100.13
                    [local_port] => 14429
                    [http_version] => 3
                    [protocol] => 2
                    [ssl_verifyresult] => 0
                    [scheme] => HTTPS
                    [appconnect_time_us] => 72149
                    [connect_time_us] => 34237
                    [namelookup_time_us] => 17488
                    [pretransfer_time_us] => 72463
                    [redirect_time_us] => 0
                    [starttransfer_time_us] => 110878
                    [total_time_us] => 111075
                    [request_header] => GET /oauth2/v3/userinfo? HTTP/2
Host: www.googleapis.com
user-agent: Hybridauth, PHP Social Authentication Library (https://github.com/hybridauth/hybridauth)
accept-encoding: identity
accept: */*
cache-control: max-age=0
connection: keep-alive
authorization: Bearer ya29.a0ATi6K2vT1U7IJ1i0vzNNmVotbpFm2Zsl1jEj3Pb4QQQHvHqC07EKYgc0QkGilI0_JL1rP9cm89gNRL9dLB-3FnpxWP7kBlvgbFKYbbMGGJX6Tiknk-w7YOBPmrNfdUKX-Q9X3SV5zcb6TK4YgDSnnc1jj85sDcYvfLGh2B9YFw3_4KPQ6HLLq50m707_uHD8cMLFZzEaCgYKAeoSARQSFQHGX2MiWpFoQBBCNk86smrt76tcyg0206


                )

            [opts] => Array
                (
                    [13] => 30
                    [78] => 30
                    [64] => 
                    [81] => 
                    [19913] => 1
                    [52] => 1
                    [68] => 5
                    [2] => 1
                    [10102] => identity
                    [10018] => Hybridauth, PHP Social Authentication Library (https://github.com/hybridauth/hybridauth)
                    [10002] => https://www.googleapis.com/oauth2/v3/userinfo?
                    [10023] => Array
                        (
                            [0] => Accept: */*
                            [1] => Cache-Control: max-age=0
                            [2] => Connection: keep-alive
                            [3] => Expect: 
                            [4] => Pragma: 
                            [5] => Authorization: Bearer ya29.a0ATi6K2vT1U7IJ1i0vzNNmVotbpFm2Zsl1jEj3Pb4QQQHvHqC07EKYgc0QkGilI0_JL1rP9cm89gNRL9dLB-3FnpxWP7kBlvgbFKYbbMGGJX6Tiknk-w7YOBPmrNfdUKX-Q9X3SV5zcb6TK4YgDSnnc1jj85sDcYvfLGh2B9YFw3_4KPQ6HLLq50m707_uHD8cMLFZzEaCgYKAeoSARQSFQHGX2MiWpFoQBBCNk86smrt76tcyg0206
                        )

                    [20079] => *omitted
                )

        )

)

debug -- ::1 -- 2025-11-11T00:29:20+00:00 -- Initialize Hybridauth\Provider\Google, config: 
Array
(
    [enabled] => 1
    [keys] => Array
        (
            [id] => 523070165573-vragqgmqssr2uos6lffbugjnstj2720a.apps.googleusercontent.com
            [secret] => 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
        )

    [scope] => openid profile email https://www.googleapis.com/auth/userinfo.email https://www.googleapis.com/auth/userinfo.profile
    [debug_mode] => 1
    [debug_file] => C:\laragon\scooby-doo\UnFixed/hybridauth.log
    [callback] => http://localhost:3000/callback.php
)

info -- ::1 -- 2025-11-11T00:29:20+00:00 -- Hybridauth\Provider\Google::authenticate()
debug -- ::1 -- 2025-11-11T00:29:20+00:00 -- Hybridauth\Provider\Google::authenticateBegin(), redirecting user to:
Array
(
    [0] => https://accounts.google.com/o/oauth2/v2/auth?response_type=code&client_id=523070165573-vragqgmqssr2uos6lffbugjnstj2720a.apps.googleusercontent.com&redirect_uri=http%3A%2F%2Flocalhost%3A3000%2Fcallback.php&scope=openid+profile+email+https%3A%2F%2Fwww.googleapis.com%2Fauth%2Fuserinfo.email+https%3A%2F%2Fwww.googleapis.com%2Fauth%2Fuserinfo.profile&access_type=offline&prompt=consent&state=HA-NM29QGBFTKWCJHD1SAO35U6R4EL8ZYVIXP70
)

debug -- ::1 -- 2025-11-11T00:36:00+00:00 -- Initialize Hybridauth\Provider\Google, config: 
Array
(
    [enabled] => 1
    [keys] => Array
        (
            [id] => 523070165573-vragqgmqssr2uos6lffbugjnstj2720a.apps.googleusercontent.com
            [secret] => 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
        )

    [scope] => openid profile email https://www.googleapis.com/auth/userinfo.email https://www.googleapis.com/auth/userinfo.profile
    [debug_mode] => 1
    [debug_file] => C:\laragon\scooby-doo\UnFixed/hybridauth.log
    [callback] => http://localhost:3000/callback.php
)

info -- ::1 -- 2025-11-11T00:36:00+00:00 -- Hybridauth\Provider\Google::authenticate()
debug -- ::1 -- 2025-11-11T00:36:00+00:00 -- Hybridauth\Provider\Google::authenticateBegin(), redirecting user to:
Array
(
    [0] => https://accounts.google.com/o/oauth2/v2/auth?response_type=code&client_id=523070165573-vragqgmqssr2uos6lffbugjnstj2720a.apps.googleusercontent.com&redirect_uri=http%3A%2F%2Flocalhost%3A3000%2Fcallback.php&scope=openid+profile+email+https%3A%2F%2Fwww.googleapis.com%2Fauth%2Fuserinfo.email+https%3A%2F%2Fwww.googleapis.com%2Fauth%2Fuserinfo.profile&access_type=offline&prompt=consent&state=HA-SPMGN7Q8WHZV06KXR2ELCY1D39OIBAU4T5FJ
)

debug -- ::1 -- 2025-11-12T01:35:13+00:00 -- Initialize Hybridauth\Provider\Google, config: 
Array
(
    [enabled] => 1
    [keys] => Array
        (
            [id] => 523070165573-vragqgmqssr2uos6lffbugjnstj2720a.apps.googleusercontent.com
            [secret] => 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
        )

    [scope] => openid profile email https://www.googleapis.com/auth/userinfo.email https://www.googleapis.com/auth/userinfo.profile
    [debug_mode] => 1
    [debug_file] => C:\laragon\scooby-doo\UnFixed/hybridauth.log
    [callback] => http://localhost:3000/callback.php
)

info -- ::1 -- 2025-11-12T01:35:13+00:00 -- Hybridauth\Provider\Google::authenticate()
debug -- ::1 -- 2025-11-12T01:35:13+00:00 -- Hybridauth\Provider\Google::authenticateBegin(), redirecting user to:
Array
(
    [0] => https://accounts.google.com/o/oauth2/v2/auth?response_type=code&client_id=523070165573-vragqgmqssr2uos6lffbugjnstj2720a.apps.googleusercontent.com&redirect_uri=http%3A%2F%2Flocalhost%3A3000%2Fcallback.php&scope=openid+profile+email+https%3A%2F%2Fwww.googleapis.com%2Fauth%2Fuserinfo.email+https%3A%2F%2Fwww.googleapis.com%2Fauth%2Fuserinfo.profile&access_type=offline&prompt=consent&state=HA-MO9PXS2R8CBIY73NJF40DUZAG1L5HWQEKT6V
)

debug -- ::1 -- 2025-11-16T12:09:36+00:00 -- Initialize Hybridauth\Provider\Google, config: 
Array
(
    [enabled] => 1
    [keys] => Array
        (
            [id] => 523070165573-vragqgmqssr2uos6lffbugjnstj2720a.apps.googleusercontent.com
            [secret] => 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
        )

    [scope] => openid profile email https://www.googleapis.com/auth/userinfo.email https://www.googleapis.com/auth/userinfo.profile
    [debug_mode] => 1
    [debug_file] => C:\laragon\scooby-doo\UnFixed/hybridauth.log
    [callback] => http://localhost:3000/callback.php
)

info -- ::1 -- 2025-11-16T12:09:36+00:00 -- Hybridauth\Provider\Google::authenticate()
debug -- ::1 -- 2025-11-16T12:09:36+00:00 -- Hybridauth\Provider\Google::authenticateBegin(), redirecting user to:
Array
(
    [0] => https://accounts.google.com/o/oauth2/v2/auth?response_type=code&client_id=523070165573-vragqgmqssr2uos6lffbugjnstj2720a.apps.googleusercontent.com&redirect_uri=http%3A%2F%2Flocalhost%3A3000%2Fcallback.php&scope=openid+profile+email+https%3A%2F%2Fwww.googleapis.com%2Fauth%2Fuserinfo.email+https%3A%2F%2Fwww.googleapis.com%2Fauth%2Fuserinfo.profile&access_type=offline&prompt=consent&state=HA-M2EB3VN9LQOUW76Y0ZDHTCAFGR8X5KS41IJP
)

debug -- ::1 -- 2025-11-16T12:10:18+00:00 -- Initialize Hybridauth\Provider\Google, config: 
Array
(
    [enabled] => 1
    [keys] => Array
        (
            [id] => 523070165573-vragqgmqssr2uos6lffbugjnstj2720a.apps.googleusercontent.com
            [secret] => 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
        )

    [scope] => openid profile email https://www.googleapis.com/auth/userinfo.email https://www.googleapis.com/auth/userinfo.profile
    [debug_mode] => 1
    [debug_file] => C:\laragon\scooby-doo\UnFixed/hybridauth.log
    [callback] => http://localhost:3000/callback.php
)

info -- ::1 -- 2025-11-16T12:10:18+00:00 -- Hybridauth\Provider\Google::authenticate()
debug -- ::1 -- 2025-11-16T12:10:18+00:00 -- Hybridauth\Provider\Google::authenticateFinish(), callback url:
Array
(
    [0] => http://localhost:3000/callback.php?state=HA-M2EB3VN9LQOUW76Y0ZDHTCAFGR8X5KS41IJP&code=4%2F0Ab32j92QdMW2rfLRbRJDTSHmf8zMqeYCeMrf1MGdAi2ad8rxbzCwqIOVN5QzIlVJ9C8zfg&scope=email+profile+https%3A%2F%2Fwww.googleapis.com%2Fauth%2Fuserinfo.profile+https%3A%2F%2Fwww.googleapis.com%2Fauth%2Fuserinfo.email+openid&authuser=0&prompt=consent
)

debug -- ::1 -- 2025-11-16T12:10:19+00:00 -- Hybridauth\HttpClient\Curl::request( https://oauth2.googleapis.com/token, POST ), response:
Array
(
    [request] => Array
        (
            [uri] => https://oauth2.googleapis.com/token
            [method] => POST
            [parameters] => Array
                (
                    [client_id] => 523070165573-vragqgmqssr2uos6lffbugjnstj2720a.apps.googleusercontent.com
                    [client_secret] => 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
                    [grant_type] => authorization_code
                    [redirect_uri] => http://localhost:3000/callback.php
                    [code] => 4/0Ab32j92QdMW2rfLRbRJDTSHmf8zMqeYCeMrf1MGdAi2ad8rxbzCwqIOVN5QzIlVJ9C8zfg
                )

            [headers] => Array
                (
                    [Accept] => */*
                    [Cache-Control] => max-age=0
                    [Connection] => keep-alive
                    [Expect] => 
                    [Pragma] => 
                )

        )

    [response] => Array
        (
            [code] => 200
            [headers] => Array
                (
                    [expires] => Mon, 01 Jan 1990 00:00:00 GMT
                    [cache_control] => no-cache, no-store, max-age=0, must-revalidate
                    [date] => Sun, 16 Nov 2025 12:10:19 GMT
                    [pragma] => no-cache
                    [content_type] => application/json; charset=utf-8
                    [vary] => Origin,Accept-Encoding
                    [server] => scaffolding on HTTPServer2
                    [x_xss_protection] => 0
                    [x_frame_options] => SAMEORIGIN
                    [x_content_type_options] => nosniff
                    [alt_svc] => h3=":443"; ma=2592000,h3-29=":443"; ma=2592000
                    [accept_ranges] => none
                )

            [body] => {
  "access_token": "ya29.a0ATi6K2uqOYXCAfx23OYllIy8LHGUAxX7M5-NoGv9SC8kDfc7kSnhvl9etUvgH2ApxJkIi5fN3QT01wSe0YRV9zvljXAvY0OUVN2zYJ-LW94iJiVKdZ-GVct3VwOGsitSdJ1km6UTWUPfYuooIz85qCT47Q6InHimNdUgs3nsMOlKy0d4GYmrj18lXYlSikCwOHSwAAIaCgYKAScSARQSFQHGX2MiJKtZpBhlIO_yNYaNSXVD1g0206",
  "expires_in": 3599,
  "refresh_token": "1//0ghGhs9D92GRTCgYIARAAGBASNwF-L9IrL7LT_MCbmwJzcFbChY-5Soh_mrCAjgMdW70kbp19z9JFeSphc9D8PEjhC6inRNJC_Lg",
  "scope": "openid https://www.googleapis.com/auth/userinfo.profile https://www.googleapis.com/auth/userinfo.email",
  "token_type": "Bearer",
  "id_token": "eyJhbGciOiJSUzI1NiIsImtpZCI6IjRmZWI0NGYwZjdhN2UyN2M3YzQwMzM3OWFmZjIwYWY1YzhjZjUyZGMiLCJ0eXAiOiJKV1QifQ.eyJpc3MiOiJodHRwczovL2FjY291bnRzLmdvb2dsZS5jb20iLCJhenAiOiI1MjMwNzAxNjU1NzMtdnJhZ3FnbXFzc3IydW9zNmxmZmJ1Z2puc3RqMjcyMGEuYXBwcy5nb29nbGV1c2VyY29udGVudC5jb20iLCJhdWQiOiI1MjMwNzAxNjU1NzMtdnJhZ3FnbXFzc3IydW9zNmxmZmJ1Z2puc3RqMjcyMGEuYXBwcy5nb29nbGV1c2VyY29udGVudC5jb20iLCJzdWIiOiIxMDYxMjI1OTM0ODUyMDA4MjI5ODciLCJlbWFpbCI6ImpmZXJ4aWljQGdtYWlsLmNvbSIsImVtYWlsX3ZlcmlmaWVkIjp0cnVlLCJhdF9oYXNoIjoiMFc0cFhjdTZxYmpLYmdDbXRLRkozUSIsIm5hbWUiOiJKIEZlcnhpaWMiLCJwaWN0dXJlIjoiaHR0cHM6Ly9saDMuZ29vZ2xldXNlcmNvbnRlbnQuY29tL2EvQUNnOG9jSWo2bmVaQUxIM21OMVd2V2tmNFNqUVRvOHBGVVV2LW5xcjNrWmRRTjBlTlM4SHhSYz1zOTYtYyIsImdpdmVuX25hbWUiOiJKIiwiZmFtaWx5X25hbWUiOiJGZXJ4aWljIiwiaWF0IjoxNzYzMjk1MDE5LCJleHAiOjE3NjMyOTg2MTl9.WzjJgirPKiWJLPn25gwajXi1V597QznbVSz01yYdOlF7oJUKUcinfSxuUGA-10F4b-8fWhrBXCDyK3vG08-bFwa4f5blTeYGNW2diFedOAbnRiqIiY8lfpvVr7z5MaL9iQ4-3Gr8K1-NEHorhf0UU7ObwMoADweb0nJvqgIWNkYrARnr-WFL8ijsd3wyYC90rtCU0_X0YlCY-c9bJglAxTZ2RonqVlb3x9qjKWKjKSypj7LeTeHAK5ypSYxh6l6CVHJN72uz0HxVk-bAHxRnZW26FYC-VOPLTbYnvjRuMJJG_cEJ_ThUcCQdWoGXzhiZLdOR4VPJ953IKLYg6odT1A"
}
        )

    [client] => Array
        (
            [error] => 
            [info] => Array
                (
                    [url] => https://oauth2.googleapis.com/token
                    [content_type] => application/json; charset=utf-8
                    [http_code] => 200
                    [header_size] => 478
                    [request_size] => 313
                    [filetime] => -1
                    [ssl_verify_result] => 0
                    [redirect_count] => 0
                    [total_time] => 0.807349
                    [namelookup_time] => 0.160196
                    [connect_time] => 0.335566
                    [pretransfer_time] => 0.566425
                    [size_upload] => 301
                    [size_download] => 1724
                    [speed_download] => 2135
                    [speed_upload] => 372
                    [download_content_length] => -1
                    [upload_content_length] => 301
                    [starttransfer_time] => 0.566437
                    [redirect_time] => 0
                    [redirect_url] => 
                    [primary_ip] => 172.217.194.95
                    [certinfo] => Array
                        (
                        )

                    [primary_port] => 443
                    [local_ip] => 192.168.100.19
                    [local_port] => 13225
                    [http_version] => 3
                    [protocol] => 2
                    [ssl_verifyresult] => 0
                    [scheme] => HTTPS
                    [appconnect_time_us] => 564591
                    [connect_time_us] => 335566
                    [namelookup_time_us] => 160196
                    [pretransfer_time_us] => 566425
                    [redirect_time_us] => 0
                    [starttransfer_time_us] => 566437
                    [total_time_us] => 807349
                    [request_header] => POST /token HTTP/2
Host: oauth2.googleapis.com
user-agent: Hybridauth, PHP Social Authentication Library (https://github.com/hybridauth/hybridauth)
accept-encoding: identity
accept: */*
cache-control: max-age=0
connection: keep-alive
content-length: 301
content-type: application/x-www-form-urlencoded


                )

            [opts] => Array
                (
                    [13] => 30
                    [78] => 30
                    [64] => 
                    [81] => 
                    [19913] => 1
                    [52] => 1
                    [68] => 5
                    [2] => 1
                    [10102] => identity
                    [10018] => Hybridauth, PHP Social Authentication Library (https://github.com/hybridauth/hybridauth)
                    [47] => 1
                    [10015] => client_id=523070165573-vragqgmqssr2uos6lffbugjnstj2720a.apps.googleusercontent.com&client_secret=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&grant_type=authorization_code&redirect_uri=http%3A%2F%2Flocalhost%3A3000%2Fcallback.php&code=4%2F0Ab32j92QdMW2rfLRbRJDTSHmf8zMqeYCeMrf1MGdAi2ad8rxbzCwqIOVN5QzIlVJ9C8zfg
                    [10002] => https://oauth2.googleapis.com/token
                    [10023] => Array
                        (
                            [0] => Accept: */*
                            [1] => Cache-Control: max-age=0
                            [2] => Connection: keep-alive
                            [3] => Expect: 
                            [4] => Pragma: 
                        )

                    [20079] => *omitted
                )

        )

)

debug -- ::1 -- 2025-11-16T12:10:20+00:00 -- Hybridauth\HttpClient\Curl::request( https://www.googleapis.com/oauth2/v3/userinfo?, GET ), response:
Array
(
    [request] => Array
        (
            [uri] => https://www.googleapis.com/oauth2/v3/userinfo
            [method] => GET
            [parameters] => Array
                (
                )

            [headers] => Array
                (
                    [Accept] => */*
                    [Cache-Control] => max-age=0
                    [Connection] => keep-alive
                    [Expect] => 
                    [Pragma] => 
                    [Authorization] => Bearer ya29.a0ATi6K2uqOYXCAfx23OYllIy8LHGUAxX7M5-NoGv9SC8kDfc7kSnhvl9etUvgH2ApxJkIi5fN3QT01wSe0YRV9zvljXAvY0OUVN2zYJ-LW94iJiVKdZ-GVct3VwOGsitSdJ1km6UTWUPfYuooIz85qCT47Q6InHimNdUgs3nsMOlKy0d4GYmrj18lXYlSikCwOHSwAAIaCgYKAScSARQSFQHGX2MiJKtZpBhlIO_yNYaNSXVD1g0206
                )

        )

    [response] => Array
        (
            [code] => 200
            [headers] => Array
                (
                    [expires] => Mon, 01 Jan 1990 00:00:00 GMT
                    [cache_control] => no-cache, no-store, max-age=0, must-revalidate
                    [date] => Sun, 16 Nov 2025 12:10:20 GMT
                    [pragma] => no-cache
                    [content_type] => application/json; charset=utf-8
                    [vary] => Origin,Accept-Encoding
                    [server] => ESF
                    [x_xss_protection] => 0
                    [x_frame_options] => SAMEORIGIN
                    [x_content_type_options] => nosniff
                    [alt_svc] => h3=":443"; ma=2592000,h3-29=":443"; ma=2592000
                    [accept_ranges] => none
                )

            [body] => {
  "sub": "106122593485200822987",
  "name": "J Ferxiic",
  "given_name": "J",
  "family_name": "Ferxiic",
  "picture": "https://lh3.googleusercontent.com/a/ACg8ocIj6neZALH3mN1WvWkf4SjQTo8pFUUv-nqr3kZdQN0eNS8HxRc\u003ds96-c",
  "email": "jferxiic@gmail.com",
  "email_verified": true
}
        )

    [client] => Array
        (
            [error] => 
            [info] => Array
                (
                    [url] => https://www.googleapis.com/oauth2/v3/userinfo
                    [content_type] => application/json; charset=utf-8
                    [http_code] => 200
                    [header_size] => 455
                    [request_size] => 530
                    [filetime] => -1
                    [ssl_verify_result] => 0
                    [redirect_count] => 0
                    [total_time] => 0.985001
                    [namelookup_time] => 0.190142
                    [connect_time] => 0.6411
                    [pretransfer_time] => 0.803413
                    [size_upload] => 0
                    [size_download] => 286
                    [speed_download] => 290
                    [speed_upload] => 0
                    [download_content_length] => -1
                    [upload_content_length] => 0
                    [starttransfer_time] => 0.984932
                    [redirect_time] => 0
                    [redirect_url] => 
                    [primary_ip] => 64.233.170.95
                    [certinfo] => Array
                        (
                        )

                    [primary_port] => 443
                    [local_ip] => 192.168.100.19
                    [local_port] => 13228
                    [http_version] => 3
                    [protocol] => 2
                    [ssl_verifyresult] => 0
                    [scheme] => HTTPS
                    [appconnect_time_us] => 803262
                    [connect_time_us] => 641100
                    [namelookup_time_us] => 190142
                    [pretransfer_time_us] => 803413
                    [redirect_time_us] => 0
                    [starttransfer_time_us] => 984932
                    [total_time_us] => 985001
                    [request_header] => GET /oauth2/v3/userinfo? HTTP/2
Host: www.googleapis.com
user-agent: Hybridauth, PHP Social Authentication Library (https://github.com/hybridauth/hybridauth)
accept-encoding: identity
accept: */*
cache-control: max-age=0
connection: keep-alive
authorization: Bearer ya29.a0ATi6K2uqOYXCAfx23OYllIy8LHGUAxX7M5-NoGv9SC8kDfc7kSnhvl9etUvgH2ApxJkIi5fN3QT01wSe0YRV9zvljXAvY0OUVN2zYJ-LW94iJiVKdZ-GVct3VwOGsitSdJ1km6UTWUPfYuooIz85qCT47Q6InHimNdUgs3nsMOlKy0d4GYmrj18lXYlSikCwOHSwAAIaCgYKAScSARQSFQHGX2MiJKtZpBhlIO_yNYaNSXVD1g0206


                )

            [opts] => Array
                (
                    [13] => 30
                    [78] => 30
                    [64] => 
                    [81] => 
                    [19913] => 1
                    [52] => 1
                    [68] => 5
                    [2] => 1
                    [10102] => identity
                    [10018] => Hybridauth, PHP Social Authentication Library (https://github.com/hybridauth/hybridauth)
                    [10002] => https://www.googleapis.com/oauth2/v3/userinfo?
                    [10023] => Array
                        (
                            [0] => Accept: */*
                            [1] => Cache-Control: max-age=0
                            [2] => Connection: keep-alive
                            [3] => Expect: 
                            [4] => Pragma: 
                            [5] => Authorization: Bearer ya29.a0ATi6K2uqOYXCAfx23OYllIy8LHGUAxX7M5-NoGv9SC8kDfc7kSnhvl9etUvgH2ApxJkIi5fN3QT01wSe0YRV9zvljXAvY0OUVN2zYJ-LW94iJiVKdZ-GVct3VwOGsitSdJ1km6UTWUPfYuooIz85qCT47Q6InHimNdUgs3nsMOlKy0d4GYmrj18lXYlSikCwOHSwAAIaCgYKAScSARQSFQHGX2MiJKtZpBhlIO_yNYaNSXVD1g0206
                        )

                    [20079] => *omitted
                )

        )

)

debug -- ::1 -- 2025-11-16T12:51:11+00:00 -- Initialize Hybridauth\Provider\Google, config: 
Array
(
    [enabled] => 1
    [keys] => Array
        (
            [id] => 523070165573-vragqgmqssr2uos6lffbugjnstj2720a.apps.googleusercontent.com
            [secret] => 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
        )

    [scope] => openid profile email https://www.googleapis.com/auth/userinfo.email https://www.googleapis.com/auth/userinfo.profile
    [debug_mode] => 1
    [debug_file] => C:\laragon\scooby-doo\UnFixed/hybridauth.log
    [callback] => http://localhost:3000/callback.php
)

info -- ::1 -- 2025-11-16T12:51:11+00:00 -- Hybridauth\Provider\Google::authenticate()
debug -- ::1 -- 2025-11-16T12:51:11+00:00 -- Hybridauth\Provider\Google::authenticateBegin(), redirecting user to:
Array
(
    [0] => https://accounts.google.com/o/oauth2/v2/auth?response_type=code&client_id=523070165573-vragqgmqssr2uos6lffbugjnstj2720a.apps.googleusercontent.com&redirect_uri=http%3A%2F%2Flocalhost%3A3000%2Fcallback.php&scope=openid+profile+email+https%3A%2F%2Fwww.googleapis.com%2Fauth%2Fuserinfo.email+https%3A%2F%2Fwww.googleapis.com%2Fauth%2Fuserinfo.profile&access_type=offline&prompt=consent&state=HA-MODF17NBKC4EV50GS3ZPHLRY6A8UTWQJI9X2
)

debug -- ::1 -- 2025-11-16T12:52:29+00:00 -- Initialize Hybridauth\Provider\Google, config: 
Array
(
    [enabled] => 1
    [keys] => Array
        (
            [id] => 523070165573-vragqgmqssr2uos6lffbugjnstj2720a.apps.googleusercontent.com
            [secret] => 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
        )

    [scope] => openid profile email https://www.googleapis.com/auth/userinfo.email https://www.googleapis.com/auth/userinfo.profile
    [debug_mode] => 1
    [debug_file] => C:\laragon\scooby-doo\UnFixed/hybridauth.log
    [callback] => http://localhost:3000/callback.php
)

info -- ::1 -- 2025-11-16T12:52:29+00:00 -- Hybridauth\Provider\Google::authenticate()
debug -- ::1 -- 2025-11-16T12:52:29+00:00 -- Hybridauth\Provider\Google::authenticateFinish(), callback url:
Array
(
    [0] => http://localhost:3000/callback.php?state=HA-MODF17NBKC4EV50GS3ZPHLRY6A8UTWQJI9X2&code=4%2F0Ab32j91s4rGeTP5nBKB4Ty3iIlCvyXR9pqHneHkYvzDSul_QTLSWjew-WVdzk0L3XZfITQ&scope=email+profile+https%3A%2F%2Fwww.googleapis.com%2Fauth%2Fuserinfo.profile+https%3A%2F%2Fwww.googleapis.com%2Fauth%2Fuserinfo.email+openid&authuser=0&prompt=consent
)

debug -- ::1 -- 2025-11-16T12:52:29+00:00 -- Hybridauth\HttpClient\Curl::request( https://oauth2.googleapis.com/token, POST ), response:
Array
(
    [request] => Array
        (
            [uri] => https://oauth2.googleapis.com/token
            [method] => POST
            [parameters] => Array
                (
                    [client_id] => 523070165573-vragqgmqssr2uos6lffbugjnstj2720a.apps.googleusercontent.com
                    [client_secret] => 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
                    [grant_type] => authorization_code
                    [redirect_uri] => http://localhost:3000/callback.php
                    [code] => 4/0Ab32j91s4rGeTP5nBKB4Ty3iIlCvyXR9pqHneHkYvzDSul_QTLSWjew-WVdzk0L3XZfITQ
                )

            [headers] => Array
                (
                    [Accept] => */*
                    [Cache-Control] => max-age=0
                    [Connection] => keep-alive
                    [Expect] => 
                    [Pragma] => 
                )

        )

    [response] => Array
        (
            [code] => 200
            [headers] => Array
                (
                    [cache_control] => no-cache, no-store, max-age=0, must-revalidate
                    [expires] => Mon, 01 Jan 1990 00:00:00 GMT
                    [pragma] => no-cache
                    [date] => Sun, 16 Nov 2025 12:52:29 GMT
                    [content_type] => application/json; charset=utf-8
                    [vary] => Origin,Accept-Encoding
                    [server] => scaffolding on HTTPServer2
                    [x_xss_protection] => 0
                    [x_frame_options] => SAMEORIGIN
                    [x_content_type_options] => nosniff
                    [alt_svc] => h3=":443"; ma=2592000,h3-29=":443"; ma=2592000
                    [accept_ranges] => none
                )

            [body] => {
  "access_token": "ya29.a0ATi6K2slDrH3Sx11puKzRVCbTv49dMqGEHjQhFOqavx0YHqPhBuyMx5eEUuXrm3dMyvDP9XG5bIug7cNHkYIW0Y5azZHn_7XLaEFwx2rwZRmpde9FM_WBXkOdOux2KESH1zcD3EU3SxdfZR7-sGlztFKFQ3DxjDVf_j_QfuJjUw0-bGy-fjc_BVcRP_BiggABOH3NnkaCgYKAQoSARQSFQHGX2Mi0WgMiu8sd6-WV8kCthEMfg0206",
  "expires_in": 3599,
  "refresh_token": "1//0g-pgVfHOW2NNCgYIARAAGBASNwF-L9Ir-4GHnO33kHyv63iat9HunH2w84ujGIhGNiLbTTm15X3kYEbN7rLDqlZA8DwRhfs1OG4",
  "scope": "https://www.googleapis.com/auth/userinfo.profile openid https://www.googleapis.com/auth/userinfo.email",
  "token_type": "Bearer",
  "id_token": "eyJhbGciOiJSUzI1NiIsImtpZCI6IjRmZWI0NGYwZjdhN2UyN2M3YzQwMzM3OWFmZjIwYWY1YzhjZjUyZGMiLCJ0eXAiOiJKV1QifQ.eyJpc3MiOiJodHRwczovL2FjY291bnRzLmdvb2dsZS5jb20iLCJhenAiOiI1MjMwNzAxNjU1NzMtdnJhZ3FnbXFzc3IydW9zNmxmZmJ1Z2puc3RqMjcyMGEuYXBwcy5nb29nbGV1c2VyY29udGVudC5jb20iLCJhdWQiOiI1MjMwNzAxNjU1NzMtdnJhZ3FnbXFzc3IydW9zNmxmZmJ1Z2puc3RqMjcyMGEuYXBwcy5nb29nbGV1c2VyY29udGVudC5jb20iLCJzdWIiOiIxMDYxMjI1OTM0ODUyMDA4MjI5ODciLCJlbWFpbCI6ImpmZXJ4aWljQGdtYWlsLmNvbSIsImVtYWlsX3ZlcmlmaWVkIjp0cnVlLCJhdF9oYXNoIjoiVU52b3NGZGtZWVgyUHZ6cWRwd0xPQSIsIm5hbWUiOiJKIEZlcnhpaWMiLCJwaWN0dXJlIjoiaHR0cHM6Ly9saDMuZ29vZ2xldXNlcmNvbnRlbnQuY29tL2EvQUNnOG9jSWo2bmVaQUxIM21OMVd2V2tmNFNqUVRvOHBGVVV2LW5xcjNrWmRRTjBlTlM4SHhSYz1zOTYtYyIsImdpdmVuX25hbWUiOiJKIiwiZmFtaWx5X25hbWUiOiJGZXJ4aWljIiwiaWF0IjoxNzYzMjk3NTQ5LCJleHAiOjE3NjMzMDExNDl9.EgWFfmwGidkkui_WB0CzNbchWfXDReNklEBq-mwa6HooxyXgvqWs8_q7th1KRdcKZRWXLYJuDy45TZPLbGQObCGQrpHwQvGaEBZNobi2eDp1SOD62iRDbSxSCqwZ1jXidQOE70P3vbFSxokBQPXpEDCDRO3WfkOoXmZbbPyyvqXc2CTFSxZJvhnz7XlvgrO7qsRY0Lyg9FmBDFCTL0Po8QpqZal9_MvyzhLd1vtogBOVeZYqux_eNrGYc8XvAKhwGdRPJMT9fKk0uWGxPY3Qzbx1LlyAHUS9huWuWfFHxDHo_Uak64YogbM5-u8UjMfifVw46tYhoZwNDzrh6CP4TA"
}
        )

    [client] => Array
        (
            [error] => 
            [info] => Array
                (
                    [url] => https://oauth2.googleapis.com/token
                    [content_type] => application/json; charset=utf-8
                    [http_code] => 200
                    [header_size] => 478
                    [request_size] => 313
                    [filetime] => -1
                    [ssl_verify_result] => 0
                    [redirect_count] => 0
                    [total_time] => 0.278357
                    [namelookup_time] => 0.046567
                    [connect_time] => 0.090899
                    [pretransfer_time] => 0.160232
                    [size_upload] => 301
                    [size_download] => 1724
                    [speed_download] => 6193
                    [speed_upload] => 1081
                    [download_content_length] => -1
                    [upload_content_length] => 301
                    [starttransfer_time] => 0.16024
                    [redirect_time] => 0
                    [redirect_url] => 
                    [primary_ip] => 142.251.12.95
                    [certinfo] => Array
                        (
                        )

                    [primary_port] => 443
                    [local_ip] => 192.168.100.19
                    [local_port] => 28489
                    [http_version] => 3
                    [protocol] => 2
                    [ssl_verifyresult] => 0
                    [scheme] => HTTPS
                    [appconnect_time_us] => 160107
                    [connect_time_us] => 90899
                    [namelookup_time_us] => 46567
                    [pretransfer_time_us] => 160232
                    [redirect_time_us] => 0
                    [starttransfer_time_us] => 160240
                    [total_time_us] => 278357
                    [request_header] => POST /token HTTP/2
Host: oauth2.googleapis.com
user-agent: Hybridauth, PHP Social Authentication Library (https://github.com/hybridauth/hybridauth)
accept-encoding: identity
accept: */*
cache-control: max-age=0
connection: keep-alive
content-length: 301
content-type: application/x-www-form-urlencoded


                )

            [opts] => Array
                (
                    [13] => 30
                    [78] => 30
                    [64] => 
                    [81] => 
                    [19913] => 1
                    [52] => 1
                    [68] => 5
                    [2] => 1
                    [10102] => identity
                    [10018] => Hybridauth, PHP Social Authentication Library (https://github.com/hybridauth/hybridauth)
                    [47] => 1
                    [10015] => client_id=523070165573-vragqgmqssr2uos6lffbugjnstj2720a.apps.googleusercontent.com&client_secret=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&grant_type=authorization_code&redirect_uri=http%3A%2F%2Flocalhost%3A3000%2Fcallback.php&code=4%2F0Ab32j91s4rGeTP5nBKB4Ty3iIlCvyXR9pqHneHkYvzDSul_QTLSWjew-WVdzk0L3XZfITQ
                    [10002] => https://oauth2.googleapis.com/token
                    [10023] => Array
                        (
                            [0] => Accept: */*
                            [1] => Cache-Control: max-age=0
                            [2] => Connection: keep-alive
                            [3] => Expect: 
                            [4] => Pragma: 
                        )

                    [20079] => *omitted
                )

        )

)

debug -- ::1 -- 2025-11-16T12:52:29+00:00 -- Hybridauth\HttpClient\Curl::request( https://www.googleapis.com/oauth2/v3/userinfo?, GET ), response:
Array
(
    [request] => Array
        (
            [uri] => https://www.googleapis.com/oauth2/v3/userinfo
            [method] => GET
            [parameters] => Array
                (
                )

            [headers] => Array
                (
                    [Accept] => */*
                    [Cache-Control] => max-age=0
                    [Connection] => keep-alive
                    [Expect] => 
                    [Pragma] => 
                    [Authorization] => Bearer ya29.a0ATi6K2slDrH3Sx11puKzRVCbTv49dMqGEHjQhFOqavx0YHqPhBuyMx5eEUuXrm3dMyvDP9XG5bIug7cNHkYIW0Y5azZHn_7XLaEFwx2rwZRmpde9FM_WBXkOdOux2KESH1zcD3EU3SxdfZR7-sGlztFKFQ3DxjDVf_j_QfuJjUw0-bGy-fjc_BVcRP_BiggABOH3NnkaCgYKAQoSARQSFQHGX2Mi0WgMiu8sd6-WV8kCthEMfg0206
                )

        )

    [response] => Array
        (
            [code] => 200
            [headers] => Array
                (
                    [cache_control] => no-cache, no-store, max-age=0, must-revalidate
                    [expires] => Mon, 01 Jan 1990 00:00:00 GMT
                    [pragma] => no-cache
                    [date] => Sun, 16 Nov 2025 12:52:29 GMT
                    [content_type] => application/json; charset=utf-8
                    [vary] => Origin,Accept-Encoding
                    [server] => ESF
                    [x_xss_protection] => 0
                    [x_frame_options] => SAMEORIGIN
                    [x_content_type_options] => nosniff
                    [alt_svc] => h3=":443"; ma=2592000,h3-29=":443"; ma=2592000
                    [accept_ranges] => none
                )

            [body] => {
  "sub": "106122593485200822987",
  "name": "J Ferxiic",
  "given_name": "J",
  "family_name": "Ferxiic",
  "picture": "https://lh3.googleusercontent.com/a/ACg8ocIj6neZALH3mN1WvWkf4SjQTo8pFUUv-nqr3kZdQN0eNS8HxRc\u003ds96-c",
  "email": "jferxiic@gmail.com",
  "email_verified": true
}
        )

    [client] => Array
        (
            [error] => 
            [info] => Array
                (
                    [url] => https://www.googleapis.com/oauth2/v3/userinfo
                    [content_type] => application/json; charset=utf-8
                    [http_code] => 200
                    [header_size] => 455
                    [request_size] => 530
                    [filetime] => -1
                    [ssl_verify_result] => 0
                    [redirect_count] => 0
                    [total_time] => 0.218261
                    [namelookup_time] => 0.014781
                    [connect_time] => 0.030287
                    [pretransfer_time] => 0.057323
                    [size_upload] => 0
                    [size_download] => 286
                    [speed_download] => 1310
                    [speed_upload] => 0
                    [download_content_length] => -1
                    [upload_content_length] => 0
                    [starttransfer_time] => 0.218181
                    [redirect_time] => 0
                    [redirect_url] => 
                    [primary_ip] => 142.251.12.95
                    [certinfo] => Array
                        (
                        )

                    [primary_port] => 443
                    [local_ip] => 192.168.100.19
                    [local_port] => 28492
                    [http_version] => 3
                    [protocol] => 2
                    [ssl_verifyresult] => 0
                    [scheme] => HTTPS
                    [appconnect_time_us] => 57123
                    [connect_time_us] => 30287
                    [namelookup_time_us] => 14781
                    [pretransfer_time_us] => 57323
                    [redirect_time_us] => 0
                    [starttransfer_time_us] => 218181
                    [total_time_us] => 218261
                    [request_header] => GET /oauth2/v3/userinfo? HTTP/2
Host: www.googleapis.com
user-agent: Hybridauth, PHP Social Authentication Library (https://github.com/hybridauth/hybridauth)
accept-encoding: identity
accept: */*
cache-control: max-age=0
connection: keep-alive
authorization: Bearer ya29.a0ATi6K2slDrH3Sx11puKzRVCbTv49dMqGEHjQhFOqavx0YHqPhBuyMx5eEUuXrm3dMyvDP9XG5bIug7cNHkYIW0Y5azZHn_7XLaEFwx2rwZRmpde9FM_WBXkOdOux2KESH1zcD3EU3SxdfZR7-sGlztFKFQ3DxjDVf_j_QfuJjUw0-bGy-fjc_BVcRP_BiggABOH3NnkaCgYKAQoSARQSFQHGX2Mi0WgMiu8sd6-WV8kCthEMfg0206


                )

            [opts] => Array
                (
                    [13] => 30
                    [78] => 30
                    [64] => 
                    [81] => 
                    [19913] => 1
                    [52] => 1
                    [68] => 5
                    [2] => 1
                    [10102] => identity
                    [10018] => Hybridauth, PHP Social Authentication Library (https://github.com/hybridauth/hybridauth)
                    [10002] => https://www.googleapis.com/oauth2/v3/userinfo?
                    [10023] => Array
                        (
                            [0] => Accept: */*
                            [1] => Cache-Control: max-age=0
                            [2] => Connection: keep-alive
                            [3] => Expect: 
                            [4] => Pragma: 
                            [5] => Authorization: Bearer ya29.a0ATi6K2slDrH3Sx11puKzRVCbTv49dMqGEHjQhFOqavx0YHqPhBuyMx5eEUuXrm3dMyvDP9XG5bIug7cNHkYIW0Y5azZHn_7XLaEFwx2rwZRmpde9FM_WBXkOdOux2KESH1zcD3EU3SxdfZR7-sGlztFKFQ3DxjDVf_j_QfuJjUw0-bGy-fjc_BVcRP_BiggABOH3NnkaCgYKAQoSARQSFQHGX2Mi0WgMiu8sd6-WV8kCthEMfg0206
                        )

                    [20079] => *omitted
                )

        )

)

debug -- ::1 -- 2025-11-19T02:42:16+00:00 -- Initialize Hybridauth\Provider\Google, config: 
Array
(
    [enabled] => 1
    [keys] => Array
        (
            [id] => 523070165573-vragqgmqssr2uos6lffbugjnstj2720a.apps.googleusercontent.com
            [secret] => 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
        )

    [scope] => openid profile email https://www.googleapis.com/auth/userinfo.email https://www.googleapis.com/auth/userinfo.profile
    [debug_mode] => 1
    [debug_file] => D:\Laragon\www\UnFixed/hybridauth.log
    [callback] => http://localhost:3000/callback.php
)

info -- ::1 -- 2025-11-19T02:42:16+00:00 -- Hybridauth\Provider\Google::authenticate()
debug -- ::1 -- 2025-11-19T02:42:16+00:00 -- Hybridauth\Provider\Google::authenticateBegin(), redirecting user to:
Array
(
    [0] => https://accounts.google.com/o/oauth2/v2/auth?response_type=code&client_id=523070165573-vragqgmqssr2uos6lffbugjnstj2720a.apps.googleusercontent.com&redirect_uri=http%3A%2F%2Flocalhost%3A3000%2Fcallback.php&scope=openid+profile+email+https%3A%2F%2Fwww.googleapis.com%2Fauth%2Fuserinfo.email+https%3A%2F%2Fwww.googleapis.com%2Fauth%2Fuserinfo.profile&access_type=offline&prompt=consent&state=HA-RJQUYLSMFWNOD16AXITE5KP08H79GCBZ3V24
)

debug -- ::1 -- 2025-11-19T02:42:52+00:00 -- Initialize Hybridauth\Provider\Google, config: 
Array
(
    [enabled] => 1
    [keys] => Array
        (
            [id] => 523070165573-vragqgmqssr2uos6lffbugjnstj2720a.apps.googleusercontent.com
            [secret] => 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
        )

    [scope] => openid profile email https://www.googleapis.com/auth/userinfo.email https://www.googleapis.com/auth/userinfo.profile
    [debug_mode] => 1
    [debug_file] => D:\Laragon\www\UnFixed/hybridauth.log
    [callback] => http://localhost:3000/callback.php
)

info -- ::1 -- 2025-11-19T02:42:52+00:00 -- Hybridauth\Provider\Google::authenticate()
debug -- ::1 -- 2025-11-19T02:42:52+00:00 -- Hybridauth\Provider\Google::authenticateFinish(), callback url:
Array
(
    [0] => http://localhost:3000/callback.php?state=HA-RJQUYLSMFWNOD16AXITE5KP08H79GCBZ3V24&code=4%2F0Ab32j927OHDD9t9JiKDP2OPJDg87CwK_GK8k4bkrC3PPcCEdPV5g7f2jbB8BpmoBcJytLg&scope=email+profile+https%3A%2F%2Fwww.googleapis.com%2Fauth%2Fuserinfo.profile+https%3A%2F%2Fwww.googleapis.com%2Fauth%2Fuserinfo.email+openid&authuser=1&prompt=consent
)

debug -- ::1 -- 2025-11-19T02:42:53+00:00 -- Hybridauth\HttpClient\Curl::request( https://oauth2.googleapis.com/token, POST ), response:
Array
(
    [request] => Array
        (
            [uri] => https://oauth2.googleapis.com/token
            [method] => POST
            [parameters] => Array
                (
                    [client_id] => 523070165573-vragqgmqssr2uos6lffbugjnstj2720a.apps.googleusercontent.com
                    [client_secret] => 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
                    [grant_type] => authorization_code
                    [redirect_uri] => http://localhost:3000/callback.php
                    [code] => 4/0Ab32j927OHDD9t9JiKDP2OPJDg87CwK_GK8k4bkrC3PPcCEdPV5g7f2jbB8BpmoBcJytLg
                )

            [headers] => Array
                (
                    [Accept] => */*
                    [Cache-Control] => max-age=0
                    [Connection] => keep-alive
                    [Expect] => 
                    [Pragma] => 
                )

        )

    [response] => Array
        (
            [code] => 200
            [headers] => Array
                (
                    [cache_control] => no-cache, no-store, max-age=0, must-revalidate
                    [pragma] => no-cache
                    [date] => Wed, 19 Nov 2025 02:43:01 GMT
                    [expires] => Mon, 01 Jan 1990 00:00:00 GMT
                    [content_type] => application/json; charset=utf-8
                    [vary] => Origin,Accept-Encoding
                    [server] => scaffolding on HTTPServer2
                    [x_xss_protection] => 0
                    [x_frame_options] => SAMEORIGIN
                    [x_content_type_options] => nosniff
                    [alt_svc] => h3=":443"; ma=2592000,h3-29=":443"; ma=2592000
                    [accept_ranges] => none
                )

            [body] => {
  "access_token": "ya29.a0ATi6K2vZUMcq2ny8UXNPhz8oAGbxklxcSNLzDpa_GNw3geAL8TzMmrqg9H9R91ah7EEgAoZHFaxSyqT3XQ_BbUMrzI4hnjzafMKULy-C8aF6GK5ssnZ49a_Pe28NTzVF-4QqCU8Nu4euUwlDhwWqeoLl6mb4DPo6wP2YGwfe13BDAZoiD1Bkhc6AF5wzGJe6AHUu6vIaCgYKAUkSARQSFQHGX2MiZYauDjcLEQSsE-H7Y0T4qg0206",
  "expires_in": 3599,
  "refresh_token": "1//0g4zIN4zQK1cpCgYIARAAGBASNwF-L9Irk3zVauFp-rohaH16b2aB89WXxmjhAGhi3yF-GyEmIrXspL3LHTF_eu6yfnSA1kwaW1A",
  "scope": "openid https://www.googleapis.com/auth/userinfo.profile https://www.googleapis.com/auth/userinfo.email",
  "token_type": "Bearer",
  "id_token": "eyJhbGciOiJSUzI1NiIsImtpZCI6ImE1NzMzYmJiZDgxOGFhNWRiMTk1MTk5Y2Q1NjhlNWQ2ODUxMzJkM2YiLCJ0eXAiOiJKV1QifQ.eyJpc3MiOiJodHRwczovL2FjY291bnRzLmdvb2dsZS5jb20iLCJhenAiOiI1MjMwNzAxNjU1NzMtdnJhZ3FnbXFzc3IydW9zNmxmZmJ1Z2puc3RqMjcyMGEuYXBwcy5nb29nbGV1c2VyY29udGVudC5jb20iLCJhdWQiOiI1MjMwNzAxNjU1NzMtdnJhZ3FnbXFzc3IydW9zNmxmZmJ1Z2puc3RqMjcyMGEuYXBwcy5nb29nbGV1c2VyY29udGVudC5jb20iLCJzdWIiOiIxMDM2NDQzOTAyOTgyMjQ5ODA2MzkiLCJlbWFpbCI6ImJyaXRhbmlhZmlzaWNoZWxsYUBnbWFpbC5jb20iLCJlbWFpbF92ZXJpZmllZCI6dHJ1ZSwiYXRfaGFzaCI6ImJZdXR2MzhvTmtBT2lZM0pXdHdDQkEiLCJuYW1lIjoiVGFubmlhYSIsInBpY3R1cmUiOiJodHRwczovL2xoMy5nb29nbGV1c2VyY29udGVudC5jb20vYS9BQ2c4b2NMd3RHN1lMVzNmN0JNc21xSmFaVW40UnFJUUJ3R05mcFZQelpBSF90U1ZxeWZwSGdpYT1zOTYtYyIsImdpdmVuX25hbWUiOiJUYW5uaWFhIiwiaWF0IjoxNzYzNTIwMTgxLCJleHAiOjE3NjM1MjM3ODF9.y3nWG-ggB41Ko1ArrqOuch0Tm1_kN57jd7kK_U6Ox156f5JVsMQUwMO6KWFaKQElpeifo88uS3gP5FM7EuJ3GPTcJTwE92YtaC8qoyVzTK3o74UG6gF51YsDAGP7O2rgI2iYIYXzQDt988wnOGEWf910d4lL2P8BtaEnOG22hsegyJuS14lvUAuOkiVmYiTpm1-Q_8AsED4nmSHOa0P6zjrHThsW6iJCp1wDbpnweUe2es1xIgW97uPaqjb8a-JITkDq8Y27OrPWCMXu0Y0gMZmtSkAOTEEePVPz3cTo0nQQHhzeANwBcpQCTKC6vDgKye8lVtRsuyHzaagqS5y5LA"
}
        )

    [client] => Array
        (
            [error] => 
            [info] => Array
                (
                    [url] => https://oauth2.googleapis.com/token
                    [content_type] => application/json; charset=utf-8
                    [http_code] => 200
                    [header_size] => 478
                    [request_size] => 313
                    [filetime] => -1
                    [ssl_verify_result] => 0
                    [redirect_count] => 0
                    [total_time] => 0.311496
                    [namelookup_time] => 0.050473
                    [connect_time] => 0.128317
                    [pretransfer_time] => 0.204868
                    [size_upload] => 301
                    [size_download] => 1712
                    [speed_download] => 5496
                    [speed_upload] => 966
                    [download_content_length] => -1
                    [upload_content_length] => 301
                    [starttransfer_time] => 0.204887
                    [redirect_time] => 0
                    [redirect_url] => 
                    [primary_ip] => 74.125.200.95
                    [certinfo] => Array
                        (
                        )

                    [primary_port] => 443
                    [local_ip] => 154.154.1.213
                    [local_port] => 63931
                    [http_version] => 3
                    [protocol] => 2
                    [ssl_verifyresult] => 0
                    [scheme] => HTTPS
                    [appconnect_time_us] => 204281
                    [connect_time_us] => 128317
                    [namelookup_time_us] => 50473
                    [pretransfer_time_us] => 204868
                    [redirect_time_us] => 0
                    [starttransfer_time_us] => 204887
                    [total_time_us] => 311496
                    [request_header] => POST /token HTTP/2
Host: oauth2.googleapis.com
user-agent: Hybridauth, PHP Social Authentication Library (https://github.com/hybridauth/hybridauth)
accept-encoding: identity
accept: */*
cache-control: max-age=0
connection: keep-alive
content-length: 301
content-type: application/x-www-form-urlencoded


                )

            [opts] => Array
                (
                    [13] => 30
                    [78] => 30
                    [64] => 
                    [81] => 
                    [19913] => 1
                    [52] => 1
                    [68] => 5
                    [2] => 1
                    [10102] => identity
                    [10018] => Hybridauth, PHP Social Authentication Library (https://github.com/hybridauth/hybridauth)
                    [47] => 1
                    [10015] => client_id=523070165573-vragqgmqssr2uos6lffbugjnstj2720a.apps.googleusercontent.com&client_secret=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&grant_type=authorization_code&redirect_uri=http%3A%2F%2Flocalhost%3A3000%2Fcallback.php&code=4%2F0Ab32j927OHDD9t9JiKDP2OPJDg87CwK_GK8k4bkrC3PPcCEdPV5g7f2jbB8BpmoBcJytLg
                    [10002] => https://oauth2.googleapis.com/token
                    [10023] => Array
                        (
                            [0] => Accept: */*
                            [1] => Cache-Control: max-age=0
                            [2] => Connection: keep-alive
                            [3] => Expect: 
                            [4] => Pragma: 
                        )

                    [20079] => *omitted
                )

        )

)

debug -- ::1 -- 2025-11-19T02:42:53+00:00 -- Hybridauth\HttpClient\Curl::request( https://www.googleapis.com/oauth2/v3/userinfo?, GET ), response:
Array
(
    [request] => Array
        (
            [uri] => https://www.googleapis.com/oauth2/v3/userinfo
            [method] => GET
            [parameters] => Array
                (
                )

            [headers] => Array
                (
                    [Accept] => */*
                    [Cache-Control] => max-age=0
                    [Connection] => keep-alive
                    [Expect] => 
                    [Pragma] => 
                    [Authorization] => Bearer ya29.a0ATi6K2vZUMcq2ny8UXNPhz8oAGbxklxcSNLzDpa_GNw3geAL8TzMmrqg9H9R91ah7EEgAoZHFaxSyqT3XQ_BbUMrzI4hnjzafMKULy-C8aF6GK5ssnZ49a_Pe28NTzVF-4QqCU8Nu4euUwlDhwWqeoLl6mb4DPo6wP2YGwfe13BDAZoiD1Bkhc6AF5wzGJe6AHUu6vIaCgYKAUkSARQSFQHGX2MiZYauDjcLEQSsE-H7Y0T4qg0206
                )

        )

    [response] => Array
        (
            [code] => 200
            [headers] => Array
                (
                    [cache_control] => no-cache, no-store, max-age=0, must-revalidate
                    [pragma] => no-cache
                    [date] => Wed, 19 Nov 2025 02:43:02 GMT
                    [expires] => Mon, 01 Jan 1990 00:00:00 GMT
                    [content_type] => application/json; charset=utf-8
                    [vary] => Origin,Accept-Encoding
                    [server] => ESF
                    [x_xss_protection] => 0
                    [x_frame_options] => SAMEORIGIN
                    [x_content_type_options] => nosniff
                    [alt_svc] => h3=":443"; ma=2592000,h3-29=":443"; ma=2592000
                    [accept_ranges] => none
                )

            [body] => {
  "sub": "103644390298224980639",
  "name": "Tanniaa",
  "given_name": "Tanniaa",
  "picture": "https://lh3.googleusercontent.com/a/ACg8ocLwtG7YLW3f7BMsmqJaZUn4RqIQBwGNfpVPzZAH_tSVqyfpHgia\u003ds96-c",
  "email": "britaniafisichella@gmail.com",
  "email_verified": true
}
        )

    [client] => Array
        (
            [error] => 
            [info] => Array
                (
                    [url] => https://www.googleapis.com/oauth2/v3/userinfo
                    [content_type] => application/json; charset=utf-8
                    [http_code] => 200
                    [header_size] => 455
                    [request_size] => 530
                    [filetime] => -1
                    [ssl_verify_result] => 0
                    [redirect_count] => 0
                    [total_time] => 0.453184
                    [namelookup_time] => 0.057362
                    [connect_time] => 0.130764
                    [pretransfer_time] => 0.385848
                    [size_upload] => 0
                    [size_download] => 273
                    [speed_download] => 602
                    [speed_upload] => 0
                    [download_content_length] => -1
                    [upload_content_length] => 0
                    [starttransfer_time] => 0.453026
                    [redirect_time] => 0
                    [redirect_url] => 
                    [primary_ip] => 74.125.200.95
                    [certinfo] => Array
                        (
                        )

                    [primary_port] => 443
                    [local_ip] => 154.154.1.213
                    [local_port] => 63934
                    [http_version] => 3
                    [protocol] => 2
                    [ssl_verifyresult] => 0
                    [scheme] => HTTPS
                    [appconnect_time_us] => 385589
                    [connect_time_us] => 130764
                    [namelookup_time_us] => 57362
                    [pretransfer_time_us] => 385848
                    [redirect_time_us] => 0
                    [starttransfer_time_us] => 453026
                    [total_time_us] => 453184
                    [request_header] => GET /oauth2/v3/userinfo? HTTP/2
Host: www.googleapis.com
user-agent: Hybridauth, PHP Social Authentication Library (https://github.com/hybridauth/hybridauth)
accept-encoding: identity
accept: */*
cache-control: max-age=0
connection: keep-alive
authorization: Bearer ya29.a0ATi6K2vZUMcq2ny8UXNPhz8oAGbxklxcSNLzDpa_GNw3geAL8TzMmrqg9H9R91ah7EEgAoZHFaxSyqT3XQ_BbUMrzI4hnjzafMKULy-C8aF6GK5ssnZ49a_Pe28NTzVF-4QqCU8Nu4euUwlDhwWqeoLl6mb4DPo6wP2YGwfe13BDAZoiD1Bkhc6AF5wzGJe6AHUu6vIaCgYKAUkSARQSFQHGX2MiZYauDjcLEQSsE-H7Y0T4qg0206


                )

            [opts] => Array
                (
                    [13] => 30
                    [78] => 30
                    [64] => 
                    [81] => 
                    [19913] => 1
                    [52] => 1
                    [68] => 5
                    [2] => 1
                    [10102] => identity
                    [10018] => Hybridauth, PHP Social Authentication Library (https://github.com/hybridauth/hybridauth)
                    [10002] => https://www.googleapis.com/oauth2/v3/userinfo?
                    [10023] => Array
                        (
                            [0] => Accept: */*
                            [1] => Cache-Control: max-age=0
                            [2] => Connection: keep-alive
                            [3] => Expect: 
                            [4] => Pragma: 
                            [5] => Authorization: Bearer ya29.a0ATi6K2vZUMcq2ny8UXNPhz8oAGbxklxcSNLzDpa_GNw3geAL8TzMmrqg9H9R91ah7EEgAoZHFaxSyqT3XQ_BbUMrzI4hnjzafMKULy-C8aF6GK5ssnZ49a_Pe28NTzVF-4QqCU8Nu4euUwlDhwWqeoLl6mb4DPo6wP2YGwfe13BDAZoiD1Bkhc6AF5wzGJe6AHUu6vIaCgYKAUkSARQSFQHGX2MiZYauDjcLEQSsE-H7Y0T4qg0206
                        )

                    [20079] => *omitted
                )

        )

)

debug -- ::1 -- 2025-11-19T02:51:30+00:00 -- Initialize Hybridauth\Provider\Google, config: 
Array
(
    [enabled] => 1
    [keys] => Array
        (
            [id] => 523070165573-vragqgmqssr2uos6lffbugjnstj2720a.apps.googleusercontent.com
            [secret] => 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
        )

    [scope] => openid profile email https://www.googleapis.com/auth/userinfo.email https://www.googleapis.com/auth/userinfo.profile
    [debug_mode] => 1
    [debug_file] => D:\Laragon\www\UnFixed/hybridauth.log
    [callback] => http://localhost:3000/callback.php
)

info -- ::1 -- 2025-11-19T02:51:30+00:00 -- Hybridauth\Provider\Google::authenticate()
debug -- ::1 -- 2025-11-19T02:51:30+00:00 -- Hybridauth\Provider\Google::authenticateBegin(), redirecting user to:
Array
(
    [0] => https://accounts.google.com/o/oauth2/v2/auth?response_type=code&client_id=523070165573-vragqgmqssr2uos6lffbugjnstj2720a.apps.googleusercontent.com&redirect_uri=http%3A%2F%2Flocalhost%3A3000%2Fcallback.php&scope=openid+profile+email+https%3A%2F%2Fwww.googleapis.com%2Fauth%2Fuserinfo.email+https%3A%2F%2Fwww.googleapis.com%2Fauth%2Fuserinfo.profile&access_type=offline&prompt=consent&state=HA-RFI5GU8AJ0SQ7Z6ND2LCXHMO1YKT3B4PWEV9
)

debug -- ::1 -- 2025-11-19T02:51:36+00:00 -- Initialize Hybridauth\Provider\Google, config: 
Array
(
    [enabled] => 1
    [keys] => Array
        (
            [id] => 523070165573-vragqgmqssr2uos6lffbugjnstj2720a.apps.googleusercontent.com
            [secret] => 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
        )

    [scope] => openid profile email https://www.googleapis.com/auth/userinfo.email https://www.googleapis.com/auth/userinfo.profile
    [debug_mode] => 1
    [debug_file] => D:\Laragon\www\UnFixed/hybridauth.log
    [callback] => http://localhost:3000/callback.php
)

info -- ::1 -- 2025-11-19T02:51:36+00:00 -- Hybridauth\Provider\Google::authenticate()
debug -- ::1 -- 2025-11-19T02:51:36+00:00 -- Hybridauth\Provider\Google::authenticateFinish(), callback url:
Array
(
    [0] => http://localhost:3000/callback.php?state=HA-RFI5GU8AJ0SQ7Z6ND2LCXHMO1YKT3B4PWEV9&code=4%2F0Ab32j92oGMYkVQ8s-MXSBdTNzqlQc52qQk9vvxxjTFE0JSVfnM1jv_enMB3s-nIfQ3NmFg&scope=email+profile+https%3A%2F%2Fwww.googleapis.com%2Fauth%2Fuserinfo.profile+https%3A%2F%2Fwww.googleapis.com%2Fauth%2Fuserinfo.email+openid&authuser=1&prompt=consent
)

debug -- ::1 -- 2025-11-19T02:51:36+00:00 -- Hybridauth\HttpClient\Curl::request( https://oauth2.googleapis.com/token, POST ), response:
Array
(
    [request] => Array
        (
            [uri] => https://oauth2.googleapis.com/token
            [method] => POST
            [parameters] => Array
                (
                    [client_id] => 523070165573-vragqgmqssr2uos6lffbugjnstj2720a.apps.googleusercontent.com
                    [client_secret] => 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
                    [grant_type] => authorization_code
                    [redirect_uri] => http://localhost:3000/callback.php
                    [code] => 4/0Ab32j92oGMYkVQ8s-MXSBdTNzqlQc52qQk9vvxxjTFE0JSVfnM1jv_enMB3s-nIfQ3NmFg
                )

            [headers] => Array
                (
                    [Accept] => */*
                    [Cache-Control] => max-age=0
                    [Connection] => keep-alive
                    [Expect] => 
                    [Pragma] => 
                )

        )

    [response] => Array
        (
            [code] => 200
            [headers] => Array
                (
                    [pragma] => no-cache
                    [cache_control] => no-cache, no-store, max-age=0, must-revalidate
                    [expires] => Mon, 01 Jan 1990 00:00:00 GMT
                    [date] => Wed, 19 Nov 2025 02:51:45 GMT
                    [content_type] => application/json; charset=utf-8
                    [vary] => Origin,Accept-Encoding
                    [server] => scaffolding on HTTPServer2
                    [x_xss_protection] => 0
                    [x_frame_options] => SAMEORIGIN
                    [x_content_type_options] => nosniff
                    [alt_svc] => h3=":443"; ma=2592000,h3-29=":443"; ma=2592000
                    [accept_ranges] => none
                )

            [body] => {
  "access_token": "ya29.a0ATi6K2tXXfWJi9dG45K0N8GFkdrDo3n-L7iQlcZuhFXpWENB8Nf8dsCwJNLwfcTxgBtMTE7ZetcLzZg8QdcCiJ4YYcdt9J9-XdFdfZ0H-AL741YFL65_udManoM2CztzXj8Zj7KMmHtqpuZ7oMt-T_mLhy35LQf7VXsH66iHYCV2-89RbvDp5VNUV4x40iZ45MKKvLQaCgYKATwSARQSFQHGX2Mim3gcUjdpnHYeJe1WY78H5A0206",
  "expires_in": 3599,
  "refresh_token": "1//0g68-vVFIZjuSCgYIARAAGBASNwF-L9Irli3K0xdehp0t7ckSRS7jwTw5BPczRLS60ZTPimFL4IOtx1qzHbmpdArDpYM7PgXfqWM",
  "scope": "https://www.googleapis.com/auth/userinfo.email https://www.googleapis.com/auth/userinfo.profile openid",
  "token_type": "Bearer",
  "id_token": "eyJhbGciOiJSUzI1NiIsImtpZCI6ImE1NzMzYmJiZDgxOGFhNWRiMTk1MTk5Y2Q1NjhlNWQ2ODUxMzJkM2YiLCJ0eXAiOiJKV1QifQ.eyJpc3MiOiJodHRwczovL2FjY291bnRzLmdvb2dsZS5jb20iLCJhenAiOiI1MjMwNzAxNjU1NzMtdnJhZ3FnbXFzc3IydW9zNmxmZmJ1Z2puc3RqMjcyMGEuYXBwcy5nb29nbGV1c2VyY29udGVudC5jb20iLCJhdWQiOiI1MjMwNzAxNjU1NzMtdnJhZ3FnbXFzc3IydW9zNmxmZmJ1Z2puc3RqMjcyMGEuYXBwcy5nb29nbGV1c2VyY29udGVudC5jb20iLCJzdWIiOiIxMDM2NDQzOTAyOTgyMjQ5ODA2MzkiLCJlbWFpbCI6ImJyaXRhbmlhZmlzaWNoZWxsYUBnbWFpbC5jb20iLCJlbWFpbF92ZXJpZmllZCI6dHJ1ZSwiYXRfaGFzaCI6IkxVOXlXako5c0g3QnVOQkM5bjhLUlEiLCJuYW1lIjoiVGFubmlhYSIsInBpY3R1cmUiOiJodHRwczovL2xoMy5nb29nbGV1c2VyY29udGVudC5jb20vYS9BQ2c4b2NMd3RHN1lMVzNmN0JNc21xSmFaVW40UnFJUUJ3R05mcFZQelpBSF90U1ZxeWZwSGdpYT1zOTYtYyIsImdpdmVuX25hbWUiOiJUYW5uaWFhIiwiaWF0IjoxNzYzNTIwNzA1LCJleHAiOjE3NjM1MjQzMDV9.YZfStccdzaqKDmCEj-TlHE4wB4SBWa8mYNje2kOdpBKWxyjy13OYM4qLJiJ7nJZZjV_KrkjNRuq6uSpHD7ySqGGKoz5yEb60zxQAXgn6u1CqUA5_jAzub4LaZqOMLFYtCwn1AUCxlAwRm8DtscoMhhrlLyyAqaxpf82tZ_9m5otSZfnYrifvonxHLYAiFboxCChgn2Aae8mco84H1bAxYCOccxBfX9GwmAxjCXu0souciQvtLN82exzkNt-rBVjIOTKstyr0jtbcFfHIRvhrqNvSFjboIq171TqAiZBCPp52muMbaHI087ba-gR9f1_wtys46v5x3En71giRLpVl2w"
}
        )

    [client] => Array
        (
            [error] => 
            [info] => Array
                (
                    [url] => https://oauth2.googleapis.com/token
                    [content_type] => application/json; charset=utf-8
                    [http_code] => 200
                    [header_size] => 478
                    [request_size] => 313
                    [filetime] => -1
                    [ssl_verify_result] => 0
                    [redirect_count] => 0
                    [total_time] => 0.334411
                    [namelookup_time] => 0.105294
                    [connect_time] => 0.153205
                    [pretransfer_time] => 0.232458
                    [size_upload] => 301
                    [size_download] => 1712
                    [speed_download] => 5119
                    [speed_upload] => 900
                    [download_content_length] => -1
                    [upload_content_length] => 301
                    [starttransfer_time] => 0.232473
                    [redirect_time] => 0
                    [redirect_url] => 
                    [primary_ip] => 172.217.194.95
                    [certinfo] => Array
                        (
                        )

                    [primary_port] => 443
                    [local_ip] => 154.154.1.213
                    [local_port] => 50491
                    [http_version] => 3
                    [protocol] => 2
                    [ssl_verifyresult] => 0
                    [scheme] => HTTPS
                    [appconnect_time_us] => 232226
                    [connect_time_us] => 153205
                    [namelookup_time_us] => 105294
                    [pretransfer_time_us] => 232458
                    [redirect_time_us] => 0
                    [starttransfer_time_us] => 232473
                    [total_time_us] => 334411
                    [request_header] => POST /token HTTP/2
Host: oauth2.googleapis.com
user-agent: Hybridauth, PHP Social Authentication Library (https://github.com/hybridauth/hybridauth)
accept-encoding: identity
accept: */*
cache-control: max-age=0
connection: keep-alive
content-length: 301
content-type: application/x-www-form-urlencoded


                )

            [opts] => Array
                (
                    [13] => 30
                    [78] => 30
                    [64] => 
                    [81] => 
                    [19913] => 1
                    [52] => 1
                    [68] => 5
                    [2] => 1
                    [10102] => identity
                    [10018] => Hybridauth, PHP Social Authentication Library (https://github.com/hybridauth/hybridauth)
                    [47] => 1
                    [10015] => client_id=523070165573-vragqgmqssr2uos6lffbugjnstj2720a.apps.googleusercontent.com&client_secret=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&grant_type=authorization_code&redirect_uri=http%3A%2F%2Flocalhost%3A3000%2Fcallback.php&code=4%2F0Ab32j92oGMYkVQ8s-MXSBdTNzqlQc52qQk9vvxxjTFE0JSVfnM1jv_enMB3s-nIfQ3NmFg
                    [10002] => https://oauth2.googleapis.com/token
                    [10023] => Array
                        (
                            [0] => Accept: */*
                            [1] => Cache-Control: max-age=0
                            [2] => Connection: keep-alive
                            [3] => Expect: 
                            [4] => Pragma: 
                        )

                    [20079] => *omitted
                )

        )

)

debug -- ::1 -- 2025-11-19T02:51:36+00:00 -- Hybridauth\HttpClient\Curl::request( https://www.googleapis.com/oauth2/v3/userinfo?, GET ), response:
Array
(
    [request] => Array
        (
            [uri] => https://www.googleapis.com/oauth2/v3/userinfo
            [method] => GET
            [parameters] => Array
                (
                )

            [headers] => Array
                (
                    [Accept] => */*
                    [Cache-Control] => max-age=0
                    [Connection] => keep-alive
                    [Expect] => 
                    [Pragma] => 
                    [Authorization] => Bearer ya29.a0ATi6K2tXXfWJi9dG45K0N8GFkdrDo3n-L7iQlcZuhFXpWENB8Nf8dsCwJNLwfcTxgBtMTE7ZetcLzZg8QdcCiJ4YYcdt9J9-XdFdfZ0H-AL741YFL65_udManoM2CztzXj8Zj7KMmHtqpuZ7oMt-T_mLhy35LQf7VXsH66iHYCV2-89RbvDp5VNUV4x40iZ45MKKvLQaCgYKATwSARQSFQHGX2Mim3gcUjdpnHYeJe1WY78H5A0206
                )

        )

    [response] => Array
        (
            [code] => 200
            [headers] => Array
                (
                    [pragma] => no-cache
                    [cache_control] => no-cache, no-store, max-age=0, must-revalidate
                    [expires] => Mon, 01 Jan 1990 00:00:00 GMT
                    [date] => Wed, 19 Nov 2025 02:51:45 GMT
                    [content_type] => application/json; charset=utf-8
                    [vary] => Origin,Accept-Encoding
                    [server] => ESF
                    [x_xss_protection] => 0
                    [x_frame_options] => SAMEORIGIN
                    [x_content_type_options] => nosniff
                    [alt_svc] => h3=":443"; ma=2592000,h3-29=":443"; ma=2592000
                    [accept_ranges] => none
                )

            [body] => {
  "sub": "103644390298224980639",
  "name": "Tanniaa",
  "given_name": "Tanniaa",
  "picture": "https://lh3.googleusercontent.com/a/ACg8ocLwtG7YLW3f7BMsmqJaZUn4RqIQBwGNfpVPzZAH_tSVqyfpHgia\u003ds96-c",
  "email": "britaniafisichella@gmail.com",
  "email_verified": true
}
        )

    [client] => Array
        (
            [error] => 
            [info] => Array
                (
                    [url] => https://www.googleapis.com/oauth2/v3/userinfo
                    [content_type] => application/json; charset=utf-8
                    [http_code] => 200
                    [header_size] => 455
                    [request_size] => 530
                    [filetime] => -1
                    [ssl_verify_result] => 0
                    [redirect_count] => 0
                    [total_time] => 0.277285
                    [namelookup_time] => 0.078921
                    [connect_time] => 0.170282
                    [pretransfer_time] => 0.226813
                    [size_upload] => 0
                    [size_download] => 273
                    [speed_download] => 984
                    [speed_upload] => 0
                    [download_content_length] => -1
                    [upload_content_length] => 0
                    [starttransfer_time] => 0.27717
                    [redirect_time] => 0
                    [redirect_url] => 
                    [primary_ip] => 172.217.194.95
                    [certinfo] => Array
                        (
                        )

                    [primary_port] => 443
                    [local_ip] => 154.154.1.213
                    [local_port] => 50494
                    [http_version] => 3
                    [protocol] => 2
                    [ssl_verifyresult] => 0
                    [scheme] => HTTPS
                    [appconnect_time_us] => 226599
                    [connect_time_us] => 170282
                    [namelookup_time_us] => 78921
                    [pretransfer_time_us] => 226813
                    [redirect_time_us] => 0
                    [starttransfer_time_us] => 277170
                    [total_time_us] => 277285
                    [request_header] => GET /oauth2/v3/userinfo? HTTP/2
Host: www.googleapis.com
user-agent: Hybridauth, PHP Social Authentication Library (https://github.com/hybridauth/hybridauth)
accept-encoding: identity
accept: */*
cache-control: max-age=0
connection: keep-alive
authorization: Bearer ya29.a0ATi6K2tXXfWJi9dG45K0N8GFkdrDo3n-L7iQlcZuhFXpWENB8Nf8dsCwJNLwfcTxgBtMTE7ZetcLzZg8QdcCiJ4YYcdt9J9-XdFdfZ0H-AL741YFL65_udManoM2CztzXj8Zj7KMmHtqpuZ7oMt-T_mLhy35LQf7VXsH66iHYCV2-89RbvDp5VNUV4x40iZ45MKKvLQaCgYKATwSARQSFQHGX2Mim3gcUjdpnHYeJe1WY78H5A0206


                )

            [opts] => Array
                (
                    [13] => 30
                    [78] => 30
                    [64] => 
                    [81] => 
                    [19913] => 1
                    [52] => 1
                    [68] => 5
                    [2] => 1
                    [10102] => identity
                    [10018] => Hybridauth, PHP Social Authentication Library (https://github.com/hybridauth/hybridauth)
                    [10002] => https://www.googleapis.com/oauth2/v3/userinfo?
                    [10023] => Array
                        (
                            [0] => Accept: */*
                            [1] => Cache-Control: max-age=0
                            [2] => Connection: keep-alive
                            [3] => Expect: 
                            [4] => Pragma: 
                            [5] => Authorization: Bearer ya29.a0ATi6K2tXXfWJi9dG45K0N8GFkdrDo3n-L7iQlcZuhFXpWENB8Nf8dsCwJNLwfcTxgBtMTE7ZetcLzZg8QdcCiJ4YYcdt9J9-XdFdfZ0H-AL741YFL65_udManoM2CztzXj8Zj7KMmHtqpuZ7oMt-T_mLhy35LQf7VXsH66iHYCV2-89RbvDp5VNUV4x40iZ45MKKvLQaCgYKATwSARQSFQHGX2Mim3gcUjdpnHYeJe1WY78H5A0206
                        )

                    [20079] => *omitted
                )

        )

)

debug -- ::1 -- 2025-11-19T02:58:10+00:00 -- Initialize Hybridauth\Provider\Google, config: 
Array
(
    [enabled] => 1
    [keys] => Array
        (
            [id] => 523070165573-vragqgmqssr2uos6lffbugjnstj2720a.apps.googleusercontent.com
            [secret] => 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
        )

    [scope] => openid profile email https://www.googleapis.com/auth/userinfo.email https://www.googleapis.com/auth/userinfo.profile
    [debug_mode] => 1
    [debug_file] => D:\Laragon\www\UnFixed/hybridauth.log
    [callback] => http://localhost:3000/callback.php
)

info -- ::1 -- 2025-11-19T02:58:10+00:00 -- Hybridauth\Provider\Google::authenticate()
debug -- ::1 -- 2025-11-19T02:58:10+00:00 -- Hybridauth\Provider\Google::authenticateBegin(), redirecting user to:
Array
(
    [0] => https://accounts.google.com/o/oauth2/v2/auth?response_type=code&client_id=523070165573-vragqgmqssr2uos6lffbugjnstj2720a.apps.googleusercontent.com&redirect_uri=http%3A%2F%2Flocalhost%3A3000%2Fcallback.php&scope=openid+profile+email+https%3A%2F%2Fwww.googleapis.com%2Fauth%2Fuserinfo.email+https%3A%2F%2Fwww.googleapis.com%2Fauth%2Fuserinfo.profile&access_type=offline&prompt=consent&state=HA-SPZNXRJ9Q15C4Y3UV2MLWOB680EDIGA7KHFT
)

debug -- ::1 -- 2025-11-19T02:58:16+00:00 -- Initialize Hybridauth\Provider\Google, config: 
Array
(
    [enabled] => 1
    [keys] => Array
        (
            [id] => 523070165573-vragqgmqssr2uos6lffbugjnstj2720a.apps.googleusercontent.com
            [secret] => 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
        )

    [scope] => openid profile email https://www.googleapis.com/auth/userinfo.email https://www.googleapis.com/auth/userinfo.profile
    [debug_mode] => 1
    [debug_file] => D:\Laragon\www\UnFixed/hybridauth.log
    [callback] => http://localhost:3000/callback.php
)

info -- ::1 -- 2025-11-19T02:58:16+00:00 -- Hybridauth\Provider\Google::authenticate()
debug -- ::1 -- 2025-11-19T02:58:16+00:00 -- Hybridauth\Provider\Google::authenticateFinish(), callback url:
Array
(
    [0] => http://localhost:3000/callback.php?state=HA-SPZNXRJ9Q15C4Y3UV2MLWOB680EDIGA7KHFT&code=4%2F0Ab32j93AG3mw84GgckI8w0U5Og5VmvcXGsIqaSQilrieA6UO6d8gpFn_5QLFur2j7j2ZCw&scope=email+profile+https%3A%2F%2Fwww.googleapis.com%2Fauth%2Fuserinfo.profile+https%3A%2F%2Fwww.googleapis.com%2Fauth%2Fuserinfo.email+openid&authuser=1&prompt=consent
)

debug -- ::1 -- 2025-11-19T02:58:17+00:00 -- Hybridauth\HttpClient\Curl::request( https://oauth2.googleapis.com/token, POST ), response:
Array
(
    [request] => Array
        (
            [uri] => https://oauth2.googleapis.com/token
            [method] => POST
            [parameters] => Array
                (
                    [client_id] => 523070165573-vragqgmqssr2uos6lffbugjnstj2720a.apps.googleusercontent.com
                    [client_secret] => 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
                    [grant_type] => authorization_code
                    [redirect_uri] => http://localhost:3000/callback.php
                    [code] => 4/0Ab32j93AG3mw84GgckI8w0U5Og5VmvcXGsIqaSQilrieA6UO6d8gpFn_5QLFur2j7j2ZCw
                )

            [headers] => Array
                (
                    [Accept] => */*
                    [Cache-Control] => max-age=0
                    [Connection] => keep-alive
                    [Expect] => 
                    [Pragma] => 
                )

        )

    [response] => Array
        (
            [code] => 200
            [headers] => Array
                (
                    [pragma] => no-cache
                    [expires] => Mon, 01 Jan 1990 00:00:00 GMT
                    [cache_control] => no-cache, no-store, max-age=0, must-revalidate
                    [date] => Wed, 19 Nov 2025 02:58:25 GMT
                    [content_type] => application/json; charset=utf-8
                    [vary] => Origin,Accept-Encoding
                    [server] => scaffolding on HTTPServer2
                    [x_xss_protection] => 0
                    [x_frame_options] => SAMEORIGIN
                    [x_content_type_options] => nosniff
                    [alt_svc] => h3=":443"; ma=2592000,h3-29=":443"; ma=2592000
                    [accept_ranges] => none
                )

            [body] => {
  "access_token": "ya29.a0ATi6K2tCe1OVONWJPLPGJyms6he-AdYT48nSPbAHfSdcXWcwMCLCDMp70Wh-B7mVrVfpyXPqsINr_iWT9-US-J-cFAoZiWEt3XtejetKCQaRMCLGWh5KoniWh3CnXikPNDQVnhYhsFb5-UkXv96Gdbei5egFveNXAAnFHb0-97oKuQCctmXEPbEg0V2vZLaXx1oWwOAaCgYKAZMSARQSFQHGX2MiPkUTl62N-lCQn7pjum83DQ0206",
  "expires_in": 3599,
  "refresh_token": "1//0gsY5jjK5mV_dCgYIARAAGBASNwF-L9IryKagDG9u2gf7M02Ah2OoHAuh9FHiBk-70fhJ_FV8ed27J_I-sR_Ew3kl8Yf2LxSh_d8",
  "scope": "https://www.googleapis.com/auth/userinfo.email openid https://www.googleapis.com/auth/userinfo.profile",
  "token_type": "Bearer",
  "id_token": "eyJhbGciOiJSUzI1NiIsImtpZCI6ImE1NzMzYmJiZDgxOGFhNWRiMTk1MTk5Y2Q1NjhlNWQ2ODUxMzJkM2YiLCJ0eXAiOiJKV1QifQ.eyJpc3MiOiJodHRwczovL2FjY291bnRzLmdvb2dsZS5jb20iLCJhenAiOiI1MjMwNzAxNjU1NzMtdnJhZ3FnbXFzc3IydW9zNmxmZmJ1Z2puc3RqMjcyMGEuYXBwcy5nb29nbGV1c2VyY29udGVudC5jb20iLCJhdWQiOiI1MjMwNzAxNjU1NzMtdnJhZ3FnbXFzc3IydW9zNmxmZmJ1Z2puc3RqMjcyMGEuYXBwcy5nb29nbGV1c2VyY29udGVudC5jb20iLCJzdWIiOiIxMDM2NDQzOTAyOTgyMjQ5ODA2MzkiLCJlbWFpbCI6ImJyaXRhbmlhZmlzaWNoZWxsYUBnbWFpbC5jb20iLCJlbWFpbF92ZXJpZmllZCI6dHJ1ZSwiYXRfaGFzaCI6Ing4REFPeWtYUnA4Tmt0VmYwTUJZR0EiLCJuYW1lIjoiVGFubmlhYSIsInBpY3R1cmUiOiJodHRwczovL2xoMy5nb29nbGV1c2VyY29udGVudC5jb20vYS9BQ2c4b2NMd3RHN1lMVzNmN0JNc21xSmFaVW40UnFJUUJ3R05mcFZQelpBSF90U1ZxeWZwSGdpYT1zOTYtYyIsImdpdmVuX25hbWUiOiJUYW5uaWFhIiwiaWF0IjoxNzYzNTIxMTA1LCJleHAiOjE3NjM1MjQ3MDV9.La2hXiy25DWj_MTM30-R6AWEQEz4A24EmvLyP7g2mRDT8e7voEq9mhUrQlQPhGwAqMMGH4OmR4iisn-LCSgqk4b6KM2XMVTrkb6Do974L1G7oD6d0jQibl5wbdvM_VveeqsHfDhRKXLVk_27Ku16DSvbeKy6MRy6cPFehFhPvlaAFEEa2VDGUJpvXxshYLrEUVvptUoOE77XTFOEvpFAhK8LpPu5rTAYZ6l5FtQ3hHF9oSY8-3PNKMyrgs_TVs2Ja1rEJr-7lHjfUOJP2Br0ZACkQiVl69ZoH9VZ6t0Mo7rxGOY7bEwCFRrHth8io_e3StYNTEXwEBSstwppA0QiWQ"
}
        )

    [client] => Array
        (
            [error] => 
            [info] => Array
                (
                    [url] => https://oauth2.googleapis.com/token
                    [content_type] => application/json; charset=utf-8
                    [http_code] => 200
                    [header_size] => 478
                    [request_size] => 313
                    [filetime] => -1
                    [ssl_verify_result] => 0
                    [redirect_count] => 0
                    [total_time] => 0.40039
                    [namelookup_time] => 0.024518
                    [connect_time] => 0.094488
                    [pretransfer_time] => 0.227207
                    [size_upload] => 301
                    [size_download] => 1712
                    [speed_download] => 4275
                    [speed_upload] => 751
                    [download_content_length] => -1
                    [upload_content_length] => 301
                    [starttransfer_time] => 0.227226
                    [redirect_time] => 0
                    [redirect_url] => 
                    [primary_ip] => 172.253.118.95
                    [certinfo] => Array
                        (
                        )

                    [primary_port] => 443
                    [local_ip] => 154.154.1.213
                    [local_port] => 60391
                    [http_version] => 3
                    [protocol] => 2
                    [ssl_verifyresult] => 0
                    [scheme] => HTTPS
                    [appconnect_time_us] => 226761
                    [connect_time_us] => 94488
                    [namelookup_time_us] => 24518
                    [pretransfer_time_us] => 227207
                    [redirect_time_us] => 0
                    [starttransfer_time_us] => 227226
                    [total_time_us] => 400390
                    [request_header] => POST /token HTTP/2
Host: oauth2.googleapis.com
user-agent: Hybridauth, PHP Social Authentication Library (https://github.com/hybridauth/hybridauth)
accept-encoding: identity
accept: */*
cache-control: max-age=0
connection: keep-alive
content-length: 301
content-type: application/x-www-form-urlencoded


                )

            [opts] => Array
                (
                    [13] => 30
                    [78] => 30
                    [64] => 
                    [81] => 
                    [19913] => 1
                    [52] => 1
                    [68] => 5
                    [2] => 1
                    [10102] => identity
                    [10018] => Hybridauth, PHP Social Authentication Library (https://github.com/hybridauth/hybridauth)
                    [47] => 1
                    [10015] => client_id=523070165573-vragqgmqssr2uos6lffbugjnstj2720a.apps.googleusercontent.com&client_secret=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&grant_type=authorization_code&redirect_uri=http%3A%2F%2Flocalhost%3A3000%2Fcallback.php&code=4%2F0Ab32j93AG3mw84GgckI8w0U5Og5VmvcXGsIqaSQilrieA6UO6d8gpFn_5QLFur2j7j2ZCw
                    [10002] => https://oauth2.googleapis.com/token
                    [10023] => Array
                        (
                            [0] => Accept: */*
                            [1] => Cache-Control: max-age=0
                            [2] => Connection: keep-alive
                            [3] => Expect: 
                            [4] => Pragma: 
                        )

                    [20079] => *omitted
                )

        )

)

debug -- ::1 -- 2025-11-19T02:58:17+00:00 -- Hybridauth\HttpClient\Curl::request( https://www.googleapis.com/oauth2/v3/userinfo?, GET ), response:
Array
(
    [request] => Array
        (
            [uri] => https://www.googleapis.com/oauth2/v3/userinfo
            [method] => GET
            [parameters] => Array
                (
                )

            [headers] => Array
                (
                    [Accept] => */*
                    [Cache-Control] => max-age=0
                    [Connection] => keep-alive
                    [Expect] => 
                    [Pragma] => 
                    [Authorization] => Bearer ya29.a0ATi6K2tCe1OVONWJPLPGJyms6he-AdYT48nSPbAHfSdcXWcwMCLCDMp70Wh-B7mVrVfpyXPqsINr_iWT9-US-J-cFAoZiWEt3XtejetKCQaRMCLGWh5KoniWh3CnXikPNDQVnhYhsFb5-UkXv96Gdbei5egFveNXAAnFHb0-97oKuQCctmXEPbEg0V2vZLaXx1oWwOAaCgYKAZMSARQSFQHGX2MiPkUTl62N-lCQn7pjum83DQ0206
                )

        )

    [response] => Array
        (
            [code] => 200
            [headers] => Array
                (
                    [pragma] => no-cache
                    [expires] => Mon, 01 Jan 1990 00:00:00 GMT
                    [cache_control] => no-cache, no-store, max-age=0, must-revalidate
                    [date] => Wed, 19 Nov 2025 02:58:25 GMT
                    [content_type] => application/json; charset=utf-8
                    [vary] => Origin,Accept-Encoding
                    [server] => ESF
                    [x_xss_protection] => 0
                    [x_frame_options] => SAMEORIGIN
                    [x_content_type_options] => nosniff
                    [alt_svc] => h3=":443"; ma=2592000,h3-29=":443"; ma=2592000
                    [accept_ranges] => none
                )

            [body] => {
  "sub": "103644390298224980639",
  "name": "Tanniaa",
  "given_name": "Tanniaa",
  "picture": "https://lh3.googleusercontent.com/a/ACg8ocLwtG7YLW3f7BMsmqJaZUn4RqIQBwGNfpVPzZAH_tSVqyfpHgia\u003ds96-c",
  "email": "britaniafisichella@gmail.com",
  "email_verified": true
}
        )

    [client] => Array
        (
            [error] => 
            [info] => Array
                (
                    [url] => https://www.googleapis.com/oauth2/v3/userinfo
                    [content_type] => application/json; charset=utf-8
                    [http_code] => 200
                    [header_size] => 455
                    [request_size] => 530
                    [filetime] => -1
                    [ssl_verify_result] => 0
                    [redirect_count] => 0
                    [total_time] => 0.214724
                    [namelookup_time] => 0.013509
                    [connect_time] => 0.045909
                    [pretransfer_time] => 0.141137
                    [size_upload] => 0
                    [size_download] => 273
                    [speed_download] => 1271
                    [speed_upload] => 0
                    [download_content_length] => -1
                    [upload_content_length] => 0
                    [starttransfer_time] => 0.214554
                    [redirect_time] => 0
                    [redirect_url] => 
                    [primary_ip] => 74.125.130.95
                    [certinfo] => Array
                        (
                        )

                    [primary_port] => 443
                    [local_ip] => 154.154.1.213
                    [local_port] => 60394
                    [http_version] => 3
                    [protocol] => 2
                    [ssl_verifyresult] => 0
                    [scheme] => HTTPS
                    [appconnect_time_us] => 140880
                    [connect_time_us] => 45909
                    [namelookup_time_us] => 13509
                    [pretransfer_time_us] => 141137
                    [redirect_time_us] => 0
                    [starttransfer_time_us] => 214554
                    [total_time_us] => 214724
                    [request_header] => GET /oauth2/v3/userinfo? HTTP/2
Host: www.googleapis.com
user-agent: Hybridauth, PHP Social Authentication Library (https://github.com/hybridauth/hybridauth)
accept-encoding: identity
accept: */*
cache-control: max-age=0
connection: keep-alive
authorization: Bearer ya29.a0ATi6K2tCe1OVONWJPLPGJyms6he-AdYT48nSPbAHfSdcXWcwMCLCDMp70Wh-B7mVrVfpyXPqsINr_iWT9-US-J-cFAoZiWEt3XtejetKCQaRMCLGWh5KoniWh3CnXikPNDQVnhYhsFb5-UkXv96Gdbei5egFveNXAAnFHb0-97oKuQCctmXEPbEg0V2vZLaXx1oWwOAaCgYKAZMSARQSFQHGX2MiPkUTl62N-lCQn7pjum83DQ0206


                )

            [opts] => Array
                (
                    [13] => 30
                    [78] => 30
                    [64] => 
                    [81] => 
                    [19913] => 1
                    [52] => 1
                    [68] => 5
                    [2] => 1
                    [10102] => identity
                    [10018] => Hybridauth, PHP Social Authentication Library (https://github.com/hybridauth/hybridauth)
                    [10002] => https://www.googleapis.com/oauth2/v3/userinfo?
                    [10023] => Array
                        (
                            [0] => Accept: */*
                            [1] => Cache-Control: max-age=0
                            [2] => Connection: keep-alive
                            [3] => Expect: 
                            [4] => Pragma: 
                            [5] => Authorization: Bearer ya29.a0ATi6K2tCe1OVONWJPLPGJyms6he-AdYT48nSPbAHfSdcXWcwMCLCDMp70Wh-B7mVrVfpyXPqsINr_iWT9-US-J-cFAoZiWEt3XtejetKCQaRMCLGWh5KoniWh3CnXikPNDQVnhYhsFb5-UkXv96Gdbei5egFveNXAAnFHb0-97oKuQCctmXEPbEg0V2vZLaXx1oWwOAaCgYKAZMSARQSFQHGX2MiPkUTl62N-lCQn7pjum83DQ0206
                        )

                    [20079] => *omitted
                )

        )

)

debug -- ::1 -- 2025-11-19T03:08:29+00:00 -- Initialize Hybridauth\Provider\Google, config: 
Array
(
    [enabled] => 1
    [keys] => Array
        (
            [id] => 523070165573-vragqgmqssr2uos6lffbugjnstj2720a.apps.googleusercontent.com
            [secret] => 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
        )

    [scope] => openid profile email https://www.googleapis.com/auth/userinfo.email https://www.googleapis.com/auth/userinfo.profile
    [debug_mode] => 1
    [debug_file] => D:\Laragon\www\UnFixed/hybridauth.log
    [callback] => http://localhost:3000/callback.php
)

info -- ::1 -- 2025-11-19T03:08:29+00:00 -- Hybridauth\Provider\Google::authenticate()
debug -- ::1 -- 2025-11-19T03:08:29+00:00 -- Hybridauth\Provider\Google::authenticateBegin(), redirecting user to:
Array
(
    [0] => https://accounts.google.com/o/oauth2/v2/auth?response_type=code&client_id=523070165573-vragqgmqssr2uos6lffbugjnstj2720a.apps.googleusercontent.com&redirect_uri=http%3A%2F%2Flocalhost%3A3000%2Fcallback.php&scope=openid+profile+email+https%3A%2F%2Fwww.googleapis.com%2Fauth%2Fuserinfo.email+https%3A%2F%2Fwww.googleapis.com%2Fauth%2Fuserinfo.profile&access_type=offline&prompt=consent&state=HA-LFP4JV96ED0Q5GOZUTSWNH1MI72BYXR83ACK
)

debug -- ::1 -- 2025-11-19T03:08:35+00:00 -- Initialize Hybridauth\Provider\Google, config: 
Array
(
    [enabled] => 1
    [keys] => Array
        (
            [id] => 523070165573-vragqgmqssr2uos6lffbugjnstj2720a.apps.googleusercontent.com
            [secret] => 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
        )

    [scope] => openid profile email https://www.googleapis.com/auth/userinfo.email https://www.googleapis.com/auth/userinfo.profile
    [debug_mode] => 1
    [debug_file] => D:\Laragon\www\UnFixed/hybridauth.log
    [callback] => http://localhost:3000/callback.php
)

info -- ::1 -- 2025-11-19T03:08:35+00:00 -- Hybridauth\Provider\Google::authenticate()
debug -- ::1 -- 2025-11-19T03:08:35+00:00 -- Hybridauth\Provider\Google::authenticateFinish(), callback url:
Array
(
    [0] => http://localhost:3000/callback.php?state=HA-LFP4JV96ED0Q5GOZUTSWNH1MI72BYXR83ACK&code=4%2F0Ab32j904OtzXNwdCtUyUuVrczd0RuvQ7EsP5j_cFV3GJc9gGU1qP_RceJMXFtOmeGQDijg&scope=email+profile+https%3A%2F%2Fwww.googleapis.com%2Fauth%2Fuserinfo.profile+https%3A%2F%2Fwww.googleapis.com%2Fauth%2Fuserinfo.email+openid&authuser=1&prompt=consent
)

debug -- ::1 -- 2025-11-19T03:08:35+00:00 -- Hybridauth\HttpClient\Curl::request( https://oauth2.googleapis.com/token, POST ), response:
Array
(
    [request] => Array
        (
            [uri] => https://oauth2.googleapis.com/token
            [method] => POST
            [parameters] => Array
                (
                    [client_id] => 523070165573-vragqgmqssr2uos6lffbugjnstj2720a.apps.googleusercontent.com
                    [client_secret] => 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
                    [grant_type] => authorization_code
                    [redirect_uri] => http://localhost:3000/callback.php
                    [code] => 4/0Ab32j904OtzXNwdCtUyUuVrczd0RuvQ7EsP5j_cFV3GJc9gGU1qP_RceJMXFtOmeGQDijg
                )

            [headers] => Array
                (
                    [Accept] => */*
                    [Cache-Control] => max-age=0
                    [Connection] => keep-alive
                    [Expect] => 
                    [Pragma] => 
                )

        )

    [response] => Array
        (
            [code] => 200
            [headers] => Array
                (
                    [cache_control] => no-cache, no-store, max-age=0, must-revalidate
                    [pragma] => no-cache
                    [expires] => Mon, 01 Jan 1990 00:00:00 GMT
                    [date] => Wed, 19 Nov 2025 03:08:44 GMT
                    [content_type] => application/json; charset=utf-8
                    [vary] => Origin,Accept-Encoding
                    [server] => scaffolding on HTTPServer2
                    [x_xss_protection] => 0
                    [x_frame_options] => SAMEORIGIN
                    [x_content_type_options] => nosniff
                    [alt_svc] => h3=":443"; ma=2592000,h3-29=":443"; ma=2592000
                    [accept_ranges] => none
                )

            [body] => {
  "access_token": "ya29.a0ATi6K2vqbXnr9w1qzopHMTSR8H59_-00y9bzTFzMih5S5hcDr12_3d_hWi6ZBu8oAOBR0O88WxNWy9pPCJTJ2DKRAs6qXoo8enOm33Wc5UR4freHB71kQHyXM0Y4QQra4WITkxzUDsAiiX0y36betimJvWLQoSwScH8VB4zSmrM0oLvadn9RY7sr-6LMLU-emLCvt1kaCgYKAWoSARQSFQHGX2MiOxQ-nLMYeUU3pvZLg9cirA0206",
  "expires_in": 3599,
  "refresh_token": "1//0gLoyQEm1I7KZCgYIARAAGBASNwF-L9IrrzcDEfPWpVyg-hjcH3U5UQT4S-o7nFKLq7QKkOE6jDB5-55Tc9khcJ1O9mPKaEmxJ0s",
  "scope": "https://www.googleapis.com/auth/userinfo.profile https://www.googleapis.com/auth/userinfo.email openid",
  "token_type": "Bearer",
  "id_token": "eyJhbGciOiJSUzI1NiIsImtpZCI6ImE1NzMzYmJiZDgxOGFhNWRiMTk1MTk5Y2Q1NjhlNWQ2ODUxMzJkM2YiLCJ0eXAiOiJKV1QifQ.eyJpc3MiOiJodHRwczovL2FjY291bnRzLmdvb2dsZS5jb20iLCJhenAiOiI1MjMwNzAxNjU1NzMtdnJhZ3FnbXFzc3IydW9zNmxmZmJ1Z2puc3RqMjcyMGEuYXBwcy5nb29nbGV1c2VyY29udGVudC5jb20iLCJhdWQiOiI1MjMwNzAxNjU1NzMtdnJhZ3FnbXFzc3IydW9zNmxmZmJ1Z2puc3RqMjcyMGEuYXBwcy5nb29nbGV1c2VyY29udGVudC5jb20iLCJzdWIiOiIxMDM2NDQzOTAyOTgyMjQ5ODA2MzkiLCJlbWFpbCI6ImJyaXRhbmlhZmlzaWNoZWxsYUBnbWFpbC5jb20iLCJlbWFpbF92ZXJpZmllZCI6dHJ1ZSwiYXRfaGFzaCI6IlNXSTEzNEYySnoxb0dMZUxaekM3MHciLCJuYW1lIjoiVGFubmlhYSIsInBpY3R1cmUiOiJodHRwczovL2xoMy5nb29nbGV1c2VyY29udGVudC5jb20vYS9BQ2c4b2NMd3RHN1lMVzNmN0JNc21xSmFaVW40UnFJUUJ3R05mcFZQelpBSF90U1ZxeWZwSGdpYT1zOTYtYyIsImdpdmVuX25hbWUiOiJUYW5uaWFhIiwiaWF0IjoxNzYzNTIxNzI0LCJleHAiOjE3NjM1MjUzMjR9.Zyca82xzsi64s5YGntqaBOzZ2SXj0VOodWTbhBfzP3hTbjzYyyQ1eBshPjCnpKW2oHnzbNQr5BjdfIEb5GZ1OJXpBRt_5Fp_VkBTyLMWVfXo9CT_Q6M8uulaicuSdtZKZHfifgI6TD58mriUJnPjmJ1_HwWjWntZITUTF-FwkNeNG68fvpyAZKUDa44W-Ch-WNa_duDhScxEjkpBCRlKGNUv2wHmNZjVwnwVcZELUCz4-wHwUI_Nl_sCISOdAyW-mcYblbO33-MIm54UzRvsNFfrQkdPwM0hSXLcFChyBgEO9emai7SV1NZvmjAyf_xBtB7wxEdmI7B6VVTBJZ0X5A"
}
        )

    [client] => Array
        (
            [error] => 
            [info] => Array
                (
                    [url] => https://oauth2.googleapis.com/token
                    [content_type] => application/json; charset=utf-8
                    [http_code] => 200
                    [header_size] => 478
                    [request_size] => 313
                    [filetime] => -1
                    [ssl_verify_result] => 0
                    [redirect_count] => 0
                    [total_time] => 0.228521
                    [namelookup_time] => 0.038509
                    [connect_time] => 0.070813
                    [pretransfer_time] => 0.156159
                    [size_upload] => 301
                    [size_download] => 1712
                    [speed_download] => 7491
                    [speed_upload] => 1317
                    [download_content_length] => -1
                    [upload_content_length] => 301
                    [starttransfer_time] => 0.15618
                    [redirect_time] => 0
                    [redirect_url] => 
                    [primary_ip] => 142.250.4.95
                    [certinfo] => Array
                        (
                        )

                    [primary_port] => 443
                    [local_ip] => 154.154.1.213
                    [local_port] => 55546
                    [http_version] => 3
                    [protocol] => 2
                    [ssl_verifyresult] => 0
                    [scheme] => HTTPS
                    [appconnect_time_us] => 155653
                    [connect_time_us] => 70813
                    [namelookup_time_us] => 38509
                    [pretransfer_time_us] => 156159
                    [redirect_time_us] => 0
                    [starttransfer_time_us] => 156180
                    [total_time_us] => 228521
                    [request_header] => POST /token HTTP/2
Host: oauth2.googleapis.com
user-agent: Hybridauth, PHP Social Authentication Library (https://github.com/hybridauth/hybridauth)
accept-encoding: identity
accept: */*
cache-control: max-age=0
connection: keep-alive
content-length: 301
content-type: application/x-www-form-urlencoded


                )

            [opts] => Array
                (
                    [13] => 30
                    [78] => 30
                    [64] => 
                    [81] => 
                    [19913] => 1
                    [52] => 1
                    [68] => 5
                    [2] => 1
                    [10102] => identity
                    [10018] => Hybridauth, PHP Social Authentication Library (https://github.com/hybridauth/hybridauth)
                    [47] => 1
                    [10015] => client_id=523070165573-vragqgmqssr2uos6lffbugjnstj2720a.apps.googleusercontent.com&client_secret=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&grant_type=authorization_code&redirect_uri=http%3A%2F%2Flocalhost%3A3000%2Fcallback.php&code=4%2F0Ab32j904OtzXNwdCtUyUuVrczd0RuvQ7EsP5j_cFV3GJc9gGU1qP_RceJMXFtOmeGQDijg
                    [10002] => https://oauth2.googleapis.com/token
                    [10023] => Array
                        (
                            [0] => Accept: */*
                            [1] => Cache-Control: max-age=0
                            [2] => Connection: keep-alive
                            [3] => Expect: 
                            [4] => Pragma: 
                        )

                    [20079] => *omitted
                )

        )

)

debug -- ::1 -- 2025-11-19T03:08:35+00:00 -- Hybridauth\HttpClient\Curl::request( https://www.googleapis.com/oauth2/v3/userinfo?, GET ), response:
Array
(
    [request] => Array
        (
            [uri] => https://www.googleapis.com/oauth2/v3/userinfo
            [method] => GET
            [parameters] => Array
                (
                )

            [headers] => Array
                (
                    [Accept] => */*
                    [Cache-Control] => max-age=0
                    [Connection] => keep-alive
                    [Expect] => 
                    [Pragma] => 
                    [Authorization] => Bearer ya29.a0ATi6K2vqbXnr9w1qzopHMTSR8H59_-00y9bzTFzMih5S5hcDr12_3d_hWi6ZBu8oAOBR0O88WxNWy9pPCJTJ2DKRAs6qXoo8enOm33Wc5UR4freHB71kQHyXM0Y4QQra4WITkxzUDsAiiX0y36betimJvWLQoSwScH8VB4zSmrM0oLvadn9RY7sr-6LMLU-emLCvt1kaCgYKAWoSARQSFQHGX2MiOxQ-nLMYeUU3pvZLg9cirA0206
                )

        )

    [response] => Array
        (
            [code] => 200
            [headers] => Array
                (
                    [cache_control] => no-cache, no-store, max-age=0, must-revalidate
                    [pragma] => no-cache
                    [expires] => Mon, 01 Jan 1990 00:00:00 GMT
                    [date] => Wed, 19 Nov 2025 03:08:44 GMT
                    [content_type] => application/json; charset=utf-8
                    [vary] => Origin,Accept-Encoding
                    [server] => ESF
                    [x_xss_protection] => 0
                    [x_frame_options] => SAMEORIGIN
                    [x_content_type_options] => nosniff
                    [alt_svc] => h3=":443"; ma=2592000,h3-29=":443"; ma=2592000
                    [accept_ranges] => none
                )

            [body] => {
  "sub": "103644390298224980639",
  "name": "Tanniaa",
  "given_name": "Tanniaa",
  "picture": "https://lh3.googleusercontent.com/a/ACg8ocLwtG7YLW3f7BMsmqJaZUn4RqIQBwGNfpVPzZAH_tSVqyfpHgia\u003ds96-c",
  "email": "britaniafisichella@gmail.com",
  "email_verified": true
}
        )

    [client] => Array
        (
            [error] => 
            [info] => Array
                (
                    [url] => https://www.googleapis.com/oauth2/v3/userinfo
                    [content_type] => application/json; charset=utf-8
                    [http_code] => 200
                    [header_size] => 455
                    [request_size] => 530
                    [filetime] => -1
                    [ssl_verify_result] => 0
                    [redirect_count] => 0
                    [total_time] => 0.187849
                    [namelookup_time] => 0.010881
                    [connect_time] => 0.043716
                    [pretransfer_time] => 0.113339
                    [size_upload] => 0
                    [size_download] => 273
                    [speed_download] => 1453
                    [speed_upload] => 0
                    [download_content_length] => -1
                    [upload_content_length] => 0
                    [starttransfer_time] => 0.187678
                    [redirect_time] => 0
                    [redirect_url] => 
                    [primary_ip] => 74.125.24.95
                    [certinfo] => Array
                        (
                        )

                    [primary_port] => 443
                    [local_ip] => 154.154.1.213
                    [local_port] => 55549
                    [http_version] => 3
                    [protocol] => 2
                    [ssl_verifyresult] => 0
                    [scheme] => HTTPS
                    [appconnect_time_us] => 112961
                    [connect_time_us] => 43716
                    [namelookup_time_us] => 10881
                    [pretransfer_time_us] => 113339
                    [redirect_time_us] => 0
                    [starttransfer_time_us] => 187678
                    [total_time_us] => 187849
                    [request_header] => GET /oauth2/v3/userinfo? HTTP/2
Host: www.googleapis.com
user-agent: Hybridauth, PHP Social Authentication Library (https://github.com/hybridauth/hybridauth)
accept-encoding: identity
accept: */*
cache-control: max-age=0
connection: keep-alive
authorization: Bearer ya29.a0ATi6K2vqbXnr9w1qzopHMTSR8H59_-00y9bzTFzMih5S5hcDr12_3d_hWi6ZBu8oAOBR0O88WxNWy9pPCJTJ2DKRAs6qXoo8enOm33Wc5UR4freHB71kQHyXM0Y4QQra4WITkxzUDsAiiX0y36betimJvWLQoSwScH8VB4zSmrM0oLvadn9RY7sr-6LMLU-emLCvt1kaCgYKAWoSARQSFQHGX2MiOxQ-nLMYeUU3pvZLg9cirA0206


                )

            [opts] => Array
                (
                    [13] => 30
                    [78] => 30
                    [64] => 
                    [81] => 
                    [19913] => 1
                    [52] => 1
                    [68] => 5
                    [2] => 1
                    [10102] => identity
                    [10018] => Hybridauth, PHP Social Authentication Library (https://github.com/hybridauth/hybridauth)
                    [10002] => https://www.googleapis.com/oauth2/v3/userinfo?
                    [10023] => Array
                        (
                            [0] => Accept: */*
                            [1] => Cache-Control: max-age=0
                            [2] => Connection: keep-alive
                            [3] => Expect: 
                            [4] => Pragma: 
                            [5] => Authorization: Bearer ya29.a0ATi6K2vqbXnr9w1qzopHMTSR8H59_-00y9bzTFzMih5S5hcDr12_3d_hWi6ZBu8oAOBR0O88WxNWy9pPCJTJ2DKRAs6qXoo8enOm33Wc5UR4freHB71kQHyXM0Y4QQra4WITkxzUDsAiiX0y36betimJvWLQoSwScH8VB4zSmrM0oLvadn9RY7sr-6LMLU-emLCvt1kaCgYKAWoSARQSFQHGX2MiOxQ-nLMYeUU3pvZLg9cirA0206
                        )

                    [20079] => *omitted
                )

        )

)

debug -- ::1 -- 2025-11-21T01:50:58+00:00 -- Initialize Hybridauth\Provider\Google, config: 
Array
(
    [enabled] => 1
    [keys] => Array
        (
            [id] => 523070165573-vragqgmqssr2uos6lffbugjnstj2720a.apps.googleusercontent.com
            [secret] => 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
        )

    [scope] => openid profile email https://www.googleapis.com/auth/userinfo.email https://www.googleapis.com/auth/userinfo.profile
    [debug_mode] => 1
    [debug_file] => C:\laragon\scooby-doo\UnFixed/hybridauth.log
    [callback] => http://localhost:3000/callback.php
)

info -- ::1 -- 2025-11-21T01:50:58+00:00 -- Hybridauth\Provider\Google::authenticate()
debug -- ::1 -- 2025-11-21T01:50:58+00:00 -- Hybridauth\Provider\Google::authenticateBegin(), redirecting user to:
Array
(
    [0] => https://accounts.google.com/o/oauth2/v2/auth?response_type=code&client_id=523070165573-vragqgmqssr2uos6lffbugjnstj2720a.apps.googleusercontent.com&redirect_uri=http%3A%2F%2Flocalhost%3A3000%2Fcallback.php&scope=openid+profile+email+https%3A%2F%2Fwww.googleapis.com%2Fauth%2Fuserinfo.email+https%3A%2F%2Fwww.googleapis.com%2Fauth%2Fuserinfo.profile&access_type=offline&prompt=consent&state=HA-N1ZIMV6EX92WT7FOQDLK4CS0HYJ3RPABGU85
)

debug -- ::1 -- 2025-11-21T10:03:46+00:00 -- Initialize Hybridauth\Provider\Google, config: 
Array
(
    [enabled] => 1
    [keys] => Array
        (
            [id] => 523070165573-vragqgmqssr2uos6lffbugjnstj2720a.apps.googleusercontent.com
            [secret] => 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
        )

    [scope] => openid profile email https://www.googleapis.com/auth/userinfo.email https://www.googleapis.com/auth/userinfo.profile
    [debug_mode] => 1
    [debug_file] => C:\laragon\scooby-doo\UnFixed/hybridauth.log
    [callback] => http://localhost:3000/callback.php
)

info -- ::1 -- 2025-11-21T10:03:46+00:00 -- Hybridauth\Provider\Google::authenticate()
debug -- ::1 -- 2025-11-21T10:03:46+00:00 -- Hybridauth\Provider\Google::authenticateBegin(), redirecting user to:
Array
(
    [0] => https://accounts.google.com/o/oauth2/v2/auth?response_type=code&client_id=523070165573-vragqgmqssr2uos6lffbugjnstj2720a.apps.googleusercontent.com&redirect_uri=http%3A%2F%2Flocalhost%3A3000%2Fcallback.php&scope=openid+profile+email+https%3A%2F%2Fwww.googleapis.com%2Fauth%2Fuserinfo.email+https%3A%2F%2Fwww.googleapis.com%2Fauth%2Fuserinfo.profile&access_type=offline&prompt=consent&state=HA-256K4QXRI9LGD1WSNEJMU7AHZC3OPY0FTBV8
)

debug -- ::1 -- 2025-11-22T13:49:54+00:00 -- Initialize Hybridauth\Provider\Google, config: 
Array
(
    [enabled] => 1
    [keys] => Array
        (
            [id] => 523070165573-vragqgmqssr2uos6lffbugjnstj2720a.apps.googleusercontent.com
            [secret] => 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
        )

    [scope] => openid profile email https://www.googleapis.com/auth/userinfo.email https://www.googleapis.com/auth/userinfo.profile
    [debug_mode] => 1
    [debug_file] => C:\laragon\scooby-doo\UnFixed/hybridauth.log
    [callback] => http://localhost:3000/callback.php
)

info -- ::1 -- 2025-11-22T13:49:54+00:00 -- Hybridauth\Provider\Google::authenticate()
debug -- ::1 -- 2025-11-22T13:49:54+00:00 -- Hybridauth\Provider\Google::authenticateBegin(), redirecting user to:
Array
(
    [0] => https://accounts.google.com/o/oauth2/v2/auth?response_type=code&client_id=523070165573-vragqgmqssr2uos6lffbugjnstj2720a.apps.googleusercontent.com&redirect_uri=http%3A%2F%2Flocalhost%3A3000%2Fcallback.php&scope=openid+profile+email+https%3A%2F%2Fwww.googleapis.com%2Fauth%2Fuserinfo.email+https%3A%2F%2Fwww.googleapis.com%2Fauth%2Fuserinfo.profile&access_type=offline&prompt=consent&state=HA-47N8WGYDLZUBXTI3J01QPASK2C6OHV5RFM9E
)

debug -- ::1 -- 2025-11-22T13:50:06+00:00 -- Initialize Hybridauth\Provider\Google, config: 
Array
(
    [enabled] => 1
    [keys] => Array
        (
            [id] => 523070165573-vragqgmqssr2uos6lffbugjnstj2720a.apps.googleusercontent.com
            [secret] => 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
        )

    [scope] => openid profile email https://www.googleapis.com/auth/userinfo.email https://www.googleapis.com/auth/userinfo.profile
    [debug_mode] => 1
    [debug_file] => C:\laragon\scooby-doo\UnFixed/hybridauth.log
    [callback] => http://localhost:3000/callback.php
)

info -- ::1 -- 2025-11-22T13:50:06+00:00 -- Hybridauth\Provider\Google::authenticate()
debug -- ::1 -- 2025-11-22T13:50:06+00:00 -- Hybridauth\Provider\Google::authenticateFinish(), callback url:
Array
(
    [0] => http://localhost:3000/callback.php?state=HA-47N8WGYDLZUBXTI3J01QPASK2C6OHV5RFM9E&code=4%2F0Ab32j93SQp37EmMAeCGcXNvjKW_RXi_IaEa8hINk32ihZwbnkih-9k-5As7R6J7Mxq-wfg&scope=email+profile+https%3A%2F%2Fwww.googleapis.com%2Fauth%2Fuserinfo.profile+https%3A%2F%2Fwww.googleapis.com%2Fauth%2Fuserinfo.email+openid&authuser=0&prompt=consent
)

debug -- ::1 -- 2025-11-22T13:50:06+00:00 -- Hybridauth\HttpClient\Curl::request( https://oauth2.googleapis.com/token, POST ), response:
Array
(
    [request] => Array
        (
            [uri] => https://oauth2.googleapis.com/token
            [method] => POST
            [parameters] => Array
                (
                    [client_id] => 523070165573-vragqgmqssr2uos6lffbugjnstj2720a.apps.googleusercontent.com
                    [client_secret] => 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
                    [grant_type] => authorization_code
                    [redirect_uri] => http://localhost:3000/callback.php
                    [code] => 4/0Ab32j93SQp37EmMAeCGcXNvjKW_RXi_IaEa8hINk32ihZwbnkih-9k-5As7R6J7Mxq-wfg
                )

            [headers] => Array
                (
                    [Accept] => */*
                    [Cache-Control] => max-age=0
                    [Connection] => keep-alive
                    [Expect] => 
                    [Pragma] => 
                )

        )

    [response] => Array
        (
            [code] => 200
            [headers] => Array
                (
                    [date] => Sat, 22 Nov 2025 13:50:05 GMT
                    [pragma] => no-cache
                    [expires] => Mon, 01 Jan 1990 00:00:00 GMT
                    [cache_control] => no-cache, no-store, max-age=0, must-revalidate
                    [content_type] => application/json; charset=utf-8
                    [vary] => Origin,Accept-Encoding
                    [server] => scaffolding on HTTPServer2
                    [x_xss_protection] => 0
                    [x_frame_options] => SAMEORIGIN
                    [x_content_type_options] => nosniff
                    [alt_svc] => h3=":443"; ma=2592000,h3-29=":443"; ma=2592000
                    [accept_ranges] => none
                )

            [body] => {
  "access_token": "ya29.a0ATi6K2sH6ds8q-Tw_DAeyfyfnCsEIeDpBoSqjGQuOb9Sa44-30sTxh0BrqNmwDE1cBwGXqav6b7WNNi1Az-xCWdOo5OhSaT64JqJYB3PpgyMIQln6ah1sk4EjqK6f8SCEBnNmcGpNhgdvOc9QjPe0am6gmxS5M5yKQ3Q5Gpse03jJBj7-UYMiWIOVbLuAqU9Nlp6BOAaCgYKAcASARQSFQHGX2MiwihTlWC8OM526p6IQnO6fw0206",
  "expires_in": 3599,
  "refresh_token": "1//0gu_ifR0YQvMyCgYIARAAGBASNwF-L9Ir2AufgRP_atuDbfZ7SOE24j3fPrRc1k9lbtRhUkKzP9DDcT13wvSd3ijX_5aZUQVkMwA",
  "scope": "https://www.googleapis.com/auth/userinfo.email https://www.googleapis.com/auth/userinfo.profile openid",
  "token_type": "Bearer",
  "id_token": "eyJhbGciOiJSUzI1NiIsImtpZCI6ImE1NzMzYmJiZDgxOGFhNWRiMTk1MTk5Y2Q1NjhlNWQ2ODUxMzJkM2YiLCJ0eXAiOiJKV1QifQ.eyJpc3MiOiJodHRwczovL2FjY291bnRzLmdvb2dsZS5jb20iLCJhenAiOiI1MjMwNzAxNjU1NzMtdnJhZ3FnbXFzc3IydW9zNmxmZmJ1Z2puc3RqMjcyMGEuYXBwcy5nb29nbGV1c2VyY29udGVudC5jb20iLCJhdWQiOiI1MjMwNzAxNjU1NzMtdnJhZ3FnbXFzc3IydW9zNmxmZmJ1Z2puc3RqMjcyMGEuYXBwcy5nb29nbGV1c2VyY29udGVudC5jb20iLCJzdWIiOiIxMDYxMjI1OTM0ODUyMDA4MjI5ODciLCJlbWFpbCI6ImpmZXJ4aWljQGdtYWlsLmNvbSIsImVtYWlsX3ZlcmlmaWVkIjp0cnVlLCJhdF9oYXNoIjoiR2I1d25QSEY1LXdOR19Za0d4M0NxUSIsIm5hbWUiOiJKIEZlcnhpaWMiLCJwaWN0dXJlIjoiaHR0cHM6Ly9saDMuZ29vZ2xldXNlcmNvbnRlbnQuY29tL2EvQUNnOG9jSWo2bmVaQUxIM21OMVd2V2tmNFNqUVRvOHBGVVV2LW5xcjNrWmRRTjBlTlM4SHhSYz1zOTYtYyIsImdpdmVuX25hbWUiOiJKIiwiZmFtaWx5X25hbWUiOiJGZXJ4aWljIiwiaWF0IjoxNzYzODE5NDA1LCJleHAiOjE3NjM4MjMwMDV9.mHxieEnJNgfdKZQH5haYRhBgShl02K66-b4Ob7pcyPDVShnwCIH2-YOzZLm0LV4sEiyXBCHqPdJPoxb-ajqkfMoYWIX3jXABkxYk_uHyRp6jtp6uNcl5dRt6ZjGHpzRsb53U33Wf0mhl9oI3Od7_O5AEQ-aeWfWbJfesV5BcTaYbQagOdjE8-pKYrz_A8CUqmY92rZktu5KxxDc8zT7k6BjIvZ6FUq_rLpqvGU0wxP6X0DJrNRBpqV2y_8mDI1vc78g-0WMWLrJpsL1MwooGiWXJ2271BZoEEWz8mF41vLHa1PAycprtzDD80-RVL9csm4i2jER2ggtAb1pChEtssQ"
}
        )

    [client] => Array
        (
            [error] => 
            [info] => Array
                (
                    [url] => https://oauth2.googleapis.com/token
                    [content_type] => application/json; charset=utf-8
                    [http_code] => 200
                    [header_size] => 478
                    [request_size] => 313
                    [filetime] => -1
                    [ssl_verify_result] => 0
                    [redirect_count] => 0
                    [total_time] => 0.272747
                    [namelookup_time] => 0.02397
                    [connect_time] => 0.051926
                    [pretransfer_time] => 0.160077
                    [size_upload] => 301
                    [size_download] => 1724
                    [speed_download] => 6320
                    [speed_upload] => 1103
                    [download_content_length] => -1
                    [upload_content_length] => 301
                    [starttransfer_time] => 0.160102
                    [redirect_time] => 0
                    [redirect_url] => 
                    [primary_ip] => 142.250.4.95
                    [certinfo] => Array
                        (
                        )

                    [primary_port] => 443
                    [local_ip] => 192.168.100.16
                    [local_port] => 48600
                    [http_version] => 3
                    [protocol] => 2
                    [ssl_verifyresult] => 0
                    [scheme] => HTTPS
                    [appconnect_time_us] => 157866
                    [connect_time_us] => 51926
                    [namelookup_time_us] => 23970
                    [pretransfer_time_us] => 160077
                    [redirect_time_us] => 0
                    [starttransfer_time_us] => 160102
                    [total_time_us] => 272747
                    [request_header] => POST /token HTTP/2
Host: oauth2.googleapis.com
user-agent: Hybridauth, PHP Social Authentication Library (https://github.com/hybridauth/hybridauth)
accept-encoding: identity
accept: */*
cache-control: max-age=0
connection: keep-alive
content-length: 301
content-type: application/x-www-form-urlencoded


                )

            [opts] => Array
                (
                    [13] => 30
                    [78] => 30
                    [64] => 
                    [81] => 
                    [19913] => 1
                    [52] => 1
                    [68] => 5
                    [2] => 1
                    [10102] => identity
                    [10018] => Hybridauth, PHP Social Authentication Library (https://github.com/hybridauth/hybridauth)
                    [47] => 1
                    [10015] => client_id=523070165573-vragqgmqssr2uos6lffbugjnstj2720a.apps.googleusercontent.com&client_secret=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&grant_type=authorization_code&redirect_uri=http%3A%2F%2Flocalhost%3A3000%2Fcallback.php&code=4%2F0Ab32j93SQp37EmMAeCGcXNvjKW_RXi_IaEa8hINk32ihZwbnkih-9k-5As7R6J7Mxq-wfg
                    [10002] => https://oauth2.googleapis.com/token
                    [10023] => Array
                        (
                            [0] => Accept: */*
                            [1] => Cache-Control: max-age=0
                            [2] => Connection: keep-alive
                            [3] => Expect: 
                            [4] => Pragma: 
                        )

                    [20079] => *omitted
                )

        )

)

debug -- ::1 -- 2025-11-22T13:50:06+00:00 -- Hybridauth\HttpClient\Curl::request( https://www.googleapis.com/oauth2/v3/userinfo?, GET ), response:
Array
(
    [request] => Array
        (
            [uri] => https://www.googleapis.com/oauth2/v3/userinfo
            [method] => GET
            [parameters] => Array
                (
                )

            [headers] => Array
                (
                    [Accept] => */*
                    [Cache-Control] => max-age=0
                    [Connection] => keep-alive
                    [Expect] => 
                    [Pragma] => 
                    [Authorization] => Bearer ya29.a0ATi6K2sH6ds8q-Tw_DAeyfyfnCsEIeDpBoSqjGQuOb9Sa44-30sTxh0BrqNmwDE1cBwGXqav6b7WNNi1Az-xCWdOo5OhSaT64JqJYB3PpgyMIQln6ah1sk4EjqK6f8SCEBnNmcGpNhgdvOc9QjPe0am6gmxS5M5yKQ3Q5Gpse03jJBj7-UYMiWIOVbLuAqU9Nlp6BOAaCgYKAcASARQSFQHGX2MiwihTlWC8OM526p6IQnO6fw0206
                )

        )

    [response] => Array
        (
            [code] => 200
            [headers] => Array
                (
                    [date] => Sat, 22 Nov 2025 13:50:06 GMT
                    [pragma] => no-cache
                    [expires] => Mon, 01 Jan 1990 00:00:00 GMT
                    [cache_control] => no-cache, no-store, max-age=0, must-revalidate
                    [content_type] => application/json; charset=utf-8
                    [vary] => Origin,Accept-Encoding
                    [server] => ESF
                    [x_xss_protection] => 0
                    [x_frame_options] => SAMEORIGIN
                    [x_content_type_options] => nosniff
                    [alt_svc] => h3=":443"; ma=2592000,h3-29=":443"; ma=2592000
                    [accept_ranges] => none
                )

            [body] => {
  "sub": "106122593485200822987",
  "name": "J Ferxiic",
  "given_name": "J",
  "family_name": "Ferxiic",
  "picture": "https://lh3.googleusercontent.com/a/ACg8ocIj6neZALH3mN1WvWkf4SjQTo8pFUUv-nqr3kZdQN0eNS8HxRc\u003ds96-c",
  "email": "jferxiic@gmail.com",
  "email_verified": true
}
        )

    [client] => Array
        (
            [error] => 
            [info] => Array
                (
                    [url] => https://www.googleapis.com/oauth2/v3/userinfo
                    [content_type] => application/json; charset=utf-8
                    [http_code] => 200
                    [header_size] => 455
                    [request_size] => 530
                    [filetime] => -1
                    [ssl_verify_result] => 0
                    [redirect_count] => 0
                    [total_time] => 0.302349
                    [namelookup_time] => 0.01075
                    [connect_time] => 0.096357
                    [pretransfer_time] => 0.199782
                    [size_upload] => 0
                    [size_download] => 286
                    [speed_download] => 945
                    [speed_upload] => 0
                    [download_content_length] => -1
                    [upload_content_length] => 0
                    [starttransfer_time] => 0.302197
                    [redirect_time] => 0
                    [redirect_url] => 
                    [primary_ip] => 74.125.200.95
                    [certinfo] => Array
                        (
                        )

                    [primary_port] => 443
                    [local_ip] => 192.168.100.16
                    [local_port] => 48603
                    [http_version] => 3
                    [protocol] => 2
                    [ssl_verifyresult] => 0
                    [scheme] => HTTPS
                    [appconnect_time_us] => 199564
                    [connect_time_us] => 96357
                    [namelookup_time_us] => 10750
                    [pretransfer_time_us] => 199782
                    [redirect_time_us] => 0
                    [starttransfer_time_us] => 302197
                    [total_time_us] => 302349
                    [request_header] => GET /oauth2/v3/userinfo? HTTP/2
Host: www.googleapis.com
user-agent: Hybridauth, PHP Social Authentication Library (https://github.com/hybridauth/hybridauth)
accept-encoding: identity
accept: */*
cache-control: max-age=0
connection: keep-alive
authorization: Bearer ya29.a0ATi6K2sH6ds8q-Tw_DAeyfyfnCsEIeDpBoSqjGQuOb9Sa44-30sTxh0BrqNmwDE1cBwGXqav6b7WNNi1Az-xCWdOo5OhSaT64JqJYB3PpgyMIQln6ah1sk4EjqK6f8SCEBnNmcGpNhgdvOc9QjPe0am6gmxS5M5yKQ3Q5Gpse03jJBj7-UYMiWIOVbLuAqU9Nlp6BOAaCgYKAcASARQSFQHGX2MiwihTlWC8OM526p6IQnO6fw0206


                )

            [opts] => Array
                (
                    [13] => 30
                    [78] => 30
                    [64] => 
                    [81] => 
                    [19913] => 1
                    [52] => 1
                    [68] => 5
                    [2] => 1
                    [10102] => identity
                    [10018] => Hybridauth, PHP Social Authentication Library (https://github.com/hybridauth/hybridauth)
                    [10002] => https://www.googleapis.com/oauth2/v3/userinfo?
                    [10023] => Array
                        (
                            [0] => Accept: */*
                            [1] => Cache-Control: max-age=0
                            [2] => Connection: keep-alive
                            [3] => Expect: 
                            [4] => Pragma: 
                            [5] => Authorization: Bearer ya29.a0ATi6K2sH6ds8q-Tw_DAeyfyfnCsEIeDpBoSqjGQuOb9Sa44-30sTxh0BrqNmwDE1cBwGXqav6b7WNNi1Az-xCWdOo5OhSaT64JqJYB3PpgyMIQln6ah1sk4EjqK6f8SCEBnNmcGpNhgdvOc9QjPe0am6gmxS5M5yKQ3Q5Gpse03jJBj7-UYMiWIOVbLuAqU9Nlp6BOAaCgYKAcASARQSFQHGX2MiwihTlWC8OM526p6IQnO6fw0206
                        )

                    [20079] => *omitted
                )

        )

)

debug -- ::1 -- 2025-11-22T13:50:24+00:00 -- Initialize Hybridauth\Provider\Google, config: 
Array
(
    [enabled] => 1
    [keys] => Array
        (
            [id] => 523070165573-vragqgmqssr2uos6lffbugjnstj2720a.apps.googleusercontent.com
            [secret] => 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
        )

    [scope] => openid profile email https://www.googleapis.com/auth/userinfo.email https://www.googleapis.com/auth/userinfo.profile
    [debug_mode] => 1
    [debug_file] => C:\laragon\scooby-doo\UnFixed/hybridauth.log
    [callback] => http://localhost:3000/callback.php
)

info -- ::1 -- 2025-11-22T13:50:24+00:00 -- Hybridauth\Provider\Google::authenticate()
debug -- ::1 -- 2025-11-22T13:50:24+00:00 -- Hybridauth\Provider\Google::authenticateBegin(), redirecting user to:
Array
(
    [0] => https://accounts.google.com/o/oauth2/v2/auth?response_type=code&client_id=523070165573-vragqgmqssr2uos6lffbugjnstj2720a.apps.googleusercontent.com&redirect_uri=http%3A%2F%2Flocalhost%3A3000%2Fcallback.php&scope=openid+profile+email+https%3A%2F%2Fwww.googleapis.com%2Fauth%2Fuserinfo.email+https%3A%2F%2Fwww.googleapis.com%2Fauth%2Fuserinfo.profile&access_type=offline&prompt=consent&state=HA-U6B2XMO94PNYF8ZG7KHJ0SE5QIWCVTDR31AL
)

debug -- ::1 -- 2025-11-22T13:50:31+00:00 -- Initialize Hybridauth\Provider\Google, config: 
Array
(
    [enabled] => 1
    [keys] => Array
        (
            [id] => 523070165573-vragqgmqssr2uos6lffbugjnstj2720a.apps.googleusercontent.com
            [secret] => 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
        )

    [scope] => openid profile email https://www.googleapis.com/auth/userinfo.email https://www.googleapis.com/auth/userinfo.profile
    [debug_mode] => 1
    [debug_file] => C:\laragon\scooby-doo\UnFixed/hybridauth.log
    [callback] => http://localhost:3000/callback.php
)

info -- ::1 -- 2025-11-22T13:50:31+00:00 -- Hybridauth\Provider\Google::authenticate()
debug -- ::1 -- 2025-11-22T13:50:31+00:00 -- Hybridauth\Provider\Google::authenticateFinish(), callback url:
Array
(
    [0] => http://localhost:3000/callback.php?state=HA-U6B2XMO94PNYF8ZG7KHJ0SE5QIWCVTDR31AL&code=4%2F0Ab32j90J_cBrjw5rzCwiuTmQIYSrWaPRzBvdOQu8hzeYD2ZxgTgRMNO-F1MdJd4Hi0KEpQ&scope=email+profile+https%3A%2F%2Fwww.googleapis.com%2Fauth%2Fuserinfo.profile+https%3A%2F%2Fwww.googleapis.com%2Fauth%2Fuserinfo.email+openid&authuser=0&prompt=consent
)

debug -- ::1 -- 2025-11-22T13:50:31+00:00 -- Hybridauth\HttpClient\Curl::request( https://oauth2.googleapis.com/token, POST ), response:
Array
(
    [request] => Array
        (
            [uri] => https://oauth2.googleapis.com/token
            [method] => POST
            [parameters] => Array
                (
                    [client_id] => 523070165573-vragqgmqssr2uos6lffbugjnstj2720a.apps.googleusercontent.com
                    [client_secret] => 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
                    [grant_type] => authorization_code
                    [redirect_uri] => http://localhost:3000/callback.php
                    [code] => 4/0Ab32j90J_cBrjw5rzCwiuTmQIYSrWaPRzBvdOQu8hzeYD2ZxgTgRMNO-F1MdJd4Hi0KEpQ
                )

            [headers] => Array
                (
                    [Accept] => */*
                    [Cache-Control] => max-age=0
                    [Connection] => keep-alive
                    [Expect] => 
                    [Pragma] => 
                )

        )

    [response] => Array
        (
            [code] => 200
            [headers] => Array
                (
                    [cache_control] => no-cache, no-store, max-age=0, must-revalidate
                    [expires] => Mon, 01 Jan 1990 00:00:00 GMT
                    [pragma] => no-cache
                    [date] => Sat, 22 Nov 2025 13:50:30 GMT
                    [content_type] => application/json; charset=utf-8
                    [vary] => Origin,Accept-Encoding
                    [server] => scaffolding on HTTPServer2
                    [x_xss_protection] => 0
                    [x_frame_options] => SAMEORIGIN
                    [x_content_type_options] => nosniff
                    [alt_svc] => h3=":443"; ma=2592000,h3-29=":443"; ma=2592000
                    [accept_ranges] => none
                )

            [body] => {
  "access_token": "ya29.a0ATi6K2uqUjnPmFgNdexwz_sh4pcdJByB_oLplSJfSidguCMfY1taFbXl4wd1TnRRX6vDpiFhnTO2fpTP3CC1z4wpVvrGAC3WQNEqL_u-9pQF1oYDH5uA9vAX2q9di7GJd_DAiYXu_QL6mwwSzoNba5pZSnJORdWvPuqqywXsGnoX_Mdn14ND2yuQ8lVLneuVi1BM4f0aCgYKAQ4SARQSFQHGX2MijdApiM5v4sIk4kR7_IGn_g0206",
  "expires_in": 3599,
  "refresh_token": "1//0gyItvBziyc84CgYIARAAGBASNwF-L9Ir8BZARFjwGeqyADFITXdn09EtXNmcWhq4gjfJCff4cEFkshRD7VKB1PMnIMeZpGuV3sA",
  "scope": "https://www.googleapis.com/auth/userinfo.profile openid https://www.googleapis.com/auth/userinfo.email",
  "token_type": "Bearer",
  "id_token": "eyJhbGciOiJSUzI1NiIsImtpZCI6ImE1NzMzYmJiZDgxOGFhNWRiMTk1MTk5Y2Q1NjhlNWQ2ODUxMzJkM2YiLCJ0eXAiOiJKV1QifQ.eyJpc3MiOiJodHRwczovL2FjY291bnRzLmdvb2dsZS5jb20iLCJhenAiOiI1MjMwNzAxNjU1NzMtdnJhZ3FnbXFzc3IydW9zNmxmZmJ1Z2puc3RqMjcyMGEuYXBwcy5nb29nbGV1c2VyY29udGVudC5jb20iLCJhdWQiOiI1MjMwNzAxNjU1NzMtdnJhZ3FnbXFzc3IydW9zNmxmZmJ1Z2puc3RqMjcyMGEuYXBwcy5nb29nbGV1c2VyY29udGVudC5jb20iLCJzdWIiOiIxMDYxMjI1OTM0ODUyMDA4MjI5ODciLCJlbWFpbCI6ImpmZXJ4aWljQGdtYWlsLmNvbSIsImVtYWlsX3ZlcmlmaWVkIjp0cnVlLCJhdF9oYXNoIjoia1RFcGU1VTY0RkJnbEI3c2tidmVyZyIsIm5hbWUiOiJKIEZlcnhpaWMiLCJwaWN0dXJlIjoiaHR0cHM6Ly9saDMuZ29vZ2xldXNlcmNvbnRlbnQuY29tL2EvQUNnOG9jSWo2bmVaQUxIM21OMVd2V2tmNFNqUVRvOHBGVVV2LW5xcjNrWmRRTjBlTlM4SHhSYz1zOTYtYyIsImdpdmVuX25hbWUiOiJKIiwiZmFtaWx5X25hbWUiOiJGZXJ4aWljIiwiaWF0IjoxNzYzODE5NDMwLCJleHAiOjE3NjM4MjMwMzB9.xi1eDDMzBMCfQJJH0PLpCHUhnKCTdPjitwJBcCIscmGq18oNAwZoGS29bBNBSWgWYafVU9fDJQPOQdWKeKB7S7Jdj7iv5oo8zoBONc6_-Uo3MmlfKzm5dTsv5sYvrgF6VMlXLhulG2eYoHrtZfCxVniYhCAsTq1Ydg8Rjxvio0GQ80Xni46Y2WTF42M_hsU2oZLlybNM4rFGZt0BzJp0NcYQpLzEeCdeYGyXKBifv0HwMJUM0f1jBSgQt9bJ5jICrDf-_AQ0HjibkdTGpTbpUkFsgQO0ME3rOi6z-y9plaK21WbvOqA-D12bykZk7DcLg8dqzgkCv7aeVGa6YFjhWA"
}
        )

    [client] => Array
        (
            [error] => 
            [info] => Array
                (
                    [url] => https://oauth2.googleapis.com/token
                    [content_type] => application/json; charset=utf-8
                    [http_code] => 200
                    [header_size] => 478
                    [request_size] => 313
                    [filetime] => -1
                    [ssl_verify_result] => 0
                    [redirect_count] => 0
                    [total_time] => 0.269691
                    [namelookup_time] => 0.009692
                    [connect_time] => 0.043493
                    [pretransfer_time] => 0.168811
                    [size_upload] => 301
                    [size_download] => 1724
                    [speed_download] => 6392
                    [speed_upload] => 1116
                    [download_content_length] => -1
                    [upload_content_length] => 301
                    [starttransfer_time] => 0.168825
                    [redirect_time] => 0
                    [redirect_url] => 
                    [primary_ip] => 142.250.4.95
                    [certinfo] => Array
                        (
                        )

                    [primary_port] => 443
                    [local_ip] => 192.168.100.16
                    [local_port] => 20594
                    [http_version] => 3
                    [protocol] => 2
                    [ssl_verifyresult] => 0
                    [scheme] => HTTPS
                    [appconnect_time_us] => 168574
                    [connect_time_us] => 43493
                    [namelookup_time_us] => 9692
                    [pretransfer_time_us] => 168811
                    [redirect_time_us] => 0
                    [starttransfer_time_us] => 168825
                    [total_time_us] => 269691
                    [request_header] => POST /token HTTP/2
Host: oauth2.googleapis.com
user-agent: Hybridauth, PHP Social Authentication Library (https://github.com/hybridauth/hybridauth)
accept-encoding: identity
accept: */*
cache-control: max-age=0
connection: keep-alive
content-length: 301
content-type: application/x-www-form-urlencoded


                )

            [opts] => Array
                (
                    [13] => 30
                    [78] => 30
                    [64] => 
                    [81] => 
                    [19913] => 1
                    [52] => 1
                    [68] => 5
                    [2] => 1
                    [10102] => identity
                    [10018] => Hybridauth, PHP Social Authentication Library (https://github.com/hybridauth/hybridauth)
                    [47] => 1
                    [10015] => client_id=523070165573-vragqgmqssr2uos6lffbugjnstj2720a.apps.googleusercontent.com&client_secret=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&grant_type=authorization_code&redirect_uri=http%3A%2F%2Flocalhost%3A3000%2Fcallback.php&code=4%2F0Ab32j90J_cBrjw5rzCwiuTmQIYSrWaPRzBvdOQu8hzeYD2ZxgTgRMNO-F1MdJd4Hi0KEpQ
                    [10002] => https://oauth2.googleapis.com/token
                    [10023] => Array
                        (
                            [0] => Accept: */*
                            [1] => Cache-Control: max-age=0
                            [2] => Connection: keep-alive
                            [3] => Expect: 
                            [4] => Pragma: 
                        )

                    [20079] => *omitted
                )

        )

)

debug -- ::1 -- 2025-11-22T13:50:31+00:00 -- Hybridauth\HttpClient\Curl::request( https://www.googleapis.com/oauth2/v3/userinfo?, GET ), response:
Array
(
    [request] => Array
        (
            [uri] => https://www.googleapis.com/oauth2/v3/userinfo
            [method] => GET
            [parameters] => Array
                (
                )

            [headers] => Array
                (
                    [Accept] => */*
                    [Cache-Control] => max-age=0
                    [Connection] => keep-alive
                    [Expect] => 
                    [Pragma] => 
                    [Authorization] => Bearer ya29.a0ATi6K2uqUjnPmFgNdexwz_sh4pcdJByB_oLplSJfSidguCMfY1taFbXl4wd1TnRRX6vDpiFhnTO2fpTP3CC1z4wpVvrGAC3WQNEqL_u-9pQF1oYDH5uA9vAX2q9di7GJd_DAiYXu_QL6mwwSzoNba5pZSnJORdWvPuqqywXsGnoX_Mdn14ND2yuQ8lVLneuVi1BM4f0aCgYKAQ4SARQSFQHGX2MijdApiM5v4sIk4kR7_IGn_g0206
                )

        )

    [response] => Array
        (
            [code] => 200
            [headers] => Array
                (
                    [cache_control] => no-cache, no-store, max-age=0, must-revalidate
                    [expires] => Mon, 01 Jan 1990 00:00:00 GMT
                    [pragma] => no-cache
                    [date] => Sat, 22 Nov 2025 13:50:31 GMT
                    [content_type] => application/json; charset=utf-8
                    [vary] => Origin,Accept-Encoding
                    [server] => ESF
                    [x_xss_protection] => 0
                    [x_frame_options] => SAMEORIGIN
                    [x_content_type_options] => nosniff
                    [alt_svc] => h3=":443"; ma=2592000,h3-29=":443"; ma=2592000
                    [accept_ranges] => none
                )

            [body] => {
  "sub": "106122593485200822987",
  "name": "J Ferxiic",
  "given_name": "J",
  "family_name": "Ferxiic",
  "picture": "https://lh3.googleusercontent.com/a/ACg8ocIj6neZALH3mN1WvWkf4SjQTo8pFUUv-nqr3kZdQN0eNS8HxRc\u003ds96-c",
  "email": "jferxiic@gmail.com",
  "email_verified": true
}
        )

    [client] => Array
        (
            [error] => 
            [info] => Array
                (
                    [url] => https://www.googleapis.com/oauth2/v3/userinfo
                    [content_type] => application/json; charset=utf-8
                    [http_code] => 200
                    [header_size] => 455
                    [request_size] => 530
                    [filetime] => -1
                    [ssl_verify_result] => 0
                    [redirect_count] => 0
                    [total_time] => 0.299447
                    [namelookup_time] => 0.002891
                    [connect_time] => 0.094527
                    [pretransfer_time] => 0.200018
                    [size_upload] => 0
                    [size_download] => 286
                    [speed_download] => 955
                    [speed_upload] => 0
                    [download_content_length] => -1
                    [upload_content_length] => 0
                    [starttransfer_time] => 0.29931
                    [redirect_time] => 0
                    [redirect_url] => 
                    [primary_ip] => 74.125.200.95
                    [certinfo] => Array
                        (
                        )

                    [primary_port] => 443
                    [local_ip] => 192.168.100.16
                    [local_port] => 20597
                    [http_version] => 3
                    [protocol] => 2
                    [ssl_verifyresult] => 0
                    [scheme] => HTTPS
                    [appconnect_time_us] => 199655
                    [connect_time_us] => 94527
                    [namelookup_time_us] => 2891
                    [pretransfer_time_us] => 200018
                    [redirect_time_us] => 0
                    [starttransfer_time_us] => 299310
                    [total_time_us] => 299447
                    [request_header] => GET /oauth2/v3/userinfo? HTTP/2
Host: www.googleapis.com
user-agent: Hybridauth, PHP Social Authentication Library (https://github.com/hybridauth/hybridauth)
accept-encoding: identity
accept: */*
cache-control: max-age=0
connection: keep-alive
authorization: Bearer ya29.a0ATi6K2uqUjnPmFgNdexwz_sh4pcdJByB_oLplSJfSidguCMfY1taFbXl4wd1TnRRX6vDpiFhnTO2fpTP3CC1z4wpVvrGAC3WQNEqL_u-9pQF1oYDH5uA9vAX2q9di7GJd_DAiYXu_QL6mwwSzoNba5pZSnJORdWvPuqqywXsGnoX_Mdn14ND2yuQ8lVLneuVi1BM4f0aCgYKAQ4SARQSFQHGX2MijdApiM5v4sIk4kR7_IGn_g0206


                )

            [opts] => Array
                (
                    [13] => 30
                    [78] => 30
                    [64] => 
                    [81] => 
                    [19913] => 1
                    [52] => 1
                    [68] => 5
                    [2] => 1
                    [10102] => identity
                    [10018] => Hybridauth, PHP Social Authentication Library (https://github.com/hybridauth/hybridauth)
                    [10002] => https://www.googleapis.com/oauth2/v3/userinfo?
                    [10023] => Array
                        (
                            [0] => Accept: */*
                            [1] => Cache-Control: max-age=0
                            [2] => Connection: keep-alive
                            [3] => Expect: 
                            [4] => Pragma: 
                            [5] => Authorization: Bearer ya29.a0ATi6K2uqUjnPmFgNdexwz_sh4pcdJByB_oLplSJfSidguCMfY1taFbXl4wd1TnRRX6vDpiFhnTO2fpTP3CC1z4wpVvrGAC3WQNEqL_u-9pQF1oYDH5uA9vAX2q9di7GJd_DAiYXu_QL6mwwSzoNba5pZSnJORdWvPuqqywXsGnoX_Mdn14ND2yuQ8lVLneuVi1BM4f0aCgYKAQ4SARQSFQHGX2MijdApiM5v4sIk4kR7_IGn_g0206
                        )

                    [20079] => *omitted
                )

        )

)

debug -- ::1 -- 2025-11-22T13:51:17+00:00 -- Initialize Hybridauth\Provider\Google, config: 
Array
(
    [enabled] => 1
    [keys] => Array
        (
            [id] => 523070165573-vragqgmqssr2uos6lffbugjnstj2720a.apps.googleusercontent.com
            [secret] => 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
        )

    [scope] => openid profile email https://www.googleapis.com/auth/userinfo.email https://www.googleapis.com/auth/userinfo.profile
    [debug_mode] => 1
    [debug_file] => C:\laragon\scooby-doo\UnFixed/hybridauth.log
    [callback] => http://localhost:3000/callback.php
)

info -- ::1 -- 2025-11-22T13:51:17+00:00 -- Hybridauth\Provider\Google::authenticate()
debug -- ::1 -- 2025-11-22T13:51:17+00:00 -- Hybridauth\Provider\Google::authenticateBegin(), redirecting user to:
Array
(
    [0] => https://accounts.google.com/o/oauth2/v2/auth?response_type=code&client_id=523070165573-vragqgmqssr2uos6lffbugjnstj2720a.apps.googleusercontent.com&redirect_uri=http%3A%2F%2Flocalhost%3A3000%2Fcallback.php&scope=openid+profile+email+https%3A%2F%2Fwww.googleapis.com%2Fauth%2Fuserinfo.email+https%3A%2F%2Fwww.googleapis.com%2Fauth%2Fuserinfo.profile&access_type=offline&prompt=consent&state=HA-UVZAQN8MIFOX0GJ2TREDSK6WL3HP459C7YB1
)

debug -- ::1 -- 2025-11-22T13:51:23+00:00 -- Initialize Hybridauth\Provider\Google, config: 
Array
(
    [enabled] => 1
    [keys] => Array
        (
            [id] => 523070165573-vragqgmqssr2uos6lffbugjnstj2720a.apps.googleusercontent.com
            [secret] => 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
        )

    [scope] => openid profile email https://www.googleapis.com/auth/userinfo.email https://www.googleapis.com/auth/userinfo.profile
    [debug_mode] => 1
    [debug_file] => C:\laragon\scooby-doo\UnFixed/hybridauth.log
    [callback] => http://localhost:3000/callback.php
)

info -- ::1 -- 2025-11-22T13:51:23+00:00 -- Hybridauth\Provider\Google::authenticate()
debug -- ::1 -- 2025-11-22T13:51:23+00:00 -- Hybridauth\Provider\Google::authenticateFinish(), callback url:
Array
(
    [0] => http://localhost:3000/callback.php?state=HA-UVZAQN8MIFOX0GJ2TREDSK6WL3HP459C7YB1&code=4%2F0Ab32j90jzvW3NoDkFuH1YIs1sQ-jNYEcq8lx1pKkFaLKjgIVtZz1rzXZV8-PlCYhqkf0Iw&scope=email+profile+https%3A%2F%2Fwww.googleapis.com%2Fauth%2Fuserinfo.profile+https%3A%2F%2Fwww.googleapis.com%2Fauth%2Fuserinfo.email+openid&authuser=0&prompt=consent
)

debug -- ::1 -- 2025-11-22T13:51:24+00:00 -- Hybridauth\HttpClient\Curl::request( https://oauth2.googleapis.com/token, POST ), response:
Array
(
    [request] => Array
        (
            [uri] => https://oauth2.googleapis.com/token
            [method] => POST
            [parameters] => Array
                (
                    [client_id] => 523070165573-vragqgmqssr2uos6lffbugjnstj2720a.apps.googleusercontent.com
                    [client_secret] => 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
                    [grant_type] => authorization_code
                    [redirect_uri] => http://localhost:3000/callback.php
                    [code] => 4/0Ab32j90jzvW3NoDkFuH1YIs1sQ-jNYEcq8lx1pKkFaLKjgIVtZz1rzXZV8-PlCYhqkf0Iw
                )

            [headers] => Array
                (
                    [Accept] => */*
                    [Cache-Control] => max-age=0
                    [Connection] => keep-alive
                    [Expect] => 
                    [Pragma] => 
                )

        )

    [response] => Array
        (
            [code] => 200
            [headers] => Array
                (
                    [date] => Sat, 22 Nov 2025 13:51:23 GMT
                    [cache_control] => no-cache, no-store, max-age=0, must-revalidate
                    [pragma] => no-cache
                    [expires] => Mon, 01 Jan 1990 00:00:00 GMT
                    [content_type] => application/json; charset=utf-8
                    [vary] => Origin,Accept-Encoding
                    [server] => scaffolding on HTTPServer2
                    [x_xss_protection] => 0
                    [x_frame_options] => SAMEORIGIN
                    [x_content_type_options] => nosniff
                    [alt_svc] => h3=":443"; ma=2592000,h3-29=":443"; ma=2592000
                    [accept_ranges] => none
                )

            [body] => {
  "access_token": "ya29.a0ATi6K2tjL-Z0H_0qTlvAFc53JHeja1LcK6PrjPGVoDBeGJG9vC2tX1sLB-MyqnfTUSXy7ezpUMlTp9eGCikDWrfqXP8OoXfbsQQTZk4jCKw3NCuW4RcSmsyypc4yEq5xgfpT_CYYOYoYDtcS0G2QS8YRG2uTxAKzc2P03Lt1Sig5Vy6RiO4Qlnzf4AbpCcPwXgLuoKgaCgYKAfYSARQSFQHGX2MiwCoxXXkKVb9VLQm9x6SO0A0206",
  "expires_in": 3599,
  "refresh_token": "1//0ggnLOGYMZzrgCgYIARAAGBASNwF-L9IrNVbvjIba_tWtIbUbCDmv2L1Pmbk5hHWU0A7w6lqQAVLIcZO1bpEDiIthBAQ7N8bQqpo",
  "scope": "https://www.googleapis.com/auth/userinfo.email openid https://www.googleapis.com/auth/userinfo.profile",
  "token_type": "Bearer",
  "id_token": "eyJhbGciOiJSUzI1NiIsImtpZCI6ImE1NzMzYmJiZDgxOGFhNWRiMTk1MTk5Y2Q1NjhlNWQ2ODUxMzJkM2YiLCJ0eXAiOiJKV1QifQ.eyJpc3MiOiJodHRwczovL2FjY291bnRzLmdvb2dsZS5jb20iLCJhenAiOiI1MjMwNzAxNjU1NzMtdnJhZ3FnbXFzc3IydW9zNmxmZmJ1Z2puc3RqMjcyMGEuYXBwcy5nb29nbGV1c2VyY29udGVudC5jb20iLCJhdWQiOiI1MjMwNzAxNjU1NzMtdnJhZ3FnbXFzc3IydW9zNmxmZmJ1Z2puc3RqMjcyMGEuYXBwcy5nb29nbGV1c2VyY29udGVudC5jb20iLCJzdWIiOiIxMDYxMjI1OTM0ODUyMDA4MjI5ODciLCJlbWFpbCI6ImpmZXJ4aWljQGdtYWlsLmNvbSIsImVtYWlsX3ZlcmlmaWVkIjp0cnVlLCJhdF9oYXNoIjoiOUdsZHVLMDN5emtZRnNEV0dMM2hlQSIsIm5hbWUiOiJKIEZlcnhpaWMiLCJwaWN0dXJlIjoiaHR0cHM6Ly9saDMuZ29vZ2xldXNlcmNvbnRlbnQuY29tL2EvQUNnOG9jSWo2bmVaQUxIM21OMVd2V2tmNFNqUVRvOHBGVVV2LW5xcjNrWmRRTjBlTlM4SHhSYz1zOTYtYyIsImdpdmVuX25hbWUiOiJKIiwiZmFtaWx5X25hbWUiOiJGZXJ4aWljIiwiaWF0IjoxNzYzODE5NDgzLCJleHAiOjE3NjM4MjMwODN9.bjFX_4PfS-3Uvw9G95h88Jj3T9NDAZ4XpV9kbrvyqPGOG18b1Y_9dAKD5joQeRkJ_whB0uODJV2PkXB6-EU_FRk0iCNFH8eSggRBtVk290-u4a77Jd_qmOiDZlbobtODMBTj88JdQ2EBqOrkLV20JEk09AL_xEW6VlQfLpLxkm7luTL9_DyQSTLqa6dA_Bt4Jdp_UZ5Z3b8u9a0svN8OYN9sL0abELiOUIwrUsNx40ixEMQu62YtZoi3zprMUcpO5GSfE_P7yVcRLR8ptDRc_B0DOJB7SwuC481nVJJbJ8SAkExqOCN2Rh7qJfMG5E1J7IxCj1ogTa8YFV4h8nBY-A"
}
        )

    [client] => Array
        (
            [error] => 
            [info] => Array
                (
                    [url] => https://oauth2.googleapis.com/token
                    [content_type] => application/json; charset=utf-8
                    [http_code] => 200
                    [header_size] => 478
                    [request_size] => 313
                    [filetime] => -1
                    [ssl_verify_result] => 0
                    [redirect_count] => 0
                    [total_time] => 0.359237
                    [namelookup_time] => 0.045128
                    [connect_time] => 0.156329
                    [pretransfer_time] => 0.258301
                    [size_upload] => 301
                    [size_download] => 1724
                    [speed_download] => 4799
                    [speed_upload] => 837
                    [download_content_length] => -1
                    [upload_content_length] => 301
                    [starttransfer_time] => 0.258319
                    [redirect_time] => 0
                    [redirect_url] => 
                    [primary_ip] => 74.125.24.95
                    [certinfo] => Array
                        (
                        )

                    [primary_port] => 443
                    [local_ip] => 192.168.100.16
                    [local_port] => 31443
                    [http_version] => 3
                    [protocol] => 2
                    [ssl_verifyresult] => 0
                    [scheme] => HTTPS
                    [appconnect_time_us] => 258063
                    [connect_time_us] => 156329
                    [namelookup_time_us] => 45128
                    [pretransfer_time_us] => 258301
                    [redirect_time_us] => 0
                    [starttransfer_time_us] => 258319
                    [total_time_us] => 359237
                    [request_header] => POST /token HTTP/2
Host: oauth2.googleapis.com
user-agent: Hybridauth, PHP Social Authentication Library (https://github.com/hybridauth/hybridauth)
accept-encoding: identity
accept: */*
cache-control: max-age=0
connection: keep-alive
content-length: 301
content-type: application/x-www-form-urlencoded


                )

            [opts] => Array
                (
                    [13] => 30
                    [78] => 30
                    [64] => 
                    [81] => 
                    [19913] => 1
                    [52] => 1
                    [68] => 5
                    [2] => 1
                    [10102] => identity
                    [10018] => Hybridauth, PHP Social Authentication Library (https://github.com/hybridauth/hybridauth)
                    [47] => 1
                    [10015] => client_id=523070165573-vragqgmqssr2uos6lffbugjnstj2720a.apps.googleusercontent.com&client_secret=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&grant_type=authorization_code&redirect_uri=http%3A%2F%2Flocalhost%3A3000%2Fcallback.php&code=4%2F0Ab32j90jzvW3NoDkFuH1YIs1sQ-jNYEcq8lx1pKkFaLKjgIVtZz1rzXZV8-PlCYhqkf0Iw
                    [10002] => https://oauth2.googleapis.com/token
                    [10023] => Array
                        (
                            [0] => Accept: */*
                            [1] => Cache-Control: max-age=0
                            [2] => Connection: keep-alive
                            [3] => Expect: 
                            [4] => Pragma: 
                        )

                    [20079] => *omitted
                )

        )

)

debug -- ::1 -- 2025-11-22T13:51:24+00:00 -- Hybridauth\HttpClient\Curl::request( https://www.googleapis.com/oauth2/v3/userinfo?, GET ), response:
Array
(
    [request] => Array
        (
            [uri] => https://www.googleapis.com/oauth2/v3/userinfo
            [method] => GET
            [parameters] => Array
                (
                )

            [headers] => Array
                (
                    [Accept] => */*
                    [Cache-Control] => max-age=0
                    [Connection] => keep-alive
                    [Expect] => 
                    [Pragma] => 
                    [Authorization] => Bearer ya29.a0ATi6K2tjL-Z0H_0qTlvAFc53JHeja1LcK6PrjPGVoDBeGJG9vC2tX1sLB-MyqnfTUSXy7ezpUMlTp9eGCikDWrfqXP8OoXfbsQQTZk4jCKw3NCuW4RcSmsyypc4yEq5xgfpT_CYYOYoYDtcS0G2QS8YRG2uTxAKzc2P03Lt1Sig5Vy6RiO4Qlnzf4AbpCcPwXgLuoKgaCgYKAfYSARQSFQHGX2MiwCoxXXkKVb9VLQm9x6SO0A0206
                )

        )

    [response] => Array
        (
            [code] => 200
            [headers] => Array
                (
                    [date] => Sat, 22 Nov 2025 13:51:23 GMT
                    [cache_control] => no-cache, no-store, max-age=0, must-revalidate
                    [pragma] => no-cache
                    [expires] => Mon, 01 Jan 1990 00:00:00 GMT
                    [content_type] => application/json; charset=utf-8
                    [vary] => Origin,Accept-Encoding
                    [server] => ESF
                    [x_xss_protection] => 0
                    [x_frame_options] => SAMEORIGIN
                    [x_content_type_options] => nosniff
                    [alt_svc] => h3=":443"; ma=2592000,h3-29=":443"; ma=2592000
                    [accept_ranges] => none
                )

            [body] => {
  "sub": "106122593485200822987",
  "name": "J Ferxiic",
  "given_name": "J",
  "family_name": "Ferxiic",
  "picture": "https://lh3.googleusercontent.com/a/ACg8ocIj6neZALH3mN1WvWkf4SjQTo8pFUUv-nqr3kZdQN0eNS8HxRc\u003ds96-c",
  "email": "jferxiic@gmail.com",
  "email_verified": true
}
        )

    [client] => Array
        (
            [error] => 
            [info] => Array
                (
                    [url] => https://www.googleapis.com/oauth2/v3/userinfo
                    [content_type] => application/json; charset=utf-8
                    [http_code] => 200
                    [header_size] => 455
                    [request_size] => 530
                    [filetime] => -1
                    [ssl_verify_result] => 0
                    [redirect_count] => 0
                    [total_time] => 0.261388
                    [namelookup_time] => 0.002548
                    [connect_time] => 0.094947
                    [pretransfer_time] => 0.198046
                    [size_upload] => 0
                    [size_download] => 286
                    [speed_download] => 1094
                    [speed_upload] => 0
                    [download_content_length] => -1
                    [upload_content_length] => 0
                    [starttransfer_time] => 0.261248
                    [redirect_time] => 0
                    [redirect_url] => 
                    [primary_ip] => 74.125.200.95
                    [certinfo] => Array
                        (
                        )

                    [primary_port] => 443
                    [local_ip] => 192.168.100.16
                    [local_port] => 31446
                    [http_version] => 3
                    [protocol] => 2
                    [ssl_verifyresult] => 0
                    [scheme] => HTTPS
                    [appconnect_time_us] => 197821
                    [connect_time_us] => 94947
                    [namelookup_time_us] => 2548
                    [pretransfer_time_us] => 198046
                    [redirect_time_us] => 0
                    [starttransfer_time_us] => 261248
                    [total_time_us] => 261388
                    [request_header] => GET /oauth2/v3/userinfo? HTTP/2
Host: www.googleapis.com
user-agent: Hybridauth, PHP Social Authentication Library (https://github.com/hybridauth/hybridauth)
accept-encoding: identity
accept: */*
cache-control: max-age=0
connection: keep-alive
authorization: Bearer ya29.a0ATi6K2tjL-Z0H_0qTlvAFc53JHeja1LcK6PrjPGVoDBeGJG9vC2tX1sLB-MyqnfTUSXy7ezpUMlTp9eGCikDWrfqXP8OoXfbsQQTZk4jCKw3NCuW4RcSmsyypc4yEq5xgfpT_CYYOYoYDtcS0G2QS8YRG2uTxAKzc2P03Lt1Sig5Vy6RiO4Qlnzf4AbpCcPwXgLuoKgaCgYKAfYSARQSFQHGX2MiwCoxXXkKVb9VLQm9x6SO0A0206


                )

            [opts] => Array
                (
                    [13] => 30
                    [78] => 30
                    [64] => 
                    [81] => 
                    [19913] => 1
                    [52] => 1
                    [68] => 5
                    [2] => 1
                    [10102] => identity
                    [10018] => Hybridauth, PHP Social Authentication Library (https://github.com/hybridauth/hybridauth)
                    [10002] => https://www.googleapis.com/oauth2/v3/userinfo?
                    [10023] => Array
                        (
                            [0] => Accept: */*
                            [1] => Cache-Control: max-age=0
                            [2] => Connection: keep-alive
                            [3] => Expect: 
                            [4] => Pragma: 
                            [5] => Authorization: Bearer ya29.a0ATi6K2tjL-Z0H_0qTlvAFc53JHeja1LcK6PrjPGVoDBeGJG9vC2tX1sLB-MyqnfTUSXy7ezpUMlTp9eGCikDWrfqXP8OoXfbsQQTZk4jCKw3NCuW4RcSmsyypc4yEq5xgfpT_CYYOYoYDtcS0G2QS8YRG2uTxAKzc2P03Lt1Sig5Vy6RiO4Qlnzf4AbpCcPwXgLuoKgaCgYKAfYSARQSFQHGX2MiwCoxXXkKVb9VLQm9x6SO0A0206
                        )

                    [20079] => *omitted
                )

        )

)

debug -- ::1 -- 2025-11-22T13:52:07+00:00 -- Initialize Hybridauth\Provider\Google, config: 
Array
(
    [enabled] => 1
    [keys] => Array
        (
            [id] => 523070165573-vragqgmqssr2uos6lffbugjnstj2720a.apps.googleusercontent.com
            [secret] => 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
        )

    [scope] => openid profile email https://www.googleapis.com/auth/userinfo.email https://www.googleapis.com/auth/userinfo.profile
    [debug_mode] => 1
    [debug_file] => C:\laragon\scooby-doo\UnFixed/hybridauth.log
    [callback] => http://localhost:3000/callback.php
)

info -- ::1 -- 2025-11-22T13:52:07+00:00 -- Hybridauth\Provider\Google::authenticate()
debug -- ::1 -- 2025-11-22T13:52:07+00:00 -- Hybridauth\Provider\Google::authenticateFinish(), callback url:
Array
(
    [0] => http://localhost:3000/callback.php?state=HA-UVZAQN8MIFOX0GJ2TREDSK6WL3HP459C7YB1&code=4%2F0Ab32j90BTbSlGe-sIdYxv9okzW3c0U748etN7XRKP8LAiIi0bTl1SQS9pl-0eVxaBHc1mw&scope=email+profile+https%3A%2F%2Fwww.googleapis.com%2Fauth%2Fuserinfo.profile+https%3A%2F%2Fwww.googleapis.com%2Fauth%2Fuserinfo.email+openid&authuser=0&prompt=consent
)

debug -- ::1 -- 2025-11-22T14:24:40+00:00 -- Initialize Hybridauth\Provider\Google, config: 
Array
(
    [enabled] => 1
    [keys] => Array
        (
            [id] => 523070165573-vragqgmqssr2uos6lffbugjnstj2720a.apps.googleusercontent.com
            [secret] => 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
        )

    [scope] => openid profile email https://www.googleapis.com/auth/userinfo.email https://www.googleapis.com/auth/userinfo.profile
    [debug_mode] => 1
    [debug_file] => C:\laragon\scooby-doo\UnFixed/hybridauth.log
    [callback] => http://localhost:3000/callback.php
)

info -- ::1 -- 2025-11-22T14:24:40+00:00 -- Hybridauth\Provider\Google::authenticate()
debug -- ::1 -- 2025-11-22T14:24:40+00:00 -- Hybridauth\Provider\Google::authenticateBegin(), redirecting user to:
Array
(
    [0] => https://accounts.google.com/o/oauth2/v2/auth?response_type=code&client_id=523070165573-vragqgmqssr2uos6lffbugjnstj2720a.apps.googleusercontent.com&redirect_uri=http%3A%2F%2Flocalhost%3A3000%2Fcallback.php&scope=openid+profile+email+https%3A%2F%2Fwww.googleapis.com%2Fauth%2Fuserinfo.email+https%3A%2F%2Fwww.googleapis.com%2Fauth%2Fuserinfo.profile&access_type=offline&prompt=consent&state=HA-KM5CSHZ1L8N9WGDJQFBAETRYP0IXOU2V7643
)

debug -- ::1 -- 2025-11-22T14:25:53+00:00 -- Initialize Hybridauth\Provider\Google, config: 
Array
(
    [enabled] => 1
    [keys] => Array
        (
            [id] => 523070165573-vragqgmqssr2uos6lffbugjnstj2720a.apps.googleusercontent.com
            [secret] => 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
        )

    [scope] => openid profile email https://www.googleapis.com/auth/userinfo.email https://www.googleapis.com/auth/userinfo.profile
    [debug_mode] => 1
    [debug_file] => C:\laragon\scooby-doo\UnFixed/hybridauth.log
    [callback] => http://localhost:3000/callback.php
)

info -- ::1 -- 2025-11-22T14:25:53+00:00 -- Hybridauth\Provider\Google::authenticate()
debug -- ::1 -- 2025-11-22T14:25:53+00:00 -- Hybridauth\Provider\Google::authenticateFinish(), callback url:
Array
(
    [0] => http://localhost:3000/callback.php?state=HA-KM5CSHZ1L8N9WGDJQFBAETRYP0IXOU2V7643&code=4%2F0Ab32j93yuycrn4r6tdGD-Lxi0mcnb_KWUHx0QCi-sxKsc43SXRC8TcTjG6-1YsglBYkf0w&scope=email+profile+https%3A%2F%2Fwww.googleapis.com%2Fauth%2Fuserinfo.profile+https%3A%2F%2Fwww.googleapis.com%2Fauth%2Fuserinfo.email+openid&authuser=0&prompt=consent
)

debug -- ::1 -- 2025-11-22T14:25:53+00:00 -- Hybridauth\HttpClient\Curl::request( https://oauth2.googleapis.com/token, POST ), response:
Array
(
    [request] => Array
        (
            [uri] => https://oauth2.googleapis.com/token
            [method] => POST
            [parameters] => Array
                (
                    [client_id] => 523070165573-vragqgmqssr2uos6lffbugjnstj2720a.apps.googleusercontent.com
                    [client_secret] => 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
                    [grant_type] => authorization_code
                    [redirect_uri] => http://localhost:3000/callback.php
                    [code] => 4/0Ab32j93yuycrn4r6tdGD-Lxi0mcnb_KWUHx0QCi-sxKsc43SXRC8TcTjG6-1YsglBYkf0w
                )

            [headers] => Array
                (
                    [Accept] => */*
                    [Cache-Control] => max-age=0
                    [Connection] => keep-alive
                    [Expect] => 
                    [Pragma] => 
                )

        )

    [response] => Array
        (
            [code] => 200
            [headers] => Array
                (
                    [pragma] => no-cache
                    [cache_control] => no-cache, no-store, max-age=0, must-revalidate
                    [date] => Sat, 22 Nov 2025 14:25:52 GMT
                    [expires] => Mon, 01 Jan 1990 00:00:00 GMT
                    [content_type] => application/json; charset=utf-8
                    [vary] => Origin,Accept-Encoding
                    [server] => scaffolding on HTTPServer2
                    [x_xss_protection] => 0
                    [x_frame_options] => SAMEORIGIN
                    [x_content_type_options] => nosniff
                    [alt_svc] => h3=":443"; ma=2592000,h3-29=":443"; ma=2592000
                    [accept_ranges] => none
                )

            [body] => {
  "access_token": "ya29.a0ATi6K2tAvrILG_pzZVvrPsuwGF_5TLa5dQq51BAAqPSRmGg22AVOQ5jBCE23uTcYfXbljv0jKU_a3nHO0fc8RKvw_NuavfzSMV5oLJjxtLzT7RZbWuYeecwn5BGZwsG54dnQGRQ4GXr9jSJ4Rz0HHMgmpkylla3DS8ntDcMxcVV8cm8bw9xd25MT02gaYUY795dNI9MaCgYKAboSARQSFQHGX2MiRVzqTDy6uexzkuMN9ZP-tw0206",
  "expires_in": 3599,
  "refresh_token": "1//0gu0kyUZrwOhiCgYIARAAGBASNwF-L9IrEL38d37PKcCz6TOIrqHcQax8iB0J-YE6OhV5GgQ-JSmbJ5xWvE0dnuQYoTShOMl1lZc",
  "scope": "https://www.googleapis.com/auth/userinfo.email https://www.googleapis.com/auth/userinfo.profile openid",
  "token_type": "Bearer",
  "id_token": "eyJhbGciOiJSUzI1NiIsImtpZCI6ImE1NzMzYmJiZDgxOGFhNWRiMTk1MTk5Y2Q1NjhlNWQ2ODUxMzJkM2YiLCJ0eXAiOiJKV1QifQ.eyJpc3MiOiJodHRwczovL2FjY291bnRzLmdvb2dsZS5jb20iLCJhenAiOiI1MjMwNzAxNjU1NzMtdnJhZ3FnbXFzc3IydW9zNmxmZmJ1Z2puc3RqMjcyMGEuYXBwcy5nb29nbGV1c2VyY29udGVudC5jb20iLCJhdWQiOiI1MjMwNzAxNjU1NzMtdnJhZ3FnbXFzc3IydW9zNmxmZmJ1Z2puc3RqMjcyMGEuYXBwcy5nb29nbGV1c2VyY29udGVudC5jb20iLCJzdWIiOiIxMDYxMjI1OTM0ODUyMDA4MjI5ODciLCJlbWFpbCI6ImpmZXJ4aWljQGdtYWlsLmNvbSIsImVtYWlsX3ZlcmlmaWVkIjp0cnVlLCJhdF9oYXNoIjoiT1RSNVM1MUxGcWhKSGpNR0pTRnQ1dyIsIm5hbWUiOiJKIEZlcnhpaWMiLCJwaWN0dXJlIjoiaHR0cHM6Ly9saDMuZ29vZ2xldXNlcmNvbnRlbnQuY29tL2EvQUNnOG9jSWo2bmVaQUxIM21OMVd2V2tmNFNqUVRvOHBGVVV2LW5xcjNrWmRRTjBlTlM4SHhSYz1zOTYtYyIsImdpdmVuX25hbWUiOiJKIiwiZmFtaWx5X25hbWUiOiJGZXJ4aWljIiwiaWF0IjoxNzYzODIxNTUyLCJleHAiOjE3NjM4MjUxNTJ9.L11DdsI6_neNVqjvxpJV1dtWpoqYxFtpZDM32QMWKwpsBaldAEdE9dhSVvq0iKbcc3FAwTmHv-1PCxIIRZYQ3LFAHdMiAEuFSVIR1TtJOW9AvsH5N9TFRlXpTgVAYDhMZl8vBiI6GFhMJV1sn-YMr7F_Js_yfoIS8RX0KQ0XTwlIXQoc-BQySvJakYBmAjxhvgPvVbpOMu7KUKZ3aCYEQeAx2ooMg81yEB5EHtNqnEWqrFXjBWvP_6waE58uguhrAfCanVebGS8bnI9x7m2V9nm-fN2sxmlZ-flFXBXMpLMUKWcQlB-aobkA2oauoAnz31s3gILhFIoYrf12itfSpA"
}
        )

    [client] => Array
        (
            [error] => 
            [info] => Array
                (
                    [url] => https://oauth2.googleapis.com/token
                    [content_type] => application/json; charset=utf-8
                    [http_code] => 200
                    [header_size] => 478
                    [request_size] => 313
                    [filetime] => -1
                    [ssl_verify_result] => 0
                    [redirect_count] => 0
                    [total_time] => 0.275442
                    [namelookup_time] => 0.029269
                    [connect_time] => 0.069434
                    [pretransfer_time] => 0.17586
                    [size_upload] => 301
                    [size_download] => 1724
                    [speed_download] => 6259
                    [speed_upload] => 1092
                    [download_content_length] => -1
                    [upload_content_length] => 301
                    [starttransfer_time] => 0.175872
                    [redirect_time] => 0
                    [redirect_url] => 
                    [primary_ip] => 142.251.10.95
                    [certinfo] => Array
                        (
                        )

                    [primary_port] => 443
                    [local_ip] => 192.168.100.16
                    [local_port] => 29707
                    [http_version] => 3
                    [protocol] => 2
                    [ssl_verifyresult] => 0
                    [scheme] => HTTPS
                    [appconnect_time_us] => 175395
                    [connect_time_us] => 69434
                    [namelookup_time_us] => 29269
                    [pretransfer_time_us] => 175860
                    [redirect_time_us] => 0
                    [starttransfer_time_us] => 175872
                    [total_time_us] => 275442
                    [request_header] => POST /token HTTP/2
Host: oauth2.googleapis.com
user-agent: Hybridauth, PHP Social Authentication Library (https://github.com/hybridauth/hybridauth)
accept-encoding: identity
accept: */*
cache-control: max-age=0
connection: keep-alive
content-length: 301
content-type: application/x-www-form-urlencoded


                )

            [opts] => Array
                (
                    [13] => 30
                    [78] => 30
                    [64] => 
                    [81] => 
                    [19913] => 1
                    [52] => 1
                    [68] => 5
                    [2] => 1
                    [10102] => identity
                    [10018] => Hybridauth, PHP Social Authentication Library (https://github.com/hybridauth/hybridauth)
                    [47] => 1
                    [10015] => client_id=523070165573-vragqgmqssr2uos6lffbugjnstj2720a.apps.googleusercontent.com&client_secret=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&grant_type=authorization_code&redirect_uri=http%3A%2F%2Flocalhost%3A3000%2Fcallback.php&code=4%2F0Ab32j93yuycrn4r6tdGD-Lxi0mcnb_KWUHx0QCi-sxKsc43SXRC8TcTjG6-1YsglBYkf0w
                    [10002] => https://oauth2.googleapis.com/token
                    [10023] => Array
                        (
                            [0] => Accept: */*
                            [1] => Cache-Control: max-age=0
                            [2] => Connection: keep-alive
                            [3] => Expect: 
                            [4] => Pragma: 
                        )

                    [20079] => *omitted
                )

        )

)

debug -- ::1 -- 2025-11-22T14:25:53+00:00 -- Hybridauth\HttpClient\Curl::request( https://www.googleapis.com/oauth2/v3/userinfo?, GET ), response:
Array
(
    [request] => Array
        (
            [uri] => https://www.googleapis.com/oauth2/v3/userinfo
            [method] => GET
            [parameters] => Array
                (
                )

            [headers] => Array
                (
                    [Accept] => */*
                    [Cache-Control] => max-age=0
                    [Connection] => keep-alive
                    [Expect] => 
                    [Pragma] => 
                    [Authorization] => Bearer ya29.a0ATi6K2tAvrILG_pzZVvrPsuwGF_5TLa5dQq51BAAqPSRmGg22AVOQ5jBCE23uTcYfXbljv0jKU_a3nHO0fc8RKvw_NuavfzSMV5oLJjxtLzT7RZbWuYeecwn5BGZwsG54dnQGRQ4GXr9jSJ4Rz0HHMgmpkylla3DS8ntDcMxcVV8cm8bw9xd25MT02gaYUY795dNI9MaCgYKAboSARQSFQHGX2MiRVzqTDy6uexzkuMN9ZP-tw0206
                )

        )

    [response] => Array
        (
            [code] => 200
            [headers] => Array
                (
                    [pragma] => no-cache
                    [cache_control] => no-cache, no-store, max-age=0, must-revalidate
                    [date] => Sat, 22 Nov 2025 14:25:53 GMT
                    [expires] => Mon, 01 Jan 1990 00:00:00 GMT
                    [content_type] => application/json; charset=utf-8
                    [vary] => Origin,Accept-Encoding
                    [server] => ESF
                    [x_xss_protection] => 0
                    [x_frame_options] => SAMEORIGIN
                    [x_content_type_options] => nosniff
                    [alt_svc] => h3=":443"; ma=2592000,h3-29=":443"; ma=2592000
                    [accept_ranges] => none
                )

            [body] => {
  "sub": "106122593485200822987",
  "name": "J Ferxiic",
  "given_name": "J",
  "family_name": "Ferxiic",
  "picture": "https://lh3.googleusercontent.com/a/ACg8ocIj6neZALH3mN1WvWkf4SjQTo8pFUUv-nqr3kZdQN0eNS8HxRc\u003ds96-c",
  "email": "jferxiic@gmail.com",
  "email_verified": true
}
        )

    [client] => Array
        (
            [error] => 
            [info] => Array
                (
                    [url] => https://www.googleapis.com/oauth2/v3/userinfo
                    [content_type] => application/json; charset=utf-8
                    [http_code] => 200
                    [header_size] => 455
                    [request_size] => 530
                    [filetime] => -1
                    [ssl_verify_result] => 0
                    [redirect_count] => 0
                    [total_time] => 0.404844
                    [namelookup_time] => 0.08783
                    [connect_time] => 0.215561
                    [pretransfer_time] => 0.305271
                    [size_upload] => 0
                    [size_download] => 286
                    [speed_download] => 706
                    [speed_upload] => 0
                    [download_content_length] => -1
                    [upload_content_length] => 0
                    [starttransfer_time] => 0.404676
                    [redirect_time] => 0
                    [redirect_url] => 
                    [primary_ip] => 74.125.200.95
                    [certinfo] => Array
                        (
                        )

                    [primary_port] => 443
                    [local_ip] => 192.168.100.16
                    [local_port] => 29710
                    [http_version] => 3
                    [protocol] => 2
                    [ssl_verifyresult] => 0
                    [scheme] => HTTPS
                    [appconnect_time_us] => 304998
                    [connect_time_us] => 215561
                    [namelookup_time_us] => 87830
                    [pretransfer_time_us] => 305271
                    [redirect_time_us] => 0
                    [starttransfer_time_us] => 404676
                    [total_time_us] => 404844
                    [request_header] => GET /oauth2/v3/userinfo? HTTP/2
Host: www.googleapis.com
user-agent: Hybridauth, PHP Social Authentication Library (https://github.com/hybridauth/hybridauth)
accept-encoding: identity
accept: */*
cache-control: max-age=0
connection: keep-alive
authorization: Bearer ya29.a0ATi6K2tAvrILG_pzZVvrPsuwGF_5TLa5dQq51BAAqPSRmGg22AVOQ5jBCE23uTcYfXbljv0jKU_a3nHO0fc8RKvw_NuavfzSMV5oLJjxtLzT7RZbWuYeecwn5BGZwsG54dnQGRQ4GXr9jSJ4Rz0HHMgmpkylla3DS8ntDcMxcVV8cm8bw9xd25MT02gaYUY795dNI9MaCgYKAboSARQSFQHGX2MiRVzqTDy6uexzkuMN9ZP-tw0206


                )

            [opts] => Array
                (
                    [13] => 30
                    [78] => 30
                    [64] => 
                    [81] => 
                    [19913] => 1
                    [52] => 1
                    [68] => 5
                    [2] => 1
                    [10102] => identity
                    [10018] => Hybridauth, PHP Social Authentication Library (https://github.com/hybridauth/hybridauth)
                    [10002] => https://www.googleapis.com/oauth2/v3/userinfo?
                    [10023] => Array
                        (
                            [0] => Accept: */*
                            [1] => Cache-Control: max-age=0
                            [2] => Connection: keep-alive
                            [3] => Expect: 
                            [4] => Pragma: 
                            [5] => Authorization: Bearer ya29.a0ATi6K2tAvrILG_pzZVvrPsuwGF_5TLa5dQq51BAAqPSRmGg22AVOQ5jBCE23uTcYfXbljv0jKU_a3nHO0fc8RKvw_NuavfzSMV5oLJjxtLzT7RZbWuYeecwn5BGZwsG54dnQGRQ4GXr9jSJ4Rz0HHMgmpkylla3DS8ntDcMxcVV8cm8bw9xd25MT02gaYUY795dNI9MaCgYKAboSARQSFQHGX2MiRVzqTDy6uexzkuMN9ZP-tw0206
                        )

                    [20079] => *omitted
                )

        )

)

